,,link,position,decl_title,decl_link
ԿԿՀ_01,0,http://cpcarmenia.am//hy/declarations-registry/user_id=19912/,Կոռուպցիայի կանխարգելման հանձնաժողովի նախագահ,Պաշտոնատար անձի տարեկան հայտարարագիր-- (2019),http://cpcarmenia.am/hy/declarations-registry/id=58910/
ԿԿՀ_01,1,http://cpcarmenia.am//hy/declarations-registry/user_id=19912/,Կոռուպցիայի կանխարգելման հանձնաժողովի նախագահ,Պաշտոնատար անձի պաշտոնը ստանձնելու հայտարարագիր  (2019),http://cpcarmenia.am/hy/declarations-registry/id=58963/
ԿԿՀ_01,2,http://cpcarmenia.am//hy/declarations-registry/user_id=19912/,Կոռուպցիայի կանխարգելման հանձնաժողովի նախագահ,Պաշտոնատար անձի տարեկան հայտարարագիր-- (2020),http://cpcarmenia.am/hy/declarations-registry/id=75771/
ԿԿՀ_01,3,http://cpcarmenia.am//hy/declarations-registry/user_id=19912/,Կոռուպցիայի կանխարգելման հանձնաժողովի նախագահ,Պաշտոնատար անձի տարեկան հայտարարագիր--- (2021),http://cpcarmenia.am/hy/declarations-registry/id=94798/
ԿԿՀ_02,0,http://cpcarmenia.am//hy/declarations-registry/user_id=19913/,Կոռուպցիայի կանխարգելման հանձնաժողովի անդամ,Պաշտոնատար անձի պաշտոնը ստանձնելու հայտարարագիր  (2019),http://cpcarmenia.am/hy/declarations-registry/id=47248/
ԿԿՀ_02,1,http://cpcarmenia.am//hy/declarations-registry/user_id=19913/,Կոռուպցիայի կանխարգելման հանձնաժողովի անդամ,Պաշտոնատար անձի տարեկան հայտարարագիր-- (2019),http://cpcarmenia.am/hy/declarations-registry/id=47637/
ԿԿՀ_02,2,http://cpcarmenia.am//hy/declarations-registry/user_id=19913/,Կոռուպցիայի կանխարգելման հանձնաժողովի անդամ,Պաշտոնատար անձի տարեկան հայտարարագիր-- (2020),http://cpcarmenia.am/hy/declarations-registry/id=72035/
ԿԿՀ_02,3,http://cpcarmenia.am//hy/declarations-registry/user_id=19913/,Կոռուպցիայի կանխարգելման հանձնաժողովի անդամ,Պաշտոնատար անձի տարեկան հայտարարագիր--- (2021),http://cpcarmenia.am/hy/declarations-registry/id=89467/
ԿԿՀ_03,0,http://cpcarmenia.am//hy/declarations-registry/user_id=5424/,ՀՀ քննչական կոմիտեի  հատկապես կարևոր գործերի քննության գլխավոր վարչության ՀԿԳ քննիչ,Պաշտոնատար անձի պաշտոնը ստանձնելու հայտարարագիր  (2017),http://cpcarmenia.am/hy/declarations-registry/id=16979/
ԿԿՀ_03,1,http://cpcarmenia.am//hy/declarations-registry/user_id=5424/,ՀՀ քննչական կոմիտեի  հատկապես կարևոր գործերի քննության գլխավոր վարչության ՀԿԳ քննիչ,Պաշտոնատար անձի տարեկան հայտարարագիր (2017),http://cpcarmenia.am/hy/declarations-registry/id=25111/
ԿԿՀ_03,2,http://cpcarmenia.am//hy/declarations-registry/user_id=5424/,ՀՀ քննչական կոմիտեի  հատկապես կարևոր գործերի քննության գլխավոր վարչության ՀԿԳ քննիչ,Պաշտոնատար անձի պաշտոնը դադարեցնելու հայտարարագիր  (2018),http://cpcarmenia.am/hy/declarations-registry/id=32630/
ԿԿՀ_03,3,http://cpcarmenia.am//hy/declarations-registry/user_id=5424/,Կոռուպցիայի կանխարգելման հանձնաժողովի անդամ,Պաշտոնատար անձի պաշտոնը ստանձնելու հայտարարագիր  (2019),http://cpcarmenia.am/hy/declarations-registry/id=47282/
ԿԿՀ_03,4,http://cpcarmenia.am//hy/declarations-registry/user_id=5424/,Կոռուպցիայի կանխարգելման հանձնաժողովի անդամ,Պաշտոնատար անձի տարեկան հայտարարագիր-- (2019),http://cpcarmenia.am/hy/declarations-registry/id=58489/
ԿԿՀ_03,5,http://cpcarmenia.am//hy/declarations-registry/user_id=5424/,Կոռուպցիայի կանխարգելման հանձնաժողովի անդամ,Պաշտոնատար անձի տարեկան հայտարարագիր-- (2020),http://cpcarmenia.am/hy/declarations-registry/id=72891/
ԿԿՀ_03,6,http://cpcarmenia.am//hy/declarations-registry/user_id=5424/,Կոռուպցիայի կանխարգելման հանձնաժողովի անդամ,Պաշտոնատար անձի տարեկան հայտարարագիր--- (2021),http://cpcarmenia.am/hy/declarations-registry/id=97458/
ԿԿՀ_04,0,http://cpcarmenia.am//hy/declarations-registry/user_id=34790/,Կոռուպցիայի կանխարգելման հանձնաժողովի անդամ,Պաշտոնատար անձի պաշտոնեական պարտականություններն ստանձնելու հայտարարագիր--- (2021),http://cpcarmenia.am/hy/declarations-registry/id=79015/
ԿԿՀ_04,1,http://cpcarmenia.am//hy/declarations-registry/user_id=34790/,Կոռուպցիայի կանխարգելման հանձնաժողովի անդամ,Պաշտոնատար անձի տարեկան հայտարարագիր--- (2021),http://cpcarmenia.am/hy/declarations-registry/id=81095/
ԿԿՀ_05,0,http://cpcarmenia.am//hy/declarations-registry/user_id=42584/,Կոռուպցիայի կանխարգելման հանձնաժողովի գլխավոր քարտուղար,Պաշտոնատար անձի պաշտոնեական պարտականություններն ստանձնելու հայտարարագիր--- (2022),http://cpcarmenia.am/hy/declarations-registry/id=101595/
ԿԿՀ_06,0,http://cpcarmenia.am//hy/declarations-registry/user_id=42571/,Կոռուպցիայի կանխարգելման հանձնաժողովի անդամի օգնական,Պաշտոնատար անձի պաշտոնեական պարտականություններն ստանձնելու հայտարարագիր--- (2022),http://cpcarmenia.am/hy/declarations-registry/id=101539/
ԿԿՀ_07,0,http://cpcarmenia.am//hy/declarations-registry/user_id=27848/,Կոռուպցիայի կանխարգելման հանձնաժողովի անդամի օգնական,Պաշտոնատար անձի պաշտոնեական պարտականություններն ստանձնելու հայտարարագիր-- (2020),http://cpcarmenia.am/hy/declarations-registry/id=62321/
ԿԿՀ_07,1,http://cpcarmenia.am//hy/declarations-registry/user_id=27848/,Կոռուպցիայի կանխարգելման հանձնաժողովի անդամի օգնական,Պաշտոնատար անձի տարեկան հայտարարագիր-- (2020),http://cpcarmenia.am/hy/declarations-registry/id=71856/
ԿԿՀ_07,2,http://cpcarmenia.am//hy/declarations-registry/user_id=27848/,Կոռուպցիայի կանխարգելման հանձնաժողովի անդամի օգնական,Պաշտոնատար անձի տարեկան հայտարարագիր--- (2021),http://cpcarmenia.am/hy/declarations-registry/id=91088/
ԿԿՀ_08,0,http://cpcarmenia.am//hy/declarations-registry/user_id=31224/,Կոռուպցիայի կանխարգելման հանձնաժողովի նախագահի օգնական,Պաշտոնատար անձի պաշտոնեական պարտականություններն ստանձնելու հայտարարագիր-- (2021),http://cpcarmenia.am/hy/declarations-registry/id=69950/
ԿԿՀ_08,1,http://cpcarmenia.am//hy/declarations-registry/user_id=31224/,Կոռուպցիայի կանխարգելման հանձնաժողովի նախագահի օգնական,Պաշտոնատար անձի տարեկան հայտարարագիր--- (2021),http://cpcarmenia.am/hy/declarations-registry/id=82362/
ԿԿՀ_09,0,http://cpcarmenia.am//hy/declarations-registry/user_id=43916/,Կոռուպցիայի կանխարգելման հանձնաժողովի նախագահի օգնական,Պաշտոնատար անձի պաշտոնեական պարտականություններն ստանձնելու հայտարարագիր--- (2022),http://cpcarmenia.am/hy/declarations-registry/id=103137/
ՀԿ_01,0,http://cpcarmenia.am//hy/declarations-registry/user_id=38063/,ՀՀ ՀԱԿԱԿՈՌՈՒՊՑԻՈՆ ԿՈՄԻՏԵԻ ՆԱԽԱԳԱՀԻ ԽՈՐՀՐԴԱԿԱՆ,Պաշտոնատար անձի պաշտոնեական պարտականություններն ստանձնելու հայտարարագիր--- (2022),http://cpcarmenia.am/hy/declarations-registry/id=85130/
ՀԿ_02,0,http://cpcarmenia.am//hy/declarations-registry/user_id=20429/,Հատուկ քննչական ծառայության պետի  օգնական,Պաշտոնատար անձի տարեկան հայտարարագիր-- (2019),http://cpcarmenia.am/hy/declarations-registry/id=50034/
ՀԿ_02,1,http://cpcarmenia.am//hy/declarations-registry/user_id=20429/,Հատուկ քննչական ծառայության պետի  օգնական,Պաշտոնատար անձի տարեկան հայտարարագիր-- (2020),http://cpcarmenia.am/hy/declarations-registry/id=63801/
ՀԿ_02,2,http://cpcarmenia.am//hy/declarations-registry/user_id=20429/,ՀՀ ՀԱԿԱԿՈՌՈՒՊՑԻՈՆ ԿՈՄԻՏԵԻ ՆԱԽԱԳԱՀԻ ՕԳՆԱԿԱՆ,Պաշտոնատար անձի տարեկան հայտարարագիր--- (2021),http://cpcarmenia.am/hy/declarations-registry/id=87419/
ՀԿ_03,0,http://cpcarmenia.am//hy/declarations-registry/user_id=3492/,ՀՀ հատուկ քննչական ծառայության պետին առընթեր հատկապես կարևոր գործերի ավագ քննիչ,Պաշտոնատար անձի պաշտոնը ստանձնելու հայտարարագիր  (2017),http://cpcarmenia.am/hy/declarations-registry/id=16643/
ՀԿ_03,1,http://cpcarmenia.am//hy/declarations-registry/user_id=3492/,ՀՀ Հատուկ քննչական ծառայության ընդհանուր բնույթի հանցագործությունների քննության վարչության պետ,Պաշտոնատար անձի տարեկան հայտարարագիր (2017),http://cpcarmenia.am/hy/declarations-registry/id=21114/
ՀԿ_03,2,http://cpcarmenia.am//hy/declarations-registry/user_id=3492/,ՀՀ Հատուկ քննչական ծառայության ընդհանուր բնույթի հանցագործությունների քննության վարչության պետ,Պաշտոնատար անձի տարեկան հայտարարագիր (2018),http://cpcarmenia.am/hy/declarations-registry/id=42777/
ՀԿ_03,3,http://cpcarmenia.am//hy/declarations-registry/user_id=3492/,ՀՀ Հատուկ քննչական ծառայության ընդհանուր բնույթի հանցագործությունների քննության վարչության պետ,Պաշտոնատար անձի տարեկան հայտարարագիր-- (2019),http://cpcarmenia.am/hy/declarations-registry/id=54998/
ՀԿ_03,4,http://cpcarmenia.am//hy/declarations-registry/user_id=3492/,ՀՀ ՀԱԿԱԿՈՌՈՒՊՑԻՈՆ ԿՈՄԻՏԵԻ ՔՆՆՉԱԿԱՆ ԵՐԿՐՈՐԴ ՎԱՐՉՈՒԹՅԱՆ ՊԵՏ,Պաշտոնատար անձի տարեկան հայտարարագիր--- (2021),http://cpcarmenia.am/hy/declarations-registry/id=94444/
ՀԿ_03,5,http://cpcarmenia.am//hy/declarations-registry/user_id=3492/,ՀՀ Հատուկ քննչական ծառայության ընդհանուր բնույթի հանցագործությունների քննության վարչության պետ,Պաշտոնատար անձի տարեկան հայտարարագիր-- (2020),http://cpcarmenia.am/hy/declarations-registry/id=101923/
ՀԿ_04,0,http://cpcarmenia.am//hy/declarations-registry/user_id=3491/,ՀՀ հատուկ քննչական ծառայության պետին առընթեր հատկապես կարևոր գործերի ավագ քննիչ,Պաշտոնատար անձի պաշտոնը ստանձնելու հայտարարագիր  (2017),http://cpcarmenia.am/hy/declarations-registry/id=15665/
ՀԿ_04,1,http://cpcarmenia.am//hy/declarations-registry/user_id=3491/,ՀՀ հատուկ քննչական ծառայության պետին առընթեր հատկապես կարևոր գործերի ավագ քննիչ,Պաշտոնատար անձի տարեկան հայտարարագիր (2017),http://cpcarmenia.am/hy/declarations-registry/id=21548/
ՀԿ_04,2,http://cpcarmenia.am//hy/declarations-registry/user_id=3491/,ՀՀ հատուկ քննչական ծառայության պետին առընթեր հատկապես կարևոր գործերի ավագ քննիչ,Պաշտոնատար անձի տարեկան հայտարարագիր (2018),http://cpcarmenia.am/hy/declarations-registry/id=40410/
ՀԿ_04,3,http://cpcarmenia.am//hy/declarations-registry/user_id=3491/,ՀՀ հատուկ քննչական ծառայության պետին առընթեր հատկապես կարևոր գործերի ավագ քննիչ,Պաշտոնատար անձի տարեկան հայտարարագիր-- (2019),http://cpcarmenia.am/hy/declarations-registry/id=52741/
ՀԿ_04,4,http://cpcarmenia.am//hy/declarations-registry/user_id=3491/,ՀՀ հատուկ քննչական ծառայության պետին առընթեր հատկապես կարևոր գործերի ավագ քննիչ,Պաշտոնատար անձի տարեկան հայտարարագիր-- (2020),http://cpcarmenia.am/hy/declarations-registry/id=70450/
ՀԿ_04,5,http://cpcarmenia.am//hy/declarations-registry/user_id=3491/,ՀՀ ՀԱԿԱԿՈՌՈՒՊՑԻՈՆ ԿՈՄԻՏԵԻ ՆԵՐՔԻՆ ԱՆՎՏԱՆԳՈՒԹՅԱՆ ՎԱՐՉՈՒԹՅԱՆ ՀԱՏԿԱՊԵՍ ԿԱՐԵՎՈՐ ԳՈՐԾԵՐՈՎ ԱՎԱԳ ՔՆՆԻՉ,Պաշտոնատար անձի տարեկան հայտարարագիր--- (2021),http://cpcarmenia.am/hy/declarations-registry/id=91999/
ՀԿ_05,0,http://cpcarmenia.am//hy/declarations-registry/user_id=5039/,ՀՀ  քննչական կոմիտեի  զինվորական քննչական գլխավոր վարչության հատկապես կարևոր գործերի քննության վարչության ՀԿԳ  քննիչ,Պաշտոնատար անձի պաշտոնը ստանձնելու հայտարարագիր  (2017),http://cpcarmenia.am/hy/declarations-registry/id=15060/
ՀԿ_05,1,http://cpcarmenia.am//hy/declarations-registry/user_id=5039/,ՀՀ  քննչական կոմիտեի  զինվորական քննչական գլխավոր վարչության հատկապես կարևոր գործերի քննության վարչության ՀԿԳ  քննիչ,Պաշտոնատար անձի տարեկան հայտարարագիր (2017),http://cpcarmenia.am/hy/declarations-registry/id=26200/
ՀԿ_05,2,http://cpcarmenia.am//hy/declarations-registry/user_id=5039/,ՀՀ քննչական կոմիտեի զինվորական քննչական գլխավոր վարչության հատկապես կարևոր գործերի քննության վարչության պետի տեղակալ,Պաշտոնատար անձի տարեկան հայտարարագիր (2018),http://cpcarmenia.am/hy/declarations-registry/id=37515/
ՀԿ_05,3,http://cpcarmenia.am//hy/declarations-registry/user_id=5039/,ՀՀ քննչական կոմիտեի զինվորական քննչական գլխավոր վարչության հատկապես կարևոր գործերի քննության վարչության պետի տեղակալ,Պաշտոնատար անձի տարեկան հայտարարագիր-- (2019),http://cpcarmenia.am/hy/declarations-registry/id=47816/
ՀԿ_05,4,http://cpcarmenia.am//hy/declarations-registry/user_id=5039/,"ՀՀ Հատուկ քննչական ծառայության կոռուպցիոն, կազմակերպված և պաշտոնեական հանցագործությունների քննության վարչության պետի տեղակալ",Պաշտոնատար անձի տարեկան հայտարարագիր-- (2020),http://cpcarmenia.am/hy/declarations-registry/id=68329/
ՀԿ_05,5,http://cpcarmenia.am//hy/declarations-registry/user_id=5039/,ՀՀ ՀԱԿԱԿՈՌՈՒՊՑԻՈՆ ԿՈՄԻՏԵԻ ՔՆՆՉԱԿԱՆ ԵՐՐՈՐԴ ՎԱՐՉՈՒԹՅԱՆ ՊԵՏԻ ՏԵՂԱԿԱԼԻ ՊԱՇՏՈՆԱԿԱՏԱՐ,Պաշտոնատար անձի տարեկան հայտարարագիր--- (2021),http://cpcarmenia.am/hy/declarations-registry/id=84760/
ՀԿ_06,0,http://cpcarmenia.am//hy/declarations-registry/user_id=4726/,ՀՀ քննչական կոմիտեի Սյունիքի մարզային քննչական վարչության ՀԿԳ քննիչ,Պաշտոնատար անձի պաշտոնը ստանձնելու հայտարարագիր  (2017),http://cpcarmenia.am/hy/declarations-registry/id=18152/
ՀԿ_06,1,http://cpcarmenia.am//hy/declarations-registry/user_id=4726/,ՀՀ քննչական կոմիտեի Սյունիքի մարզային քննչական վարչության ՀԿԳ քննիչ,Պաշտոնատար անձի տարեկան հայտարարագիր (2017),http://cpcarmenia.am/hy/declarations-registry/id=25444/
ՀԿ_06,2,http://cpcarmenia.am//hy/declarations-registry/user_id=4726/,ՀՀ քննչական կոմիտեի Սյունիքի մարզային քննչական վարչության Գորիսի քննչական բաժնի պետի տեղակալ,Պաշտոնատար անձի տարեկան հայտարարագիր (2018),http://cpcarmenia.am/hy/declarations-registry/id=41283/
ՀԿ_06,3,http://cpcarmenia.am//hy/declarations-registry/user_id=4726/,ՀՀ քննչական կոմիտեի Սյունիքի մարզային քննչական վարչության Գորիսի բաժնի պետի տեղակալ,Պաշտոնատար անձի տարեկան հայտարարագիր-- (2019),http://cpcarmenia.am/hy/declarations-registry/id=58211/
ՀԿ_06,4,http://cpcarmenia.am//hy/declarations-registry/user_id=4726/,"Հատուկ քննչական ծառայության կոռուպցիոն,կազմակերպված և պաշտոնեական հանցագործությունների քննության վարչության հատկապես կարևոր գործերի ավագ քննիչ",Պաշտոնատար անձի տարեկան հայտարարագիր-- (2020),http://cpcarmenia.am/hy/declarations-registry/id=72730/
ՀԿ_06,5,http://cpcarmenia.am//hy/declarations-registry/user_id=4726/,ՀՀ ՀԱԿԱԿՈՌՈՒՊՑԻՈՆ ԿՈՄԻՏԵԻ ՔՆՆՉԱԿԱՆ ԵՐՐՈՐԴ ՎԱՐՉՈՒԹՅԱՆ ՀԱՏԿԱՊԵՍ ԿԱՐԵՎՈՐ ԳՈՐԾԵՐՈՎ ԱՎԱԳ ՔՆՆԻՉ,Պաշտոնատար անձի տարեկան հայտարարագիր--- (2021),http://cpcarmenia.am/hy/declarations-registry/id=90380/
ՀԿ_07,0,http://cpcarmenia.am//hy/declarations-registry/user_id=5659/,ՀՀ քննչական կոմիտեի Երևան քաղաքի քննչական վարչության Երևան քաղաքի Կենտրոն և Նորք-Մարաշ վարչական շրջանների քննչական բաժնի ավագ քննիչ,Պաշտոնատար անձի պաշտոնը ստանձնելու հայտարարագիր  (2017),http://cpcarmenia.am/hy/declarations-registry/id=17020/
ՀԿ_07,1,http://cpcarmenia.am//hy/declarations-registry/user_id=5659/,ՀՀ քննչական կոմիտեի Երևան քաղաքի քննչական վարչության Երևան քաղաքի Կենտրոն և Նորք-Մարաշ վարչական շրջանների քննչական բաժնի ավագ քննիչ,Պաշտոնատար անձի տարեկան հայտարարագիր (2017),http://cpcarmenia.am/hy/declarations-registry/id=27695/
ՀԿ_07,2,http://cpcarmenia.am//hy/declarations-registry/user_id=5659/,ՀՀ քննչական կոմիտեի հատկապես կարևոր գործերի քննության գլխավոր վարչության ընդհանուր բնույթի և ընտրական հանցագործությունների քննության վարչության ՀԿԳ ավագ քննիչ,Պաշտոնատար անձի տարեկան հայտարարագիր (2018),http://cpcarmenia.am/hy/declarations-registry/id=36179/
ՀԿ_07,3,http://cpcarmenia.am//hy/declarations-registry/user_id=5659/,ՀՀ քննչական կոմիտեի հատկապես կարևոր գործերի քննության գլխավոր վարչության ընդհանուր բնույթի և ընտրական հանցագործությունների քննության վարչության ՀԿԳ ավագ քննիչ,Պաշտոնատար անձի տարեկան հայտարարագիր-- (2019),http://cpcarmenia.am/hy/declarations-registry/id=48463/
ՀԿ_07,4,http://cpcarmenia.am//hy/declarations-registry/user_id=5659/,ՀՀ քննչական կոմիտեի հատկապես կարևոր գործերի քննության գլխավոր վարչության ընդհանուր բնույթի և ընտրական հանցագործությունների  քննության վարչության պետի տեղակալ (ՀԿԳ ավագ քննիչ),Պաշտոնատար անձի տարեկան հայտարարագիր-- (2020),http://cpcarmenia.am/hy/declarations-registry/id=65022/
ՀԿ_07,5,http://cpcarmenia.am//hy/declarations-registry/user_id=5659/,ՀՀ ՀԱԿԱԿՈՌՈՒՊՑԻՈՆ ԿՈՄԻՏԵԻ ՔՆՆՉԱԿԱՆ ԵՐՐՈՐԴ ՎԱՐՉՈՒԹՅԱՆ ՀԱՏԿԱՊԵՍ ԿԱՐԵՎՈՐ ԳՈՐԾԵՐՈՎ ՔՆՆԻՉ,Պաշտոնատար անձի տարեկան հայտարարագիր--- (2021),http://cpcarmenia.am/hy/declarations-registry/id=91723/
ՀԿ_08,0,http://cpcarmenia.am//hy/declarations-registry/user_id=13100/,ՀՀ քննչական կոմիտեի Արարատի մարզային քննչական վարչության Վեդիի քննչական բաժնի քննիչ,Պաշտոնատար անձի տարեկան հայտարարագիր (2017),http://cpcarmenia.am/hy/declarations-registry/id=29625/
ՀԿ_08,1,http://cpcarmenia.am//hy/declarations-registry/user_id=13100/,ՀՀ ՀԱԿԱԿՈՌՈՒՊՑԻՈՆ ԿՈՄԻՏԵԻ ՔՆՆՉԱԿԱՆ ԵՐՐՈՐԴ ՎԱՐՉՈՒԹՅԱՆ ՀԱՏԿԱՊԵՍ ԿԱՐԵՎՈՐ ԳՈՐԾԵՐՈՎ ՔՆՆԻՉ,Պաշտոնատար անձի պաշտոնեական պարտականություններն ստանձնելու հայտարարագիր--- (2022),http://cpcarmenia.am/hy/declarations-registry/id=101750/
ՀԿ_08,2,http://cpcarmenia.am//hy/declarations-registry/user_id=13100/,ՀՀ քննչական կոմիտեի Արարատի մարզային քննչական վարչության Վեդիի քննչական բաժնի քննիչ,Պաշտոնատար անձի պաշտոնը ստանձնելու հայտարարագիր  (2017),http://cpcarmenia.am/hy/declarations-registry/id=102120/
ՀԿ_08,3,http://cpcarmenia.am//hy/declarations-registry/user_id=13100/,ՀՀ քննչական կոմիտեի Արարատի մարզային քննչական վարչության Վեդիի քննչական բաժնի քննիչ,Պաշտոնատար անձի տարեկան հայտարարագիր (2018),http://cpcarmenia.am/hy/declarations-registry/id=102121/
ՀԿ_08,4,http://cpcarmenia.am//hy/declarations-registry/user_id=13100/,ՀՀ քննչական կոմիտեի Արարատի մարզային քննչական վարչության ավագ  քննիչ,Պաշտոնատար անձի տարեկան հայտարարագիր-- (2019),http://cpcarmenia.am/hy/declarations-registry/id=102123/
ՀԿ_08,5,http://cpcarmenia.am//hy/declarations-registry/user_id=13100/,ՀՀ քննչական կոմիտեի Արարատի մարզային քննչական վարչության ավագ  քննիչ,Պաշտոնատար անձի տարեկան հայտարարագիր-- (2020),http://cpcarmenia.am/hy/declarations-registry/id=102124/
ՀԿ_08,6,http://cpcarmenia.am//hy/declarations-registry/user_id=13100/,ՀՀ քննչական կոմիտեի զինվորական քննչական գլխավոր վարչության երրորդ կայազորային քննչական բաժնի ՀԿԳ քննիչ,Պաշտոնատար անձի պաշտոնեական պարտականություններն դադարեցնելու հայտարարագիր-- (2021),http://cpcarmenia.am/hy/declarations-registry/id=102125/
ՀԿ_09,0,http://cpcarmenia.am//hy/declarations-registry/user_id=3501/,ՀՀ հատուկ քննչական ծառայության խոշտանգումների և մարդու դեմ ուղղված հանցագործությունների քննության վարչության հատկապես կարևոր գործերի ավագ քննիչ,Պաշտոնատար անձի պաշտոնը ստանձնելու հայտարարագիր  (2017),http://cpcarmenia.am/hy/declarations-registry/id=16113/
ՀԿ_09,1,http://cpcarmenia.am//hy/declarations-registry/user_id=3501/,ՀՀ հատուկ քննչական ծառայության խոշտանգումների և մարդու դեմ ուղղված հանցագործությունների քննության վարչության հատկապես կարևոր գործերի ավագ քննիչ,Պաշտոնատար անձի տարեկան հայտարարագիր (2017),http://cpcarmenia.am/hy/declarations-registry/id=26570/
ՀԿ_09,2,http://cpcarmenia.am//hy/declarations-registry/user_id=3501/,Հատուկ քննչական ծառայության պետին առընթեր հատկապես կարևոր գործերի ավագ քննիչ,Պաշտոնատար անձի տարեկան հայտարարագիր (2018),http://cpcarmenia.am/hy/declarations-registry/id=39992/
ՀԿ_09,3,http://cpcarmenia.am//hy/declarations-registry/user_id=3501/,Հատուկ քննչական ծառայության պետին առընթեր հատկապես կարևոր գործերի ավագ քննիչ,Պաշտոնատար անձի տարեկան հայտարարագիր-- (2019),http://cpcarmenia.am/hy/declarations-registry/id=48804/
ՀԿ_09,4,http://cpcarmenia.am//hy/declarations-registry/user_id=3501/,Հատուկ քննչական ծառայության պետին առընթեր հատկապես կարևոր գործերի ավագ քննիչ,Պաշտոնատար անձի տարեկան հայտարարագիր-- (2020),http://cpcarmenia.am/hy/declarations-registry/id=73078/
ՀԿ_09,5,http://cpcarmenia.am//hy/declarations-registry/user_id=3501/,ՀՀ ՀԱԿԱԿՈՌՈՒՊՑԻՈՆ ԿՈՄԻՏԵԻ ՆԵՐՔԻՆ ԱՆՎՏԱՆԳՈՒԹՅԱՆ ՎԱՐՉՈՒԹՅԱՆ ՀԱՏԿԱՊԵՍ ԿԱՐԵՎՈՐ ԳՈՐԾԵՐՈՎ ԱՎԱԳ ՔՆՆԻՉ,Պաշտոնատար անձի տարեկան հայտարարագիր--- (2021),http://cpcarmenia.am/hy/declarations-registry/id=96363/
ՀԿ_10,0,http://cpcarmenia.am//hy/declarations-registry/user_id=42610/,ՀՀ ՀԱԿԱԿՈՌՈՒՊՑԻՈՆ ԿՈՄԻՏԵԻ ՆԵՐՔԻՆ ԱՆՎՏԱՆԳՈՒԹՅԱՆ ՎԱՐՉՈՒԹՅԱՆ ԱՎԱԳ ՔՆՆԻՉ,Պաշտոնատար անձի պաշտոնեական պարտականություններն ստանձնելու հայտարարագիր--- (2022),http://cpcarmenia.am/hy/declarations-registry/id=102008/
ՀԿ_11,0,http://cpcarmenia.am//hy/declarations-registry/user_id=15430/,ՀՀ ԿԱ ՊԵԿ Օպերատիվ հետախուզության վարչության 7-րդ բաժնի պետ,Պաշտոնատար անձի պաշտոնը ստանձնելու հայտարարագիր  (2018),http://cpcarmenia.am/hy/declarations-registry/id=32772/
ՀԿ_11,1,http://cpcarmenia.am//hy/declarations-registry/user_id=15430/,ՀՀ ՊԵԿ օպերատիվ հետախուզության վարչության ոլորտային թիվ 6 բաժնի պետ,Պաշտոնատար անձի տարեկան հայտարարագիր (2018),http://cpcarmenia.am/hy/declarations-registry/id=39560/
ՀԿ_11,2,http://cpcarmenia.am//hy/declarations-registry/user_id=15430/,ՀՀ ՊԵԿ հետաքննության և օպերատիվ-հետախուզության վարչության թիվ 1 /Երևան քաղաքի/ բաժնի պետի տեղակալ,Պաշտոնատար անձի պաշտոնեական պարտականություններն դադարեցնելու հայտարարագիր-- (2020),http://cpcarmenia.am/hy/declarations-registry/id=56673/
ՀԿ_11,3,http://cpcarmenia.am//hy/declarations-registry/user_id=15430/,ՀՀ ՊԵԿ հետաքննության և օպերատիվ-հետախուզության վարչության թիվ 1 /Երևան քաղաքի/ բաժնի պետի տեղակալ,Պաշտոնատար անձի տարեկան հայտարարագիր-- (2019),http://cpcarmenia.am/hy/declarations-registry/id=56734/
ՀԿ_11,4,http://cpcarmenia.am//hy/declarations-registry/user_id=15430/,ՀՀ հատուկ քննչական ծառայության գլխավոր քարտուղար,Պաշտոնատար անձի պաշտոնեական պարտականություններն ստանձնելու հայտարարագիր-- (2020),http://cpcarmenia.am/hy/declarations-registry/id=62066/
ՀԿ_11,5,http://cpcarmenia.am//hy/declarations-registry/user_id=15430/,ՀՀ հատուկ քննչական ծառայության գլխավոր քարտուղար,Պաշտոնատար անձի տարեկան հայտարարագիր-- (2020),http://cpcarmenia.am/hy/declarations-registry/id=72059/
ՀԿ_11,6,http://cpcarmenia.am//hy/declarations-registry/user_id=15430/,ՀՀ ՀԱԿԱԿՈՌՈՒՊՑԻՈՆ ԿՈՄԻՏԵԻ ԳԼԽԱՎՈՐ ՔԱՐՏՈՒՂԱՐ,Պաշտոնատար անձի տարեկան հայտարարագիր--- (2021),http://cpcarmenia.am/hy/declarations-registry/id=90126/
ՀԿ_12,0,http://cpcarmenia.am//hy/declarations-registry/user_id=20428/,Հատուկ քննչական ծառայության պետի ավագ օգնական,Պաշտոնատար անձի տարեկան հայտարարագիր-- (2019),http://cpcarmenia.am/hy/declarations-registry/id=49841/
ՀԿ_12,1,http://cpcarmenia.am//hy/declarations-registry/user_id=20428/,Հատուկ քննչական ծառայության պետի ավագ օգնական,Պաշտոնատար անձի տարեկան հայտարարագիր-- (2020),http://cpcarmenia.am/hy/declarations-registry/id=63502/
ՀԿ_12,2,http://cpcarmenia.am//hy/declarations-registry/user_id=20428/,ՀՀ ՀԱԿԱԿՈՌՈՒՊՑԻՈՆ ԿՈՄԻՏԵԻ ՆԱԽԱԳԱՀԻ ՕԳՆԱԿԱՆ,Պաշտոնատար անձի տարեկան հայտարարագիր--- (2021),http://cpcarmenia.am/hy/declarations-registry/id=87295/
ՀԿ_13,0,http://cpcarmenia.am//hy/declarations-registry/user_id=5497/,ՀՀ քննչական կոմիտեի տարածքային քննչական վարչությունների գործունեության վերահսկողության գլխավոր վարչության պետի տեղակալ,Պաշտոնատար անձի պաշտոնը ստանձնելու հայտարարագիր  (2017),http://cpcarmenia.am/hy/declarations-registry/id=15737/
ՀԿ_13,1,http://cpcarmenia.am//hy/declarations-registry/user_id=5497/,ՀՀ քննչական կոմիտեի տարածքային քննչական վարչությունների գործունեության վերահսկողության գլխավոր վարչության պետի տեղակալ,Պաշտոնատար անձի տարեկան հայտարարագիր (2017),http://cpcarmenia.am/hy/declarations-registry/id=24336/
ՀԿ_13,2,http://cpcarmenia.am//hy/declarations-registry/user_id=5497/,ՀՀ ԱԱԾ քննչական դեպարտամենտի պետի տեղակալ,Պաշտոնատար անձի տարեկան հայտարարագիր (2018),http://cpcarmenia.am/hy/declarations-registry/id=34807/
ՀԿ_13,3,http://cpcarmenia.am//hy/declarations-registry/user_id=5497/,ՀՀ ԱԱԾ քննչական դեպարտամենտի պետի տեղակալ,Պաշտոնատար անձի տարեկան հայտարարագիր-- (2019),http://cpcarmenia.am/hy/declarations-registry/id=47985/
ՀԿ_13,4,http://cpcarmenia.am//hy/declarations-registry/user_id=5497/,ՀՀ արդարադատության նախարարության քրեակատարողական ծառայության պետի տեղակալ,Պաշտոնատար անձի տարեկան հայտարարագիր-- (2020),http://cpcarmenia.am/hy/declarations-registry/id=64872/
ՀԿ_13,5,http://cpcarmenia.am//hy/declarations-registry/user_id=5497/,ՀՀ արդարադատության նախարարության քրեակատարողական ծառայության պետի տեղակալ,Պաշտոնատար անձի պաշտոնեական պարտականությունները դադարեցնելու հայտարարագիր--- (2021),http://cpcarmenia.am/hy/declarations-registry/id=80083/
ՀԿ_13,6,http://cpcarmenia.am//hy/declarations-registry/user_id=5497/,ՀՀ ՀԱԿԱԿՈՌՈՒՊՑԻՈՆ ԿՈՄԻՏԵԻ ՆԱԽԱԳԱՀԻ ՏԵՂԱԿԱԼԻ ՕԳՆԱԿԱՆ,Պաշտոնատար անձի պաշտոնեական պարտականություններն ստանձնելու հայտարարագիր--- (2022),http://cpcarmenia.am/hy/declarations-registry/id=89082/
ՀԿ_14,0,http://cpcarmenia.am//hy/declarations-registry/user_id=4156/,ՀՀ ԿԱ ոստիկանության Երևան քաղաքի վարչության պետի տեղակալ օպերատիվ գծով,Պաշտոնատար անձի պաշտոնը ստանձնելու հայտարարագիր  (2017),http://cpcarmenia.am/hy/declarations-registry/id=15569/
ՀԿ_14,1,http://cpcarmenia.am//hy/declarations-registry/user_id=4156/,ՀՀ ԿԱ ոստիկանության Երևան քաղաքի վարչության պետի տեղակալ օպերատիվ գծով,Պաշտոնատար անձի տարեկան հայտարարագիր (2017),http://cpcarmenia.am/hy/declarations-registry/id=22211/
ՀԿ_14,2,http://cpcarmenia.am//hy/declarations-registry/user_id=4156/,ՀՀ ԿԱ ոստիկանության Երևան քաղաքի վարչության պետ,Պաշտոնատար անձի պաշտոնը դադարեցնելու հայտարարագիր  (2018),http://cpcarmenia.am/hy/declarations-registry/id=32659/
ՀԿ_14,3,http://cpcarmenia.am//hy/declarations-registry/user_id=4156/,ՀՀ ՀԱԿԱԿՈՌՈՒՊՑԻՈՆ ԿՈՄԻՏԵԻ ՆԱԽԱԳԱՀԻ ՏԵՂԱԿԱԼԻ ՕԳՆԱԿԱՆ,Պաշտոնատար անձի պաշտոնեական պարտականություններն ստանձնելու հայտարարագիր--- (2022),http://cpcarmenia.am/hy/declarations-registry/id=100768/
ՀԿ_15,0,http://cpcarmenia.am//hy/declarations-registry/user_id=4852/,ՀՀ քննչական կոմիտեի Գեղարքունիքի մարզային  քննչական վարչության Վարդենիսի  քննչական բաժնի  պետ,Պաշտոնատար անձի պաշտոնը ստանձնելու հայտարարագիր  (2017),http://cpcarmenia.am/hy/declarations-registry/id=15579/
ՀԿ_15,1,http://cpcarmenia.am//hy/declarations-registry/user_id=4852/,ՀՀ հատուկ քննչական ծառայության ընդհանուր բնույթի հանցագործությունների քննության վարչության հատկապես կարևոր գործերի  քննիչ,Պաշտոնատար անձի պաշտոնը ստանձնելու հայտարարագիր  (2017),http://cpcarmenia.am/hy/declarations-registry/id=18354/
ՀԿ_15,2,http://cpcarmenia.am//hy/declarations-registry/user_id=4852/,ՀՀ հատուկ քննչական ծառայության ընդհանուր բնույթի հանցագործությունների քննության վարչության հատկապես կարևոր գործերի  քննիչ,Պաշտոնատար անձի տարեկան հայտարարագիր (2017),http://cpcarmenia.am/hy/declarations-registry/id=21307/
ՀԿ_15,3,http://cpcarmenia.am//hy/declarations-registry/user_id=4852/,ՀՀ հատուկ քննչական ծառայության ընդհանուր բնույթի հանցագործությունների քննության վարչության հատկապես կարևոր գործերի ավագ քննիչ,Պաշտոնատար անձի տարեկան հայտարարագիր (2018),http://cpcarmenia.am/hy/declarations-registry/id=39598/
ՀԿ_15,4,http://cpcarmenia.am//hy/declarations-registry/user_id=4852/,ՀՀ հատուկ քննչական ծառայության ընդհանուր բնույթի հանցագործությունների քննության վարչության հատկապես կարևոր գործերի ավագ քննիչ,Պաշտոնատար անձի տարեկան հայտարարագիր-- (2019),http://cpcarmenia.am/hy/declarations-registry/id=49078/
ՀԿ_15,5,http://cpcarmenia.am//hy/declarations-registry/user_id=4852/,ՀՀ Հատուկ քննչական ծառայության խոշտանգումների և մարդու դեմ ուղղված հանցագործությունների քննության վարչության պետի տեղակալ,Պաշտոնատար անձի տարեկան հայտարարագիր-- (2020),http://cpcarmenia.am/hy/declarations-registry/id=71125/
ՀԿ_15,6,http://cpcarmenia.am//hy/declarations-registry/user_id=4852/,ՀՀ ՀԱԿԱԿՈՌՈՒՊՑԻՈՆ ԿՈՄԻՏԵԻ ՔՆՆՉԱԿԱՆ ԱՌԱՋԻՆ ՎԱՐՉՈՒԹՅԱՆ ՊԵՏԻ ՏԵՂԱԿԱԼ,Պաշտոնատար անձի տարեկան հայտարարագիր--- (2021),http://cpcarmenia.am/hy/declarations-registry/id=89617/
ՀԿ_16,0,http://cpcarmenia.am//hy/declarations-registry/user_id=5440/,ՀՀ քննչական կոմիտեի  հատկապես կարևոր գործերի քննության գլխավոր վարչության ՀԿԳ ավագ քննիչ,Պաշտոնատար անձի պաշտոնը ստանձնելու հայտարարագիր  (2017),http://cpcarmenia.am/hy/declarations-registry/id=16752/
ՀԿ_16,1,http://cpcarmenia.am//hy/declarations-registry/user_id=5440/,ՀՀ քննչական կոմիտեի  հատկապես կարևոր գործերի քննության գլխավոր վարչության ՀԿԳ ավագ քննիչ,Պաշտոնատար անձի տարեկան հայտարարագիր (2017),http://cpcarmenia.am/hy/declarations-registry/id=27726/
ՀԿ_16,2,http://cpcarmenia.am//hy/declarations-registry/user_id=5440/,ՀՀ քննչական կոմիտեի հատկապես կարևոր գործերի քննության գլխավոր վարչության ընդհանուր բնույթի և ընտրական հանցագործությունների քննության վարչության պետի տեղակալ /ՀԿԳ ավագ քննիչ/,Պաշտոնատար անձի տարեկան հայտարարագիր (2018),http://cpcarmenia.am/hy/declarations-registry/id=44794/
ՀԿ_16,3,http://cpcarmenia.am//hy/declarations-registry/user_id=5440/,ՀՀ հատուկ քննչական ծառայության ընդհանուր բնույթի հանցագործությունների քննության վարչության հատկապես կարևոր գործերի ավագ քննիչ,Պաշտոնատար անձի տարեկան հայտարարագիր-- (2019),http://cpcarmenia.am/hy/declarations-registry/id=56826/
ՀԿ_16,4,http://cpcarmenia.am//hy/declarations-registry/user_id=5440/,ՀՀ հատուկ քննչական ծառայության խոշտանգումների և մարդու դեմ ուղղված հանցագործությունների քննության վարչության հատկապես կարևոր գործերի ավագ քննիչ,Պաշտոնատար անձի տարեկան հայտարարագիր-- (2020),http://cpcarmenia.am/hy/declarations-registry/id=73273/
ՀԿ_16,5,http://cpcarmenia.am//hy/declarations-registry/user_id=5440/,ՀՀ ՀԱԿԱԿՈՌՈՒՊՑԻՈՆ ԿՈՄԻՏԵԻ ՔՆՆՉԱԿԱՆ ԱՌԱՋԻՆ ՎԱՐՉՈՒԹՅԱՆ ՀԱՏԿԱՊԵՍ ԿԱՐԵՎՈՐ ԳՈՐԾԵՐՈՎ ԱՎԱԳ ՔՆՆԻՉ,Պաշտոնատար անձի տարեկան հայտարարագիր--- (2021),http://cpcarmenia.am/hy/declarations-registry/id=95193/
ՀԿ_17,0,http://cpcarmenia.am//hy/declarations-registry/user_id=3499/,ՀՀ հատուկ քննչական ծառայության ընդհանուր բնույթի հանցագործությունների քննության վարչության հատկապես կարևոր գործերի ավագ քննիչ,Պաշտոնատար անձի պաշտոնը ստանձնելու հայտարարագիր  (2017),http://cpcarmenia.am/hy/declarations-registry/id=15624/
ՀԿ_17,1,http://cpcarmenia.am//hy/declarations-registry/user_id=3499/,ՀՀ հատուկ քննչական ծառայության ընդհանուր բնույթի հանցագործությունների քննության վարչության հատկապես կարևոր գործերի ավագ քննիչ,Պաշտոնատար անձի տարեկան հայտարարագիր (2017),http://cpcarmenia.am/hy/declarations-registry/id=22563/
ՀԿ_17,2,http://cpcarmenia.am//hy/declarations-registry/user_id=3499/,ՀՀ Հատուկ քննչական ծառայության ընդհանուր բնույթի հանցագործությունների քննության վարչության պետի տեղակալ,Պաշտոնատար անձի տարեկան հայտարարագիր (2018),http://cpcarmenia.am/hy/declarations-registry/id=43326/
ՀԿ_17,3,http://cpcarmenia.am//hy/declarations-registry/user_id=3499/,ՀՀ Հատուկ քննչական ծառայության ընդհանուր բնույթի հանցագործությունների քննության վարչության պետի տեղակալ,Պաշտոնատար անձի տարեկան հայտարարագիր-- (2019),http://cpcarmenia.am/hy/declarations-registry/id=55364/
ՀԿ_17,4,http://cpcarmenia.am//hy/declarations-registry/user_id=3499/,ՀՀ Հատուկ քննչական ծառայության ընդհանուր բնույթի հանցագործությունների քննության վարչության պետի տեղակալ,Պաշտոնատար անձի տարեկան հայտարարագիր-- (2020),http://cpcarmenia.am/hy/declarations-registry/id=72954/
ՀԿ_17,5,http://cpcarmenia.am//hy/declarations-registry/user_id=3499/,ՀՀ ՀԱԿԱԿՈՌՈՒՊՑԻՈՆ ԿՈՄԻՏԵԻ ՔՆՆՉԱԿԱՆ ԵՐԿՐՈՐԴ ՎԱՐՉՈՒԹՅԱՆ ՊԵՏԻ ՏԵՂԱԿԱԼ,Պաշտոնատար անձի տարեկան հայտարարագիր--- (2021),http://cpcarmenia.am/hy/declarations-registry/id=92459/
ՀԿ_18,0,http://cpcarmenia.am//hy/declarations-registry/user_id=5421/,ՀՀ քննչական կոմիտեի  հատկապես կարևոր գործերի քննության գլխավոր վարչության ՀԿԳ քննիչ,Պաշտոնատար անձի պաշտոնը ստանձնելու հայտարարագիր  (2017),http://cpcarmenia.am/hy/declarations-registry/id=17250/
ՀԿ_18,1,http://cpcarmenia.am//hy/declarations-registry/user_id=5421/,ՀՀ քննչական կոմիտեի  հատկապես կարևոր գործերի քննության գլխավոր վարչության ՀԿԳ քննիչ,Պաշտոնատար անձի տարեկան հայտարարագիր (2017),http://cpcarmenia.am/hy/declarations-registry/id=24951/
ՀԿ_18,2,http://cpcarmenia.am//hy/declarations-registry/user_id=5421/,ՀՀ հատուկ քննչական ծառայության ընդհանուր բնույթի հանցագործությունների քննության վարչության հատկապես կարևոր գործերի ավագ քննիչ,Պաշտոնատար անձի տարեկան հայտարարագիր (2018),http://cpcarmenia.am/hy/declarations-registry/id=42670/
ՀԿ_18,3,http://cpcarmenia.am//hy/declarations-registry/user_id=5421/,ՀՀ հատուկ քննչական ծառայության ընդհանուր բնույթի հանցագործությունների քննության վարչության հատկապես կարևոր գործերի ավագ քննիչ,Պաշտոնատար անձի տարեկան հայտարարագիր-- (2019),http://cpcarmenia.am/hy/declarations-registry/id=58881/
ՀԿ_18,4,http://cpcarmenia.am//hy/declarations-registry/user_id=5421/,ՀՀ հատուկ քննչական ծառայության ընդհանուր բնույթի հանցագործությունների քննության վարչության հատկապես կարևոր գործերի ավագ քննիչ,Պաշտոնատար անձի տարեկան հայտարարագիր-- (2020),http://cpcarmenia.am/hy/declarations-registry/id=70747/
ՀԿ_18,5,http://cpcarmenia.am//hy/declarations-registry/user_id=5421/,ՀՀ ՀԱԿԱԿՈՌՈՒՊՑԻՈՆ ԿՈՄԻՏԵԻ ՔՆՆՉԱԿԱՆ ԵՐԿՐՈՐԴ ՎԱՐՉՈՒԹՅԱՆ ՀԱՏԿԱՊԵՍ ԿԱՐԵՎՈՐ ԳՈՐԾԵՐՈՎ ԱՎԱԳ ՔՆՆԻՉ,Պաշտոնատար անձի տարեկան հայտարարագիր--- (2021),http://cpcarmenia.am/hy/declarations-registry/id=90517/
ՀԿ_19,0,http://cpcarmenia.am//hy/declarations-registry/user_id=5704/,ՀՀ քննչական կոմիտեի Երևան քաղաքի քննչական վարչության ՀԿԳ քննիչ,Պաշտոնատար անձի պաշտոնը ստանձնելու հայտարարագիր  (2017),http://cpcarmenia.am/hy/declarations-registry/id=16110/
ՀԿ_19,1,http://cpcarmenia.am//hy/declarations-registry/user_id=5704/,ՀՀ քննչական կոմիտեի Երևան քաղաքի քննչական վարչության ՀԿԳ քննիչ,Պաշտոնատար անձի տարեկան հայտարարագիր (2017),http://cpcarmenia.am/hy/declarations-registry/id=22473/
ՀԿ_19,2,http://cpcarmenia.am//hy/declarations-registry/user_id=5704/,ՀՀ քննչական կոմիտեի Երևան քաղաքի քննչական վարչության ծանր հանցագործությունների քննության բաժնի ՀԿԳ ավագ քննիչ,Պաշտոնատար անձի տարեկան հայտարարագիր (2018),http://cpcarmenia.am/hy/declarations-registry/id=35930/
ՀԿ_19,3,http://cpcarmenia.am//hy/declarations-registry/user_id=5704/,ՀՀ հատուկ քննչական ծառայության խոշտանգումների և մարդու դեմ ուղղված հանցագործությունների քննության վարչության հատկապես կարևոր գործերի քննիչ,Պաշտոնատար անձի տարեկան հայտարարագիր-- (2019),http://cpcarmenia.am/hy/declarations-registry/id=53549/
ՀԿ_19,4,http://cpcarmenia.am//hy/declarations-registry/user_id=5704/,ՀՀ հատուկ քննչական ծառայության խոշտանգումների և մարդու դեմ ուղղված հանցագործությունների քննության վարչության ՀԿԳ ավագ քննիչ,Պաշտոնատար անձի տարեկան հայտարարագիր-- (2020),http://cpcarmenia.am/hy/declarations-registry/id=68549/
ՀԿ_19,5,http://cpcarmenia.am//hy/declarations-registry/user_id=5704/,ՀՀ ՀԱԿԱԿՈՌՈՒՊՑԻՈՆ ԿՈՄԻՏԵԻ ՔՆՆՉԱԿԱՆ ԵՐՐՈՐԴ ՎԱՐՉՈՒԹՅԱՆ ՀԱՏԿԱՊԵՍ ԿԱՐԵՎՈՐ ԳՈՐԾԵՐՈՎ ԱՎԱԳ ՔՆՆԻՉ,Պաշտոնատար անձի տարեկան հայտարարագիր--- (2021),http://cpcarmenia.am/hy/declarations-registry/id=87919/
ՀԿ_20,0,http://cpcarmenia.am//hy/declarations-registry/user_id=3493/,ՀՀ հատուկ քննչական ծառայության պետին առընթեր հատկապես կարևոր գործերի ավագ քննիչ,Պաշտոնատար անձի պաշտոնը ստանձնելու հայտարարագիր  (2017),http://cpcarmenia.am/hy/declarations-registry/id=16375/
ՀԿ_20,1,http://cpcarmenia.am//hy/declarations-registry/user_id=3493/,ՀՀ հատուկ քննչական ծառայության պետին առընթեր հատկապես կարևոր գործերի ավագ քննիչ,Պաշտոնատար անձի տարեկան հայտարարագիր (2017),http://cpcarmenia.am/hy/declarations-registry/id=20465/
ՀԿ_20,2,http://cpcarmenia.am//hy/declarations-registry/user_id=3493/,ՀՀ հատուկ քննչական ծառայության պետին առընթեր հատկապես կարևոր գործերի ավագ քննիչ,Պաշտոնատար անձի տարեկան հայտարարագիր (2018),http://cpcarmenia.am/hy/declarations-registry/id=37339/
ՀԿ_20,3,http://cpcarmenia.am//hy/declarations-registry/user_id=3493/,ՀՀ հատուկ քննչական ծառայության պետին առընթեր հատկապես կարևոր գործերի ավագ քննիչ,Պաշտոնատար անձի տարեկան հայտարարագիր-- (2019),http://cpcarmenia.am/hy/declarations-registry/id=48083/
ՀԿ_20,4,http://cpcarmenia.am//hy/declarations-registry/user_id=3493/,ՀՀ հատուկ քննչական ծառայության պետին առընթեր հատկապես կարևոր գործերի ավագ քննիչ,Պաշտոնատար անձի տարեկան հայտարարագիր-- (2020),http://cpcarmenia.am/hy/declarations-registry/id=64207/
ՀԿ_20,5,http://cpcarmenia.am//hy/declarations-registry/user_id=3493/,ՀՀ ՀԱԿԱԿՈՌՈՒՊՑԻՈՆ ԿՈՄԻՏԵԻ ՆԵՐՔԻՆ ԱՆՎՏԱՆԳՈՒԹՅԱՆ ՎԱՐՉՈՒԹՅԱՆ ՊԵՏ,Պաշտոնատար անձի տարեկան հայտարարագիր--- (2021),http://cpcarmenia.am/hy/declarations-registry/id=86956/
ՀԿ_21,0,http://cpcarmenia.am//hy/declarations-registry/user_id=6692/,"Հատուկ քննչական ծառայության կոռուպցիոն, կազմակերպված և պաշտոնեական հանցագործությունների քննության վարչության պետի տեղակալ",Պաշտոնատար անձի պաշտոնը ստանձնելու հայտարարագիր  (2017),http://cpcarmenia.am/hy/declarations-registry/id=33208/
ՀԿ_21,1,http://cpcarmenia.am//hy/declarations-registry/user_id=6692/,"ՀՀ Հատուկ քննչական ծառայության կոռուպցիոն, կազմակերպված և պաշտոնեական հանցագործությունների քննության վարչության պետի տեղակալ",Պաշտոնատար անձի տարեկան հայտարարագիր (2017),http://cpcarmenia.am/hy/declarations-registry/id=33224/
ՀԿ_21,2,http://cpcarmenia.am//hy/declarations-registry/user_id=6692/,"ՀՀ Հատուկ քննչական ծառայության կոռուպցիոն, կազմակերպված և պաշտոնեական հանցագործությունների քննության վարչության պետի տեղակալ",Պաշտոնատար անձի տարեկան հայտարարագիր (2018),http://cpcarmenia.am/hy/declarations-registry/id=38759/
ՀԿ_21,3,http://cpcarmenia.am//hy/declarations-registry/user_id=6692/,ՀՀ Հատուկ քննչական ծառայության խոշտանգումների և մարդու դեմ ուղղված հանցագործությունների քննության վարչության պետ,Պաշտոնատար անձի տարեկան հայտարարագիր-- (2019),http://cpcarmenia.am/hy/declarations-registry/id=52385/
ՀԿ_21,4,http://cpcarmenia.am//hy/declarations-registry/user_id=6692/,ՀՀ Հատուկ քննչական ծառայության խոշտանգումների և մարդու դեմ ուղղված հանցագործությունների քննության վարչության պետ,Պաշտոնատար անձի տարեկան հայտարարագիր-- (2020),http://cpcarmenia.am/hy/declarations-registry/id=73311/
ՀԿ_21,5,http://cpcarmenia.am//hy/declarations-registry/user_id=6692/,ՀՀ ՀԱԿԱԿՈՌՈՒՊՑԻՈՆ ԿՈՄԻՏԵԻ ՆԱԽԱԳԱՀԻ ՏԵՂԱԿԱԼ,Պաշտոնատար անձի տարեկան հայտարարագիր--- (2021),http://cpcarmenia.am/hy/declarations-registry/id=91720/
ՀԿ_22,0,http://cpcarmenia.am//hy/declarations-registry/user_id=16433/,ՀՀ հատուկ քննչական ծառայության պետի տեղակալ,Պաշտոնատար անձի պաշտոնը ստանձնելու հայտարարագիր  (2018),http://cpcarmenia.am/hy/declarations-registry/id=32581/
ՀԿ_22,1,http://cpcarmenia.am//hy/declarations-registry/user_id=16433/,ՀՀ հատուկ քննչական ծառայության պետի տեղակալ,Պաշտոնատար անձի տարեկան հայտարարագիր (2018),http://cpcarmenia.am/hy/declarations-registry/id=39976/
ՀԿ_22,2,http://cpcarmenia.am//hy/declarations-registry/user_id=16433/,ՀՀ հատուկ քննչական ծառայության պետի տեղակալ,Պաշտոնատար անձի տարեկան հայտարարագիր-- (2019),http://cpcarmenia.am/hy/declarations-registry/id=48177/
ՀԿ_22,3,http://cpcarmenia.am//hy/declarations-registry/user_id=16433/,ՀՀ հատուկ քննչական ծառայության պետի տեղակալ,Պաշտոնատար անձի տարեկան հայտարարագիր-- (2020),http://cpcarmenia.am/hy/declarations-registry/id=70443/
ՀԿ_22,4,http://cpcarmenia.am//hy/declarations-registry/user_id=16433/,ՀՀ ՀԱԿԱԿՈՌՈՒՊՑԻՈՆ ԿՈՄԻՏԵԻ ՆԱԽԱԳԱՀԻ ԽՈՐՀՐԴԱԿԱՆ,Պաշտոնատար անձի տարեկան հայտարարագիր--- (2021),http://cpcarmenia.am/hy/declarations-registry/id=85424/
ՀԿ_23,0,http://cpcarmenia.am//hy/declarations-registry/user_id=35692/,ՀՀ ՀԱԿԱԿՈՌՈՒՊՑԻՈՆ ԿՈՄԻՏԵԻ ՆԱԽԱԳԱՀԻ ՄԱՄՈՒԼԻ ՔԱՐՏՈՒՂԱՐ,Պաշտոնատար անձի պաշտոնեական պարտականություններն ստանձնելու հայտարարագիր--- (2021),http://cpcarmenia.am/hy/declarations-registry/id=80420/
ՀԿ_23,1,http://cpcarmenia.am//hy/declarations-registry/user_id=35692/,ՀՀ ՀԱԿԱԿՈՌՈՒՊՑԻՈՆ ԿՈՄԻՏԵԻ ՆԱԽԱԳԱՀԻ ՄԱՄՈՒԼԻ ՔԱՐՏՈՒՂԱՐ,Պաշտոնատար անձի տարեկան հայտարարագիր--- (2021),http://cpcarmenia.am/hy/declarations-registry/id=86950/
ՀԿ_24,0,http://cpcarmenia.am//hy/declarations-registry/user_id=6694/,Հատուկ քննչական ծառայության ընդհանուր բնույթի հանցագործությունների քննության վարչության պետ,Պաշտոնատար անձի պաշտոնը ստանձնելու հայտարարագիր  (2017),http://cpcarmenia.am/hy/declarations-registry/id=15969/
ՀԿ_24,1,http://cpcarmenia.am//hy/declarations-registry/user_id=6694/,"ՀՀ Հատուկ քննչական ծառայության կոռուպցիոն, կազմակերպված և պաշտոնեական հանցագործությունների քննության վարչության պետ",Պաշտոնատար անձի տարեկան հայտարարագիր (2017),http://cpcarmenia.am/hy/declarations-registry/id=21846/
ՀԿ_24,2,http://cpcarmenia.am//hy/declarations-registry/user_id=6694/,"ՀՀ Հատուկ քննչական ծառայության կոռուպցիոն, կազմակերպված և պաշտոնեական հանցագործությունների քննության վարչության պետ",Պաշտոնատար անձի տարեկան հայտարարագիր (2018),http://cpcarmenia.am/hy/declarations-registry/id=44829/
ՀԿ_24,3,http://cpcarmenia.am//hy/declarations-registry/user_id=6694/,"ՀՀ Հատուկ քննչական ծառայության կոռուպցիոն, կազմակերպված և պաշտոնեական հանցագործությունների քննության վարչության պետ",Պաշտոնատար անձի տարեկան հայտարարագիր-- (2019),http://cpcarmenia.am/hy/declarations-registry/id=57154/
ՀԿ_24,4,http://cpcarmenia.am//hy/declarations-registry/user_id=6694/,"ՀՀ Հատուկ քննչական ծառայության կոռուպցիոն, կազմակերպված և պաշտոնեական հանցագործությունների քննության վարչության պետ",Պաշտոնատար անձի տարեկան հայտարարագիր-- (2020),http://cpcarmenia.am/hy/declarations-registry/id=75282/
ՀԿ_24,5,http://cpcarmenia.am//hy/declarations-registry/user_id=6694/,ՀՀ ՀԱԿԱԿՈՌՈՒՊՑԻՈՆ ԿՈՄԻՏԵԻ ՔՆՆՉԱԿԱՆ ԱՌԱՋԻՆ ՎԱՐՉՈՒԹՅԱՆ ՊԵՏ,Պաշտոնատար անձի տարեկան հայտարարագիր--- (2021),http://cpcarmenia.am/hy/declarations-registry/id=94329/
ՀԿ_25,0,http://cpcarmenia.am//hy/declarations-registry/user_id=3516/,"ՀՀ հատուկ քննչական ծառայության կոռուպցիոն, կազմակերպված և պաշտոնեական հանցագործությունների քննության վարչության հատկապես կարևոր գործերի քննիչ",Պաշտոնատար անձի պաշտոնը ստանձնելու հայտարարագիր  (2017),http://cpcarmenia.am/hy/declarations-registry/id=16203/
ՀԿ_25,1,http://cpcarmenia.am//hy/declarations-registry/user_id=3516/,"ՀՀ հատուկ քննչական ծառայության կոռուպցիոն, կազմակերպված և պաշտոնեական հանցագործությունների քննության վարչության հատկապես կարևոր գործերի ավագ քննիչ",Պաշտոնատար անձի տարեկան հայտարարագիր (2017),http://cpcarmenia.am/hy/declarations-registry/id=21608/
ՀԿ_25,2,http://cpcarmenia.am//hy/declarations-registry/user_id=3516/,"ՀՀ հատուկ քննչական ծառայության կոռուպցիոն, կազմակերպված և պաշտոնեական հանցագործությունների քննության վարչության հատկապես կարևոր գործերի ավագ քննիչ",Պաշտոնատար անձի տարեկան հայտարարագիր (2018),http://cpcarmenia.am/hy/declarations-registry/id=44566/
ՀԿ_25,3,http://cpcarmenia.am//hy/declarations-registry/user_id=3516/,"ՀՀ հատուկ քննչական ծառայության կոռուպցիոն, կազմակերպված և պաշտոնեական հանցագործությունների քննության վարչության հատկապես կարևոր գործերի ավագ քննիչ",Պաշտոնատար անձի տարեկան հայտարարագիր-- (2019),http://cpcarmenia.am/hy/declarations-registry/id=49442/
ՀԿ_25,4,http://cpcarmenia.am//hy/declarations-registry/user_id=3516/,"ՀՀ հատուկ քննչական ծառայության կոռուպցիոն, կազմակերպված և պաշտոնեական հանցագործությունների քննության վարչության հատկապես կարևոր գործերի ավագ քննիչ",Պաշտոնատար անձի տարեկան հայտարարագիր-- (2020),http://cpcarmenia.am/hy/declarations-registry/id=69625/
ՀԿ_25,5,http://cpcarmenia.am//hy/declarations-registry/user_id=3516/,ՀՀ ՀԱԿԱԿՈՌՈՒՊՑԻՈՆ ԿՈՄԻՏԵԻ ՔՆՆՉԱԿԱՆ ԱՌԱՋԻՆ ՎԱՐՉՈՒԹՅԱՆ ՀԱՏԿԱՊԵՍ ԿԱՐԵՎՈՐ ԳՈՐԾԵՐՈՎ ԱՎԱԳ ՔՆՆԻՉ,Պաշտոնատար անձի տարեկան հայտարարագիր--- (2021),http://cpcarmenia.am/hy/declarations-registry/id=93444/
ՀԿ_26,0,http://cpcarmenia.am//hy/declarations-registry/user_id=3515/,"ՀՀ հատուկ քննչական ծառայության կոռուպցիոն, կազմակերպված և պաշտոնեական հանցագործությունների քննության վարչության հատկապես կարևոր գործերի քննիչ",Պաշտոնատար անձի պաշտոնը ստանձնելու հայտարարագիր  (2017),http://cpcarmenia.am/hy/declarations-registry/id=16210/
ՀԿ_26,1,http://cpcarmenia.am//hy/declarations-registry/user_id=3515/,"ՀՀ հատուկ քննչական ծառայության կոռուպցիոն, կազմակերպված և պաշտոնեական հանցագործությունների քննության վարչության հատկապես կարևոր գործերի քննիչ",Պաշտոնատար անձի տարեկան հայտարարագիր (2017),http://cpcarmenia.am/hy/declarations-registry/id=22234/
ՀԿ_26,2,http://cpcarmenia.am//hy/declarations-registry/user_id=3515/,"ՀՀ հատուկ քննչական ծառայության կոռուպցիոն, կազմակերպված և պաշտոնեական հանցագործությունների քննության վարչության հատկապես կարևոր գործերի քննիչ",Պաշտոնատար անձի տարեկան հայտարարագիր (2018),http://cpcarmenia.am/hy/declarations-registry/id=44675/
ՀԿ_26,3,http://cpcarmenia.am//hy/declarations-registry/user_id=3515/,"Հատուկ քննչական ծառայության կոռուպցիոն, կազմակերպված և պաշտոնեական հանցագործությունների քննության վարչության հատկապես կարևոր գործերի ավագ քննիչ",Պաշտոնատար անձի տարեկան հայտարարագիր-- (2019),http://cpcarmenia.am/hy/declarations-registry/id=48851/
ՀԿ_26,4,http://cpcarmenia.am//hy/declarations-registry/user_id=3515/,"Հատուկ քննչական ծառայության կոռուպցիոն, կազմակերպված և պաշտոնեական հանցագործությունների քննության վարչության հատկապես կարևոր գործերի ավագ քննիչ",Պաշտոնատար անձի տարեկան հայտարարագիր-- (2020),http://cpcarmenia.am/hy/declarations-registry/id=70314/
ՀԿ_26,5,http://cpcarmenia.am//hy/declarations-registry/user_id=3515/,ՀՀ ՀԱԿԱԿՈՌՈՒՊՑԻՈՆ ԿՈՄԻՏԵԻ ՔՆՆՉԱԿԱՆ ԱՌԱՋԻՆ ՎԱՐՉՈՒԹՅԱՆ ՀԱՏԿԱՊԵՍ ԿԱՐԵՎՈՐ ԳՈՐԾԵՐՈՎ ԱՎԱԳ ՔՆՆԻՉ,Պաշտոնատար անձի տարեկան հայտարարագիր--- (2021),http://cpcarmenia.am/hy/declarations-registry/id=96817/
ՀԿ_27,0,http://cpcarmenia.am//hy/declarations-registry/user_id=3508/,ՀՀ հատուկ քննչական ծառայության խոշտանգումների և մարդու դեմ ուղղված հանցագործությունների քննության վարչության հատկապես կարևոր գործերի ավագ քննիչ,Պաշտոնատար անձի պաշտոնը ստանձնելու հայտարարագիր  (2017),http://cpcarmenia.am/hy/declarations-registry/id=15973/
ՀԿ_27,1,http://cpcarmenia.am//hy/declarations-registry/user_id=3508/,ՀՀ հատուկ քննչական ծառայության խոշտանգումների և մարդու դեմ ուղղված հանցագործությունների քննության վարչության հատկապես կարևոր գործերի ավագ քննիչ,Պաշտոնատար անձի տարեկան հայտարարագիր (2017),http://cpcarmenia.am/hy/declarations-registry/id=21483/
ՀԿ_27,2,http://cpcarmenia.am//hy/declarations-registry/user_id=3508/,Հատուկ քննչական ծառայության ընդհանուր բնույթի հանցագործությունների քննության վարչության հատկապես կարևոր գործերի քննիչ,Պաշտոնատար անձի տարեկան հայտարարագիր (2018),http://cpcarmenia.am/hy/declarations-registry/id=43364/
ՀԿ_27,3,http://cpcarmenia.am//hy/declarations-registry/user_id=3508/,Հատուկ քննչական ծառայության ընդհանուր բնույթի հանցագործությունների քննության վարչության հատկապես կարևոր գործերի քննիչ,Պաշտոնատար անձի տարեկան հայտարարագիր-- (2019),http://cpcarmenia.am/hy/declarations-registry/id=55034/
ՀԿ_27,4,http://cpcarmenia.am//hy/declarations-registry/user_id=3508/,Հատուկ քննչական ծառայության ընդհանուր բնույթի հանցագործությունների քննության վարչության հատկապես կարևոր գործերի քննիչ,Պաշտոնատար անձի տարեկան հայտարարագիր-- (2020),http://cpcarmenia.am/hy/declarations-registry/id=73066/
ՀԿ_27,5,http://cpcarmenia.am//hy/declarations-registry/user_id=3508/,ՀՀ ՀԱԿԱԿՈՌՈՒՊՑԻՈՆ ԿՈՄԻՏԵԻ ՔՆՆՉԱԿԱՆ ԵՐԿՐՈՐԴ ՎԱՐՉՈՒԹՅԱՆ ՀԱՏԿԱՊԵՍ ԿԱՐԵՎՈՐ ԳՈՐԾԵՐՈՎ ԱՎԱԳ ՔՆՆԻՉ,Պաշտոնատար անձի տարեկան հայտարարագիր--- (2021),http://cpcarmenia.am/hy/declarations-registry/id=92617/
ՀԿ_28,0,http://cpcarmenia.am//hy/declarations-registry/user_id=4816/,ՀՀ քննչական կոմիտեի Արագածոտնի մարզային քննչական վարչության  ՀԿԳ  քննիչ,Պաշտոնատար անձի պաշտոնը ստանձնելու հայտարարագիր  (2017),http://cpcarmenia.am/hy/declarations-registry/id=18643/
ՀԿ_28,1,http://cpcarmenia.am//hy/declarations-registry/user_id=4816/,ՀՀ քննչական կոմիտեի Արագածոտնի մարզային քննչական վարչության  ՀԿԳ  քննիչ,Պաշտոնատար անձի տարեկան հայտարարագիր (2017),http://cpcarmenia.am/hy/declarations-registry/id=23748/
ՀԿ_28,2,http://cpcarmenia.am//hy/declarations-registry/user_id=4816/,ՀՀ քննչական կոմիտեի Արագածոտնի մարզային քննչական վարչության  ՀԿԳ  քննիչ,Պաշտոնատար անձի տարեկան հայտարարագիր (2018),http://cpcarmenia.am/hy/declarations-registry/id=34400/
ՀԿ_28,3,http://cpcarmenia.am//hy/declarations-registry/user_id=4816/,ՀՀ քննչական կոմիտեի Արագածոտնի մարզային քննչական վարչության  ՀԿԳ  քննիչ,Պաշտոնատար անձի տարեկան հայտարարագիր-- (2019),http://cpcarmenia.am/hy/declarations-registry/id=48954/
ՀԿ_28,4,http://cpcarmenia.am//hy/declarations-registry/user_id=4816/,ՀՀ հատուկ քննչական ծառայության ընդհանուր բնույթի հանցագործությունների քննության վարչության հատկապես կարևոր գործերի  քննիչ,Պաշտոնատար անձի տարեկան հայտարարագիր-- (2020),http://cpcarmenia.am/hy/declarations-registry/id=62320/
ՀԿ_28,5,http://cpcarmenia.am//hy/declarations-registry/user_id=4816/,ՀՀ ՀԱԿԱԿՈՌՈՒՊՑԻՈՆ ԿՈՄԻՏԵԻ ՔՆՆՉԱԿԱՆ ԵՐՐՈՐԴ ՎԱՐՉՈՒԹՅԱՆ ՀԱՏԿԱՊԵՍ ԿԱՐԵՎՈՐ ԳՈՐԾԵՐՈՎ ՔՆՆԻՉ,Պաշտոնատար անձի տարեկան հայտարարագիր--- (2021),http://cpcarmenia.am/hy/declarations-registry/id=87010/
ՀԿ_29,0,http://cpcarmenia.am//hy/declarations-registry/user_id=5627/,ՀՀ քննչական կոմիտեի Երևան քաղաքի քննչական վարչության Երևան քաղաքի Կենտրոն և Նորք-Մարաշ վարչական շրջանների քննչական բաժնի քննիչ,Պաշտոնատար անձի պաշտոնը ստանձնելու հայտարարագիր  (2017),http://cpcarmenia.am/hy/declarations-registry/id=17069/
ՀԿ_29,1,http://cpcarmenia.am//hy/declarations-registry/user_id=5627/,ՀՀ քննչական կոմիտեի Երևան քաղաքի քննչական վարչության Երևան քաղաքի Կենտրոն և Նորք-Մարաշ վարչական շրջանների քննչական բաժնի քննիչ,Պաշտոնատար անձի տարեկան հայտարարագիր (2017),http://cpcarmenia.am/hy/declarations-registry/id=29200/
ՀԿ_29,2,http://cpcarmenia.am//hy/declarations-registry/user_id=5627/,ՀՀ քննչական կոմիտեի Երևան քաղաքի քննչական վարչության Երևան քաղաքի Կենտրոն և Նորք-Մարաշ վարչական շրջանների քննչական բաժնի ավագ քննիչ,Պաշտոնատար անձի տարեկան հայտարարագիր (2018),http://cpcarmenia.am/hy/declarations-registry/id=43442/
ՀԿ_29,3,http://cpcarmenia.am//hy/declarations-registry/user_id=5627/,ՀՀ քննչական կոմիտեի Երևան քաղաքի քննչական վարչության Երևան քաղաքի Կենտրոն և Նորք-Մարաշ վարչական շրջանների քննչական բաժնի ավագ քննիչ,Պաշտոնատար անձի պաշտոնը դադարեցնելու հայտարարագիր  (2019),http://cpcarmenia.am/hy/declarations-registry/id=46732/
ՀԿ_29,4,http://cpcarmenia.am//hy/declarations-registry/user_id=5627/,ՀՀ քննչական կոմիտեի Երևան քաղաքի քննչական վարչության Երևան քաղաքի Մալաթիա-Սեբաստիա վարչական շրջանի քննչական բաժնի ՀԿԳ քննիչ,Պաշտոնատար անձի պաշտոնեական պարտականություններն ստանձնելու հայտարարագիր-- (2020),http://cpcarmenia.am/hy/declarations-registry/id=55321/
ՀԿ_29,5,http://cpcarmenia.am//hy/declarations-registry/user_id=5627/,ՀՀ Հատուկ քննչական ծառայության խոշտանգումների և մարդու դեմ ուղղված հանցագործությունների քննության վարչության հատկապես կարևոր գործերի քննիչ,Պաշտոնատար անձի տարեկան հայտարարագիր-- (2020),http://cpcarmenia.am/hy/declarations-registry/id=72553/
ՀԿ_29,6,http://cpcarmenia.am//hy/declarations-registry/user_id=5627/,ՀՀ ՀԱԿԱԿՈՌՈՒՊՑԻՈՆ ԿՈՄԻՏԵԻ ՔՆՆՉԱԿԱՆ ԱՌԱՋԻՆ ՎԱՐՉՈՒԹՅԱՆ ՀԱՏԿԱՊԵՍ ԿԱՐԵՎՈՐ ԳՈՐԾԵՐՈՎ ԱՎԱԳ ՔՆՆԻՉ,Պաշտոնատար անձի տարեկան հայտարարագիր--- (2021),http://cpcarmenia.am/hy/declarations-registry/id=94533/
ՀԿ_30,0,http://cpcarmenia.am//hy/declarations-registry/user_id=17614/,ՀՀ քննչական կոմիտեի Երևան քաղաքի քննչական վարչության Երևան քաղաքի Ավան և Նոր Նորք վարչական շրջանների քննչական բաժնի քննիչ,Պաշտոնատար անձի պաշտոնը ստանձնելու հայտարարագիր  (2019),http://cpcarmenia.am/hy/declarations-registry/id=35570/
ՀԿ_30,1,http://cpcarmenia.am//hy/declarations-registry/user_id=17614/,ՀՀ քննչական կոմիտեի Երևան քաղաքի քննչական վարչության Երևան քաղաքի Ավան և Նոր Նորք վարչական շրջանների քննչական բաժնի ավագ քննիչ,Պաշտոնատար անձի տարեկան հայտարարագիր-- (2019),http://cpcarmenia.am/hy/declarations-registry/id=56474/
ՀԿ_30,2,http://cpcarmenia.am//hy/declarations-registry/user_id=17614/,ՀՀ քննչական կոմիտեի Երևան քաղաքի քննչական վարչության Երևան քաղաքի Ավան և Նոր Նորք վարչական շրջանների քննչական բաժնի ավագ քննիչ,Պաշտոնատար անձի տարեկան հայտարարագիր-- (2020),http://cpcarmenia.am/hy/declarations-registry/id=74930/
ՀԿ_30,3,http://cpcarmenia.am//hy/declarations-registry/user_id=17614/,ՀՀ քննչական կոմիտեի Երևան քաղաքի քննչական վարչության Երևան քաղաքի Ավան և Նոր Նորք վարչական շրջանների քննչական բաժնի ավագ քննիչ,Պաշտոնատար անձի տարեկան հայտարարագիր--- (2021),http://cpcarmenia.am/hy/declarations-registry/id=96454/
ՀԿ_30,4,http://cpcarmenia.am//hy/declarations-registry/user_id=17614/,ՀՀ քննչական կոմիտեի Երևան քաղաքի քննչական վարչության Երևան քաղաքի Ավան և Նոր Նորք վարչական շրջանների քննչական բաժնի ավագ քննիչ,Պաշտոնատար անձի պաշտոնեական պարտականությունները դադարեցնելու հայտարարագիր--- (2022),http://cpcarmenia.am/hy/declarations-registry/id=100118/
ՀԿ_30,5,http://cpcarmenia.am//hy/declarations-registry/user_id=17614/,ՀՀ ՀԱԿԱԿՈՌՈՒՊՑԻՈՆ ԿՈՄԻՏԵԻ ՆԵՐՔԻՆ ԱՆՎՏԱՆԳՈՒԹՅԱՆ ՎԱՐՉՈՒԹՅԱՆ ԱՎԱԳ ՔՆՆԻՉ,Պաշտոնատար անձի պաշտոնեական պարտականություններն ստանձնելու հայտարարագիր--- (2022),http://cpcarmenia.am/hy/declarations-registry/id=102011/
ՀԿ_31,0,http://cpcarmenia.am//hy/declarations-registry/user_id=4566/,ՀՀ գլխավոր դատախազության հատկապես կարևոր գործերով վարչության պետի տեղակալ,Պաշտոնատար անձի պաշտոնը ստանձնելու հայտարարագիր  (2017),http://cpcarmenia.am/hy/declarations-registry/id=15822/
ՀԿ_31,1,http://cpcarmenia.am//hy/declarations-registry/user_id=4566/,ՀՀ գլխավոր դատախազության հատկապես կարևոր գործերով վարչության պետի տեղակալ,Պաշտոնատար անձի տարեկան հայտարարագիր (2017),http://cpcarmenia.am/hy/declarations-registry/id=22401/
ՀԿ_31,2,http://cpcarmenia.am//hy/declarations-registry/user_id=4566/,ՀՀ հատուկ քննչական ծառայության պետ,Պաշտոնատար անձի տարեկան հայտարարագիր (2018),http://cpcarmenia.am/hy/declarations-registry/id=38191/
ՀԿ_31,3,http://cpcarmenia.am//hy/declarations-registry/user_id=4566/,ՀՀ հատուկ քննչական ծառայության պետ,Պաշտոնատար անձի տարեկան հայտարարագիր-- (2019),http://cpcarmenia.am/hy/declarations-registry/id=48122/
ՀԿ_31,4,http://cpcarmenia.am//hy/declarations-registry/user_id=4566/,ՀՀ հատուկ քննչական ծառայության պետ,Պաշտոնատար անձի տարեկան հայտարարագիր-- (2020),http://cpcarmenia.am/hy/declarations-registry/id=63482/
ՀԿ_31,5,http://cpcarmenia.am//hy/declarations-registry/user_id=4566/,ՀՀ ՀԱԿԱԿՈՌՈՒՊՑԻՈՆ ԿՈՄԻՏԵԻ ՆԱԽԱԳԱՀ,Պաշտոնատար անձի տարեկան հայտարարագիր--- (2021),http://cpcarmenia.am/hy/declarations-registry/id=86879/
ՀԿ_32,0,http://cpcarmenia.am//hy/declarations-registry/user_id=3488/,ՀՀ հատուկ քննչական ծառայության պետի տեղակալ,Պաշտոնատար անձի պաշտոնը ստանձնելու հայտարարագիր  (2017),http://cpcarmenia.am/hy/declarations-registry/id=16114/
ՀԿ_32,1,http://cpcarmenia.am//hy/declarations-registry/user_id=3488/,ՀՀ հատուկ քննչական ծառայության պետի տեղակալ,Պաշտոնատար անձի տարեկան հայտարարագիր (2017),http://cpcarmenia.am/hy/declarations-registry/id=19834/
ՀԿ_32,2,http://cpcarmenia.am//hy/declarations-registry/user_id=3488/,ՀՀ ԿԱ ոստիկանության Կրթահամալիրի (գլխավոր վարչության) պետ,Պաշտոնատար անձի տարեկան հայտարարագիր (2018),http://cpcarmenia.am/hy/declarations-registry/id=37955/
ՀԿ_32,3,http://cpcarmenia.am//hy/declarations-registry/user_id=3488/,ՀՀ ԿԱ ոստիկանության Կրթահամալիրի (գլխավոր վարչության) պետ,Պաշտոնատար անձի տարեկան հայտարարագիր-- (2019),http://cpcarmenia.am/hy/declarations-registry/id=51211/
ՀԿ_32,4,http://cpcarmenia.am//hy/declarations-registry/user_id=3488/,ՀՀ ԿԱ ոստիկանության Կրթահամալիրի (գլխավոր վարչության) պետ,Պաշտոնատար անձի տարեկան հայտարարագիր-- (2020),http://cpcarmenia.am/hy/declarations-registry/id=65013/
ՀԿ_32,5,http://cpcarmenia.am//hy/declarations-registry/user_id=3488/,ՀՀ ՀԱԿԱԿՈՌՈՒՊՑԻՈՆ ԿՈՄԻՏԵԻ ՆԱԽԱԳԱՀԻ ՏԵՂԱԿԱԼԻ ՊԱՇՏՈՆԱԿԱՏԱՐ,Պաշտոնատար անձի տարեկան հայտարարագիր--- (2021),http://cpcarmenia.am/hy/declarations-registry/id=86726/
ՀԿ_33,0,http://cpcarmenia.am//hy/declarations-registry/user_id=4499/,ՀՀ ԿԱ ոստիկանության Ճանապարհային ոստիկանության (վարչության իրավունքով) ճանապարհապարեկային ծառայության  բաժնի պետ (գնդի հրամանատարի իրավունքով),Պաշտոնատար անձի պաշտոնը ստանձնելու հայտարարագիր  (2017),http://cpcarmenia.am/hy/declarations-registry/id=14562/
ՀԿ_33,1,http://cpcarmenia.am//hy/declarations-registry/user_id=4499/,ՀՀ ԿԱ ոստիկանության Ճանապարհային ոստիկանության (վարչության իրավունքով) ճանապարհապարեկային ծառայության  բաժնի պետ (գնդի հրամանատարի իրավունքով),Պաշտոնատար անձի տարեկան հայտարարագիր (2017),http://cpcarmenia.am/hy/declarations-registry/id=22761/
ՀԿ_33,2,http://cpcarmenia.am//hy/declarations-registry/user_id=4499/,ՀՀ ԿԱ ոստիկանության Ճանապարհային ոստիկանության (վարչության իրավունքով) ճանապարհապարեկային ծառայության  բաժնի պետ (գնդի հրամանատարի իրավունքով),Պաշտոնատար անձի պաշտոնը դադարեցնելու հայտարարագիր  (2018),http://cpcarmenia.am/hy/declarations-registry/id=32739/
ՀԿ_33,3,http://cpcarmenia.am//hy/declarations-registry/user_id=4499/,ՀՀ ՀԱԿԱԿՈՌՈՒՊՑԻՈՆ ԿՈՄԻՏԵԻ ԳԼԽԱՎՈՐ ՔԱՐՏՈՒՂԱՐԻ  ՏԵՂԱԿԱԼ,Պաշտոնատար անձի պաշտոնեական պարտականություններն ստանձնելու հայտարարագիր--- (2022),http://cpcarmenia.am/hy/declarations-registry/id=100264/
ՀԿ_34,0,http://cpcarmenia.am//hy/declarations-registry/user_id=3504/,ՀՀ հատուկ քննչական ծառայության ընդհանուր բնույթի հանցագործությունների քննության վարչության հատկապես կարևոր գործերի ավագ քննիչ,Պաշտոնատար անձի պաշտոնը ստանձնելու հայտարարագիր  (2017),http://cpcarmenia.am/hy/declarations-registry/id=15735/
ՀԿ_34,1,http://cpcarmenia.am//hy/declarations-registry/user_id=3504/,ՀՀ հատուկ քննչական ծառայության ընդհանուր բնույթի հանցագործությունների քննության վարչության հատկապես կարևոր գործերի ավագ քննիչ,Պաշտոնատար անձի տարեկան հայտարարագիր (2017),http://cpcarmenia.am/hy/declarations-registry/id=21520/
ՀԿ_34,2,http://cpcarmenia.am//hy/declarations-registry/user_id=3504/,"ՀՀ հատուկ քննչական ծառայության կոռուպցիոն, կազմակերպված և պաշտոնեական հանցագործությունների քննության վարչության հատկապես կարևոր գործերի ավագ քննիչ",Պաշտոնատար անձի տարեկան հայտարարագիր (2018),http://cpcarmenia.am/hy/declarations-registry/id=40682/
ՀԿ_34,3,http://cpcarmenia.am//hy/declarations-registry/user_id=3504/,"ՀՀ հատուկ քննչական ծառայության կոռուպցիոն, կազմակերպված և պաշտոնեական հանցագործությունների քննության վարչության հատկապես կարևոր գործերի ավագ քննիչ",Պաշտոնատար անձի տարեկան հայտարարագիր-- (2019),http://cpcarmenia.am/hy/declarations-registry/id=48603/
ՀԿ_34,4,http://cpcarmenia.am//hy/declarations-registry/user_id=3504/,"ՀՀ հատուկ քննչական ծառայության կոռուպցիոն, կազմակերպված և պաշտոնեական հանցագործությունների քննության վարչության հատկապես կարևոր գործերի ավագ քննիչ",Պաշտոնատար անձի տարեկան հայտարարագիր-- (2020),http://cpcarmenia.am/hy/declarations-registry/id=71550/
ՀԿ_34,5,http://cpcarmenia.am//hy/declarations-registry/user_id=3504/,ՀՀ ՀԱԿԱԿՈՌՈՒՊՑԻՈՆ ԿՈՄԻՏԵԻ ՔՆՆՉԱԿԱՆ ԱՌԱՋԻՆ ՎԱՐՉՈՒԹՅԱՆ ՀԱՏԿԱՊԵՍ ԿԱՐԵՎՈՐ ԳՈՐԾԵՐՈՎ ԱՎԱԳ ՔՆՆԻՉ,Պաշտոնատար անձի տարեկան հայտարարագիր--- (2021),http://cpcarmenia.am/hy/declarations-registry/id=93913/
ՀԿ_35,0,http://cpcarmenia.am//hy/declarations-registry/user_id=3514/,ՀՀ հատուկ քննչական ծառայության խոշտանգումների և մարդու դեմ ուղղված հանցագործությունների քննության վարչության հատկապես կարևոր գործերի քննիչ,Պաշտոնատար անձի պաշտոնը ստանձնելու հայտարարագիր  (2017),http://cpcarmenia.am/hy/declarations-registry/id=15967/
ՀԿ_35,1,http://cpcarmenia.am//hy/declarations-registry/user_id=3514/,ՀՀ հատուկ քննչական ծառայության խոշտանգումների և մարդու դեմ ուղղված հանցագործությունների քննության վարչության հատկապես կարևոր գործերի քննիչ,Պաշտոնատար անձի տարեկան հայտարարագիր (2017),http://cpcarmenia.am/hy/declarations-registry/id=22677/
ՀԿ_35,2,http://cpcarmenia.am//hy/declarations-registry/user_id=3514/,"ՀՀ հատուկ քննչական ծառայության կոռուպցիոն, կազմակերպված և պաշտոնեական հանցագործությունների քննության վարչության հատկապես կարևոր գործերի ավագ քննիչ",Պաշտոնատար անձի տարեկան հայտարարագիր (2018),http://cpcarmenia.am/hy/declarations-registry/id=44810/
ՀԿ_35,3,http://cpcarmenia.am//hy/declarations-registry/user_id=3514/,"ՀՀ հատուկ քննչական ծառայության կոռուպցիոն, կազմակերպված և պաշտոնեական հանցագործությունների քննության վարչության հատկապես կարևոր գործերի ավագ քննիչ",Պաշտոնատար անձի տարեկան հայտարարագիր-- (2019),http://cpcarmenia.am/hy/declarations-registry/id=48855/
ՀԿ_35,4,http://cpcarmenia.am//hy/declarations-registry/user_id=3514/,ՀՀ ՀԱԿԱԿՈՌՈՒՊՑԻՈՆ ԿՈՄԻՏԵԻ ՔՆՆՉԱԿԱՆ ԱՌԱՋԻՆ ՎԱՐՉՈՒԹՅԱՆ ՀԱՏԿԱՊԵՍ ԿԱՐԵՎՈՐ ԳՈՐԾԵՐՈՎ ՔՆՆԻՉ,Պաշտոնատար անձի տարեկան հայտարարագիր--- (2021),http://cpcarmenia.am/hy/declarations-registry/id=93387/
ՀԿ_35,5,http://cpcarmenia.am//hy/declarations-registry/user_id=3514/,"ՀՀ հատուկ քննչական ծառայության կոռուպցիոն, կազմակերպված և պաշտոնեական հանցագործությունների քննության վարչության հատկապես կարևոր գործերի ավագ քննիչ",Պաշտոնատար անձի տարեկան հայտարարագիր-- (2020),http://cpcarmenia.am/hy/declarations-registry/id=101617/
ՀԿ_36,0,http://cpcarmenia.am//hy/declarations-registry/user_id=4810/,ՀՀ քննչական կոմիտեի Արագածոտնի մարզային քննչական վարչության  ավագ  քննիչ,Պաշտոնատար անձի պաշտոնը ստանձնելու հայտարարագիր  (2017),http://cpcarmenia.am/hy/declarations-registry/id=18677/
ՀԿ_36,1,http://cpcarmenia.am//hy/declarations-registry/user_id=4810/,ՀՀ քննչական կոմիտեի Արագածոտնի մարզային քննչական վարչության  ավագ  քննիչ,Պաշտոնատար անձի տարեկան հայտարարագիր (2017),http://cpcarmenia.am/hy/declarations-registry/id=18886/
ՀԿ_36,2,http://cpcarmenia.am//hy/declarations-registry/user_id=4810/,ՀՀ հատուկ քննչական ծառայության ընդհանուր բնույթի հանցագործությունների քննության վարչության հատկապես կարևոր գործերի  քննիչ,Պաշտոնատար անձի տարեկան հայտարարագիր (2018),http://cpcarmenia.am/hy/declarations-registry/id=37240/
ՀԿ_36,3,http://cpcarmenia.am//hy/declarations-registry/user_id=4810/,ՀՀ հատուկ քննչական ծառայության ընդհանուր բնույթի հանցագործությունների քննության վարչության հատկապես կարևոր գործերի  քննիչ,Պաշտոնատար անձի տարեկան հայտարարագիր-- (2019),http://cpcarmenia.am/hy/declarations-registry/id=48907/
ՀԿ_36,4,http://cpcarmenia.am//hy/declarations-registry/user_id=4810/,Հատուկ քննչական ծառայության ընդհանուր բնույթի հանցագործությունների քննության վարչության հատկապես կարևոր գործերի ավագ քննիչ,Պաշտոնատար անձի տարեկան հայտարարագիր-- (2020),http://cpcarmenia.am/hy/declarations-registry/id=63007/
ՀԿ_36,5,http://cpcarmenia.am//hy/declarations-registry/user_id=4810/,ՀՀ ՀԱԿԱԿՈՌՈՒՊՑԻՈՆ ԿՈՄԻՏԵԻ ՔՆՆՉԱԿԱՆ ԵՐԿՐՈՐԴ ՎԱՐՉՈՒԹՅԱՆ ՀԱՏԿԱՊԵՍ ԿԱՐԵՎՈՐ ԳՈՐԾԵՐՈՎ ԱՎԱԳ ՔՆՆԻՉ,Պաշտոնատար անձի տարեկան հայտարարագիր--- (2021),http://cpcarmenia.am/hy/declarations-registry/id=89845/
ՀԿ_37,0,http://cpcarmenia.am//hy/declarations-registry/user_id=3498/,"ՀՀ հատուկ քննչական ծառայության կոռուպցիոն, կազմակերպված և պաշտոնեական հանցագործությունների քննության վարչության հատկապես կարևոր գործերի ավագ քննիչ",Պաշտոնատար անձի պաշտոնը ստանձնելու հայտարարագիր  (2017),http://cpcarmenia.am/hy/declarations-registry/id=17072/
ՀԿ_37,1,http://cpcarmenia.am//hy/declarations-registry/user_id=3498/,"ՀՀ հատուկ քննչական ծառայության կոռուպցիոն, կազմակերպված և պաշտոնեական հանցագործությունների քննության վարչության հատկապես կարևոր գործերի ավագ քննիչ",Պաշտոնատար անձի տարեկան հայտարարագիր (2017),http://cpcarmenia.am/hy/declarations-registry/id=24592/
ՀԿ_37,2,http://cpcarmenia.am//hy/declarations-registry/user_id=3498/,ՀՀ հատուկ քննչական ծառայության խոշտանգումների և մարդու դեմ ուղղված հանցագործությունների քննության վարչության հատկապես կարևոր գործերի ավագ քննիչ,Պաշտոնատար անձի տարեկան հայտարարագիր (2018),http://cpcarmenia.am/hy/declarations-registry/id=44267/
ՀԿ_37,3,http://cpcarmenia.am//hy/declarations-registry/user_id=3498/,ՀՀ հատուկ քննչական ծառայության խոշտանգումների և մարդու դեմ ուղղված հանցագործությունների քննության վարչության հատկապես կարևոր գործերի ավագ քննիչ,Պաշտոնատար անձի տարեկան հայտարարագիր-- (2019),http://cpcarmenia.am/hy/declarations-registry/id=50430/
ՀԿ_37,4,http://cpcarmenia.am//hy/declarations-registry/user_id=3498/,ՀՀ հատուկ քննչական ծառայության խոշտանգումների և մարդու դեմ ուղղված հանցագործությունների քննության վարչության հատկապես կարևոր գործերի ավագ քննիչ,Պաշտոնատար անձի տարեկան հայտարարագիր-- (2020),http://cpcarmenia.am/hy/declarations-registry/id=69963/
ՀԿ_37,5,http://cpcarmenia.am//hy/declarations-registry/user_id=3498/,ՀՀ ՀԱԿԱԿՈՌՈՒՊՑԻՈՆ ԿՈՄԻՏԵԻ ՔՆՆՉԱԿԱՆ ԵՐԿՐՈՐԴ ՎԱՐՉՈՒԹՅԱՆ ՀԱՏԿԱՊԵՍ ԿԱՐԵՎՈՐ ԳՈՐԾԵՐՈՎ ՔՆՆԻՉ,Պաշտոնատար անձի տարեկան հայտարարագիր--- (2021),http://cpcarmenia.am/hy/declarations-registry/id=94554/
ՀԿ_38,0,http://cpcarmenia.am//hy/declarations-registry/user_id=3507/,ՀՀ հատուկ քննչական ծառայության խոշտանգումների և մարդու դեմ ուղղված հանցագործությունների քննության վարչության հատկապես կարևոր գործերի ավագ քննիչ,Պաշտոնատար անձի պաշտոնը ստանձնելու հայտարարագիր  (2017),http://cpcarmenia.am/hy/declarations-registry/id=17162/
ՀԿ_38,1,http://cpcarmenia.am//hy/declarations-registry/user_id=3507/,ՀՀ հատուկ քննչական ծառայության խոշտանգումների և մարդու դեմ ուղղված հանցագործությունների քննության վարչության հատկապես կարևոր գործերի ավագ քննիչ,Պաշտոնատար անձի տարեկան հայտարարագիր (2017),http://cpcarmenia.am/hy/declarations-registry/id=25840/
ՀԿ_38,2,http://cpcarmenia.am//hy/declarations-registry/user_id=3507/,ՀՀ հատուկ քննչական ծառայության խոշտանգումների և մարդու դեմ ուղղված հանցագործությունների քննության վարչության հատկապես կարևոր գործերի ավագ քննիչ,Պաշտոնատար անձի տարեկան հայտարարագիր (2018),http://cpcarmenia.am/hy/declarations-registry/id=44322/
ՀԿ_38,3,http://cpcarmenia.am//hy/declarations-registry/user_id=3507/,ՀՀ հատուկ քննչական ծառայության խոշտանգումների և մարդու դեմ ուղղված հանցագործությունների քննության վարչության հատկապես կարևոր գործերի ավագ քննիչ,Պաշտոնատար անձի տարեկան հայտարարագիր-- (2019),http://cpcarmenia.am/hy/declarations-registry/id=48072/
ՀԿ_38,4,http://cpcarmenia.am//hy/declarations-registry/user_id=3507/,ՀՀ ՀԱԿԱԿՈՌՈՒՊՑԻՈՆ ԿՈՄԻՏԵԻ ՔՆՆՉԱԿԱՆ ԵՐԿՐՈՐԴ ՎԱՐՉՈՒԹՅԱՆ ՀԱՏԿԱՊԵՍ ԿԱՐԵՎՈՐ ԳՈՐԾԵՐՈՎ ՔՆՆԻՉ,Պաշտոնատար անձի տարեկան հայտարարագիր--- (2021),http://cpcarmenia.am/hy/declarations-registry/id=89964/
ՀԿ_38,5,http://cpcarmenia.am//hy/declarations-registry/user_id=3507/,ՀՀ հատուկ քննչական ծառայության խոշտանգումների և մարդու դեմ ուղղված հանցագործությունների քննության վարչության հատկապես կարևոր գործերի ավագ քննիչ,Պաշտոնատար անձի տարեկան հայտարարագիր-- (2020),http://cpcarmenia.am/hy/declarations-registry/id=101921/
ՀԿ_39,0,http://cpcarmenia.am//hy/declarations-registry/user_id=31703/,ՀՀ ՊԵԿ քննչական վարչության թիվ 2 բաժնի քննիչ,Պաշտոնատար անձի պաշտոնեական պարտականություններն ստանձնելու հայտարարագիր-- (2021),http://cpcarmenia.am/hy/declarations-registry/id=70262/
ՀԿ_39,1,http://cpcarmenia.am//hy/declarations-registry/user_id=31703/,ՀՀ ՊԵԿ քննչական վարչության թիվ 2 բաժնի քննիչ,Պաշտոնատար անձի տարեկան հայտարարագիր--- (2021),http://cpcarmenia.am/hy/declarations-registry/id=92913/
ՀԿ_40,0,http://cpcarmenia.am//hy/declarations-registry/user_id=3495/,ՀՀ հատուկ քննչական ծառայության ընդհանուր բնույթի հանցագործությունների քննության վարչության հատկապես կարևոր գործերի ավագ քննիչ,Պաշտոնատար անձի պաշտոնը ստանձնելու հայտարարագիր  (2017),http://cpcarmenia.am/hy/declarations-registry/id=15669/
ՀԿ_40,1,http://cpcarmenia.am//hy/declarations-registry/user_id=3495/,ՀՀ հատուկ քննչական ծառայության ընդհանուր բնույթի հանցագործությունների քննության վարչության հատկապես կարևոր գործերի ավագ քննիչ,Պաշտոնատար անձի տարեկան հայտարարագիր (2017),http://cpcarmenia.am/hy/declarations-registry/id=20990/
ՀԿ_40,2,http://cpcarmenia.am//hy/declarations-registry/user_id=3495/,Հատուկ քննչական ծառայության պետին առընթեր հատկապես կարևոր գործերի ավագ քննիչ,Պաշտոնատար անձի տարեկան հայտարարագիր (2018),http://cpcarmenia.am/hy/declarations-registry/id=42629/
ՀԿ_40,3,http://cpcarmenia.am//hy/declarations-registry/user_id=3495/,Հատուկ քննչական ծառայության պետին առընթեր հատկապես կարևոր գործերի ավագ քննիչ,Պաշտոնատար անձի տարեկան հայտարարագիր-- (2019),http://cpcarmenia.am/hy/declarations-registry/id=50031/
ՀԿ_40,4,http://cpcarmenia.am//hy/declarations-registry/user_id=3495/,Հատուկ քննչական ծառայության պետին առընթեր հատկապես կարևոր գործերի ավագ քննիչ,Պաշտոնատար անձի տարեկան հայտարարագիր-- (2020),http://cpcarmenia.am/hy/declarations-registry/id=66754/
ՀԿ_40,5,http://cpcarmenia.am//hy/declarations-registry/user_id=3495/,ՀՀ ՀԱԿԱԿՈՌՈՒՊՑԻՈՆ ԿՈՄԻՏԵԻ ՆԵՐՔԻՆ ԱՆՎՏԱՆԳՈՒԹՅԱՆ ՎԱՐՉՈՒԹՅԱՆ ՀԱՏԿԱՊԵՍ ԿԱՐԵՎՈՐ ԳՈՐԾԵՐՈՎ ԱՎԱԳ ՔՆՆԻՉ,Պաշտոնատար անձի տարեկան հայտարարագիր--- (2021),http://cpcarmenia.am/hy/declarations-registry/id=86970/
ՀԿ_41,0,http://cpcarmenia.am//hy/declarations-registry/user_id=5638/,"ՀՀ Հատուկ քննչական ծառայության կոռուպցիոն, կազմակերպված և պաշտոնեական հանցագործությունների քննության վարչության հատկապես կարևոր գործերի քննիչ",Պաշտոնատար անձի տարեկան հայտարարագիր (2017),http://cpcarmenia.am/hy/declarations-registry/id=24437/
ՀԿ_41,1,http://cpcarmenia.am//hy/declarations-registry/user_id=5638/,ՀՀ քննչական կոմիտեի Երևան քաղաքի քննչական վարչության Երևան քաղաքի Կենտրոն և Նորք-Մարաշ վարչական շրջանների քննչական բաժնի քննիչ,Պաշտոնատար անձի պաշտոնը ստանձնելու հայտարարագիր  (2017),http://cpcarmenia.am/hy/declarations-registry/id=32282/
ՀԿ_41,2,http://cpcarmenia.am//hy/declarations-registry/user_id=5638/,"ՀՀ Հատուկ քննչական ծառայության կոռուպցիոն, կազմակերպված և պաշտոնեական հանցագործությունների քննության վարչության հատկապես կարևոր գործերի քննիչ",Պաշտոնատար անձի տարեկան հայտարարագիր (2018),http://cpcarmenia.am/hy/declarations-registry/id=45658/
ՀԿ_41,3,http://cpcarmenia.am//hy/declarations-registry/user_id=5638/,"ՀՀ Հատուկ քննչական ծառայության կոռուպցիոն, կազմակերպված և պաշտոնեական հանցագործությունների քննության վարչության հատկապես կարևոր գործերի քննիչ",Պաշտոնատար անձի տարեկան հայտարարագիր-- (2019),http://cpcarmenia.am/hy/declarations-registry/id=56621/
ՀԿ_41,4,http://cpcarmenia.am//hy/declarations-registry/user_id=5638/,ՀՀ Հատուկ քննչական ծառայության խոշտանգումների և մարդու դեմ ուղղված հանցագործությունների քննության վարչության հատկապես կարևոր գործերի ավագ քննիչ,Պաշտոնատար անձի տարեկան հայտարարագիր-- (2020),http://cpcarmenia.am/hy/declarations-registry/id=73636/
ՀԿ_41,5,http://cpcarmenia.am//hy/declarations-registry/user_id=5638/,ՀՀ ՀԱԿԱԿՈՌՈՒՊՑԻՈՆ ԿՈՄԻՏԵԻ ՆԵՐՔԻՆ ԱՆՎՏԱՆԳՈՒԹՅԱՆ ՎԱՐՉՈՒԹՅԱՆ ՀԱՏԿԱՊԵՍ ԿԱՐԵՎՈՐ ԳՈՐԾԵՐՈՎ ԱՎԱԳ ՔՆՆԻՉ,Պաշտոնատար անձի տարեկան հայտարարագիր--- (2021),http://cpcarmenia.am/hy/declarations-registry/id=96421/
ՀԴԴ_01,0,http://cpcarmenia.am//hy/declarations-registry/user_id=27148/,Սյունիքի մարզի առաջին ատյանի ընդհանուր իրավասության դատարանի դատավոր,Պաշտոնատար անձի պաշտոնեական պարտականություններն ստանձնելու հայտարարագիր-- (2020),http://cpcarmenia.am/hy/declarations-registry/id=61925/
ՀԴԴ_01,1,http://cpcarmenia.am//hy/declarations-registry/user_id=27148/,Սյունիքի մարզի առաջին ատյանի ընդհանուր իրավասության դատարանի դատավոր,Պաշտոնատար անձի տարեկան հայտարարագիր-- (2020),http://cpcarmenia.am/hy/declarations-registry/id=66727/
ՀԴԴ_01,2,http://cpcarmenia.am//hy/declarations-registry/user_id=27148/,Սյունիքի մարզի առաջին ատյանի ընդհանուր իրավասության դատարանի դատավոր,Պաշտոնատար անձի տարեկան հայտարարագիր--- (2021),http://cpcarmenia.am/hy/declarations-registry/id=93457/
ՀԴԴ_02,0,http://cpcarmenia.am//hy/declarations-registry/user_id=25507/,Դատավորի օգնական,Պաշտոնատար անձի տարեկան հայտարարագիր-- (2020),http://cpcarmenia.am/hy/declarations-registry/id=62979/
ՀԴԴ_02,1,http://cpcarmenia.am//hy/declarations-registry/user_id=25507/,Դատավորի օգնական,Պաշտոնատար անձի պաշտոնեական պարտականություններն ստանձնելու հայտարարագիր-- (2020),http://cpcarmenia.am/hy/declarations-registry/id=67783/
ՀԴԴ_02,2,http://cpcarmenia.am//hy/declarations-registry/user_id=25507/,Դատավորի օգնական,Պաշտոնատար անձի պաշտոնեական պարտականությունները դադարեցնելու հայտարարագիր--- (2021),http://cpcarmenia.am/hy/declarations-registry/id=82505/
ՀԴԴ_02,3,http://cpcarmenia.am//hy/declarations-registry/user_id=25507/,ՀՀ Հակակոռուպցիոն դատարանի հակակոռուպցիոն քաղաքացիական գործերով մասնագիտացմամբ դատավոր,Պաշտոնատար անձի պաշտոնեական պարտականություններն ստանձնելու հայտարարագիր--- (2022),http://cpcarmenia.am/hy/declarations-registry/id=102790/
ՀԴԴ_03,0,http://cpcarmenia.am//hy/declarations-registry/user_id=5991/,ՀՀ քննչական կոմիտեի Կոտայքի մարզային քննչական վարչության Նաիրիի քննչական բաժնի քննիչ,Պաշտոնատար անձի պաշտոնը ստանձնելու հայտարարագիր  (2017),http://cpcarmenia.am/hy/declarations-registry/id=17666/
ՀԴԴ_03,1,http://cpcarmenia.am//hy/declarations-registry/user_id=5991/,ՀՀ քննչական կոմիտեի Կոտայքի մարզային քննչական վարչության Նաիրիի քննչական բաժնի քննիչ,Պաշտոնատար անձի տարեկան հայտարարագիր (2017),http://cpcarmenia.am/hy/declarations-registry/id=27743/
ՀԴԴ_03,2,http://cpcarmenia.am//hy/declarations-registry/user_id=5991/,ՀՀ քննչական կոմիտեի Կոտայքի մարզային քննչական վարչության ավագ քննիչ,Պաշտոնատար անձի տարեկան հայտարարագիր (2018),http://cpcarmenia.am/hy/declarations-registry/id=43922/
ՀԴԴ_03,3,http://cpcarmenia.am//hy/declarations-registry/user_id=5991/,ՀՀ ԱԱԾ քննչական դեպարտամենտի ավագ քննիչ,Պաշտոնատար անձի տարեկան հայտարարագիր-- (2019),http://cpcarmenia.am/hy/declarations-registry/id=49422/
ՀԴԴ_03,4,http://cpcarmenia.am//hy/declarations-registry/user_id=5991/,ՀՀ ԱԱԾ քննչական դեպարտամենտի ավագ քննիչ,Պաշտոնատար անձի տարեկան հայտարարագիր-- (2020),http://cpcarmenia.am/hy/declarations-registry/id=74924/
ՀԴԴ_03,5,http://cpcarmenia.am//hy/declarations-registry/user_id=5991/,ՀՀ ԱԱԾ քննչական դեպարտամենտի ավագ քննիչ,Պաշտոնատար անձի պաշտոնեական պարտականությունները դադարեցնելու հայտարարագիր--- (2022),http://cpcarmenia.am/hy/declarations-registry/id=87522/
ՀԴԴ_03,6,http://cpcarmenia.am//hy/declarations-registry/user_id=5991/,ՀՀ ԱԱԾ քննչական դեպարտամենտի ավագ քննիչ,Պաշտոնատար անձի տարեկան հայտարարագիր--- (2021),http://cpcarmenia.am/hy/declarations-registry/id=87525/
ՀԴԴ_03,7,http://cpcarmenia.am//hy/declarations-registry/user_id=5991/,ՀՀ Հակակոռուպցիոն դատարանի կոռուպցիոն հանցագործությունների վերաբերյալ վարույթներով մասնագիտացմամբ դատավոր,Պաշտոնատար անձի պաշտոնեական պարտականություններն ստանձնելու հայտարարագիր--- (2022),http://cpcarmenia.am/hy/declarations-registry/id=101211/
ՀԴԴ_04,0,http://cpcarmenia.am//hy/declarations-registry/user_id=41983/,ՀՀ Հակակոռուպցիոն դատարանի կոռուպցիոն հանցագործությունների վերաբերյալ վարույթներով մասնագիտացմամբ դատավոր,Պաշտոնատար անձի պաշտոնեական պարտականություններն ստանձնելու հայտարարագիր--- (2022),http://cpcarmenia.am/hy/declarations-registry/id=100649/
ՀԴԴ_05,0,http://cpcarmenia.am//hy/declarations-registry/user_id=4580/,ՀՀ գլխավոր դատախազության Հետաքննության և նախաքննության օրինականության նկատմամբ հսկողության վարչության ավագ դատախազ,Պաշտոնատար անձի տարեկան հայտարարագիր (2017),http://cpcarmenia.am/hy/declarations-registry/id=22465/
ՀԴԴ_05,1,http://cpcarmenia.am//hy/declarations-registry/user_id=4580/,ՀՀ գլխավոր դատախազության Հետաքննության և նախաքննության օրինականության նկատմամբ հսկողության վարչության ավագ դատախազ,Պաշտոնատար անձի պաշտոնը ստանձնելու հայտարարագիր  (2017),http://cpcarmenia.am/hy/declarations-registry/id=33444/
ՀԴԴ_05,2,http://cpcarmenia.am//hy/declarations-registry/user_id=4580/,ՀՀ գլխավոր դատախազության Հետաքննության և նախաքննության օրինականության նկատմամբ հսկողության վարչության ավագ դատախազ,Պաշտոնատար անձի տարեկան հայտարարագիր (2018),http://cpcarmenia.am/hy/declarations-registry/id=40275/
ՀԴԴ_05,3,http://cpcarmenia.am//hy/declarations-registry/user_id=4580/,ՀՀ գլխավոր դատախազության մարդու դեմ ուղղված հանցագործությունների գործերով վարչության պետի տեղակալ,Պաշտոնատար անձի տարեկան հայտարարագիր-- (2019),http://cpcarmenia.am/hy/declarations-registry/id=48555/
ՀԴԴ_05,4,http://cpcarmenia.am//hy/declarations-registry/user_id=4580/,ՀՀ գլխավոր դատախազության մարդու դեմ ուղղված հանցագործությունների գործերով վարչության պետի տեղակալ,Պաշտոնատար անձի տարեկան հայտարարագիր-- (2020),http://cpcarmenia.am/hy/declarations-registry/id=71416/
ՀԴԴ_05,5,http://cpcarmenia.am//hy/declarations-registry/user_id=4580/,ՀՀ գլխավոր դատախազության մարդու դեմ ուղղված հանցագործությունների գործերով վարչության պետի տեղակալ,Պաշտոնատար անձի տարեկան հայտարարագիր--- (2021),http://cpcarmenia.am/hy/declarations-registry/id=90274/
ՀԴԴ_06,0,http://cpcarmenia.am//hy/declarations-registry/user_id=20427/,Հատուկ քննչական ծառայության պետի խորհրդական,Պաշտոնատար անձի տարեկան հայտարարագիր-- (2019),http://cpcarmenia.am/hy/declarations-registry/id=49067/
ՀԴԴ_06,1,http://cpcarmenia.am//hy/declarations-registry/user_id=20427/,Հատուկ քննչական ծառայության պետի խորհրդական,Պաշտոնատար անձի տարեկան հայտարարագիր-- (2020),http://cpcarmenia.am/hy/declarations-registry/id=63514/
ՀԴԴ_06,2,http://cpcarmenia.am//hy/declarations-registry/user_id=20427/,ՀՀ ՀԱԿԱԿՈՌՈՒՊՑԻՈՆ ԿՈՄԻՏԵԻ ՆԱԽԱԳԱՀԻ ԽՈՐՀՐԴԱԿԱՆ,Պաշտոնատար անձի պաշտոնեական պարտականությունները դադարեցնելու հայտարարագիր--- (2022),http://cpcarmenia.am/hy/declarations-registry/id=85664/
ՀԴԴ_06,3,http://cpcarmenia.am//hy/declarations-registry/user_id=20427/,չեմ աշխատում,Պաշտոնատար անձի տարեկան հայտարարագիր--- (2021),http://cpcarmenia.am/hy/declarations-registry/id=89665/
ՀԴԴ_07,0,http://cpcarmenia.am//hy/declarations-registry/user_id=41984/,ՀՀ Հակակոռուպցիոն դատարանի կոռուպցիոն հանցագործությունների վերաբերյալ վարույթներով մասնագիտացմամբ դատավոր,Պաշտոնատար անձի պաշտոնեական պարտականություններն ստանձնելու հայտարարագիր--- (2022),http://cpcarmenia.am/hy/declarations-registry/id=100619/
ՀԴԴ_08,0,http://cpcarmenia.am//hy/declarations-registry/user_id=41985/,ՀՀ Հակակոռուպցիոն դատարանի հակակոռուպցիոն քաղաքացիական գործերով մասնագիտացմամբ դատավոր,Պաշտոնատար անձի պաշտոնեական պարտականություններն ստանձնելու հայտարարագիր--- (2022),http://cpcarmenia.am/hy/declarations-registry/id=100618/
ՀԴԴ_09,0,http://cpcarmenia.am//hy/declarations-registry/user_id=26615/,ՀՀ կադաստրի կոմիտեի ղեկավարի տեղակալ,Պաշտոնատար անձի պաշտոնեական պարտականություններն ստանձնելու հայտարարագիր-- (2020),http://cpcarmenia.am/hy/declarations-registry/id=60800/
ՀԴԴ_09,1,http://cpcarmenia.am//hy/declarations-registry/user_id=26615/,ՀՀ կադաստրի կոմիտեի ղեկավարի տեղակալ,Պաշտոնատար անձի տարեկան հայտարարագիր-- (2020),http://cpcarmenia.am/hy/declarations-registry/id=65638/
ՀԴԴ_09,2,http://cpcarmenia.am//hy/declarations-registry/user_id=26615/,ՀՀ կադաստրի կոմիտեի ղեկավարի տեղակալ,Պաշտոնատար անձի տարեկան հայտարարագիր--- (2021),http://cpcarmenia.am/hy/declarations-registry/id=90921/
ՀԴԴ_10,0,http://cpcarmenia.am//hy/declarations-registry/user_id=36139/,ՀՀ դատական դեպարտամենտի ղեկավարի առաջին տեղակալ,Պաշտոնատար անձի պաշտոնեական պարտականություններն ստանձնելու հայտարարագիր--- (2021),http://cpcarmenia.am/hy/declarations-registry/id=100564/
ՀԴԴ_10,1,http://cpcarmenia.am//hy/declarations-registry/user_id=36139/,ՀՀ դատական դեպարտամենտի ղեկավարի առաջին տեղակալ,Պաշտոնատար անձի տարեկան հայտարարագիր--- (2021),http://cpcarmenia.am/hy/declarations-registry/id=100709/
ՀԴԴ_10,2,http://cpcarmenia.am//hy/declarations-registry/user_id=36139/,ՀՀ դատական դեպարտամենտի ղեկավարի առաջին տեղակալ,Պաշտոնատար անձի պաշտոնեական պարտականությունները դադարեցնելու հայտարարագիր--- (2022),http://cpcarmenia.am/hy/declarations-registry/id=101843/
ՀԴԴ_10,3,http://cpcarmenia.am//hy/declarations-registry/user_id=36139/,ՀՀ Հակակոռուպցիոն դատարանի կոռուպցիոն հանցագործությունների վերաբերյալ վարույթներով մասնագիտացմամբ դատավոր,Պաշտոնատար անձի պաշտոնեական պարտականություններն ստանձնելու հայտարարագիր--- (2022),http://cpcarmenia.am/hy/declarations-registry/id=103153/
ՀԴԴ_11,0,http://cpcarmenia.am//hy/declarations-registry/user_id=4574/,ՀՀ գլխավոր դատախազության Հատկապես կարևոր գործերով վարչության դատախազ,Պաշտոնատար անձի պաշտոնը ստանձնելու հայտարարագիր  (2017),http://cpcarmenia.am/hy/declarations-registry/id=16876/
ՀԴԴ_11,1,http://cpcarmenia.am//hy/declarations-registry/user_id=4574/,ՀՀ գլխավոր դատախազության Հատկապես կարևոր գործերով վարչության դատախազ,Պաշտոնատար անձի տարեկան հայտարարագիր (2017),http://cpcarmenia.am/hy/declarations-registry/id=23992/
ՀԴԴ_11,2,http://cpcarmenia.am//hy/declarations-registry/user_id=4574/,ՀՀ գլխավոր դատախազության Հատկապես կարևոր գործերով վարչության դատախազ,Պաշտոնատար անձի տարեկան հայտարարագիր (2018),http://cpcarmenia.am/hy/declarations-registry/id=42625/
ՀԴԴ_11,3,http://cpcarmenia.am//hy/declarations-registry/user_id=4574/,ՀՀ գլխավոր դատախազության հասարակական անվտանգության դեմ ուղղված   հանցագործությունների գործերով վարչության դատախազ,Պաշտոնատար անձի տարեկան հայտարարագիր-- (2019),http://cpcarmenia.am/hy/declarations-registry/id=54704/
ՀԴԴ_11,4,http://cpcarmenia.am//hy/declarations-registry/user_id=4574/,ՀՀ գլխավոր դատախազության հասարակական անվտանգության դեմ ուղղված հանցագործությունների գործերով վարչության ավագ դատախազ,Պաշտոնատար անձի տարեկան հայտարարագիր-- (2020),http://cpcarmenia.am/hy/declarations-registry/id=71621/
ՀԴԴ_11,5,http://cpcarmenia.am//hy/declarations-registry/user_id=4574/,ՀՀ գլխավոր դատախազության հասարակական անվտանգության դեմ ուղղված հանցագործությունների գործերով վարչության ավագ դատախազ,Պաշտոնատար անձի տարեկան հայտարարագիր--- (2021),http://cpcarmenia.am/hy/declarations-registry/id=92329/
ՀԴԴ_12,0,http://cpcarmenia.am//hy/declarations-registry/user_id=4572/,ՀՀ գլխավոր դատախազության Հատկապես կարևոր գործերով վարչության դատախազ,Պաշտոնատար անձի պաշտոնը ստանձնելու հայտարարագիր  (2017),http://cpcarmenia.am/hy/declarations-registry/id=17908/
ՀԴԴ_12,1,http://cpcarmenia.am//hy/declarations-registry/user_id=4572/,ՀՀ գլխավոր դատախազության Հատկապես կարևոր գործերով վարչության դատախազ,Պաշտոնատար անձի տարեկան հայտարարագիր (2017),http://cpcarmenia.am/hy/declarations-registry/id=26451/
ՀԴԴ_12,2,http://cpcarmenia.am//hy/declarations-registry/user_id=4572/,ՀՀ գլխավոր դատախազության հատկապես կարևոր գործերով քննության նկատմամբ հսկողության վարչության ավագ  դատախազ,Պաշտոնատար անձի տարեկան հայտարարագիր (2018),http://cpcarmenia.am/hy/declarations-registry/id=44201/
ՀԴԴ_12,3,http://cpcarmenia.am//hy/declarations-registry/user_id=4572/,ՀՀ գլխավոր դատախազության ՀՀ հատուկ քննչական ծառայությունում  մինչդատական վարույթի օրինականության նկատմամբ հսկողության վարչության ավագ դատախազ,Պաշտոնատար անձի տարեկան հայտարարագիր-- (2019),http://cpcarmenia.am/hy/declarations-registry/id=57383/
ՀԴԴ_12,4,http://cpcarmenia.am//hy/declarations-registry/user_id=4572/,Լոռու մարզի  դատախազի տեղակալ,Պաշտոնատար անձի տարեկան հայտարարագիր-- (2020),http://cpcarmenia.am/hy/declarations-registry/id=73215/
ՀԴԴ_12,5,http://cpcarmenia.am//hy/declarations-registry/user_id=4572/,Լոռու մարզի  դատախազի տեղակալ,Պաշտոնատար անձի պաշտոնեական պարտականությունները դադարեցնելու հայտարարագիր--- (2022),http://cpcarmenia.am/hy/declarations-registry/id=85887/
ՀԴԴ_12,6,http://cpcarmenia.am//hy/declarations-registry/user_id=4572/,Լոռու մարզի  դատախազի տեղակալ,Պաշտոնատար անձի տարեկան հայտարարագիր--- (2021),http://cpcarmenia.am/hy/declarations-registry/id=86311/
ՀԴԴ_13,0,http://cpcarmenia.am//hy/declarations-registry/user_id=25453/,Դատավորի օգնական,Պաշտոնատար անձի պաշտոնեական պարտականություններն ստանձնելու հայտարարագիր-- (2020),http://cpcarmenia.am/hy/declarations-registry/id=60699/
ՀԴԴ_13,1,http://cpcarmenia.am//hy/declarations-registry/user_id=25453/,ՀՀ գլխավոր դատախազության ապօրինի ծագում ունեցող գույքի բռնագանձման գործերով վարչության դատախազ,Պաշտոնատար անձի տարեկան հայտարարագիր-- (2020),http://cpcarmenia.am/hy/declarations-registry/id=67373/
ՀԴԴ_13,2,http://cpcarmenia.am//hy/declarations-registry/user_id=25453/,ՀՀ գլխավոր դատախազության ապօրինի ծագում ունեցող գույքի բռնագանձման գործերով վարչության դատախազ,Պաշտոնատար անձի տարեկան հայտարարագիր--- (2021),http://cpcarmenia.am/hy/declarations-registry/id=87550/
ԱԾՈՒԳ_01,0,http://cpcarmenia.am//hy/declarations-registry/user_id=19258/,ՀՀ արդարադատության նախարարի տեղակալ,Պաշտոնատար անձի պաշտոնը ստանձնելու հայտարարագիր  (2019),http://cpcarmenia.am/hy/declarations-registry/id=46604/
ԱԾՈՒԳ_01,1,http://cpcarmenia.am//hy/declarations-registry/user_id=19258/,ՀՀ արդարադատության նախարարի տեղակալ,Պաշտոնատար անձի տարեկան հայտարարագիր-- (2019),http://cpcarmenia.am/hy/declarations-registry/id=55021/
ԱԾՈՒԳ_01,2,http://cpcarmenia.am//hy/declarations-registry/user_id=19258/,ՀՀ գլխավոր դատախազի՝ ապօրինի ծագում ունեցող գույքի բռնագանձմանն ուղղված գործառույթների ոլորտը համակարգող տեղակալ,Պաշտոնատար անձի տարեկան հայտարարագիր-- (2020),http://cpcarmenia.am/hy/declarations-registry/id=76305/
ԱԾՈՒԳ_01,3,http://cpcarmenia.am//hy/declarations-registry/user_id=19258/,ՀՀ գլխավոր դատախազի՝ ապօրինի ծագում ունեցող գույքի բռնագանձմանն ուղղված գործառույթների ոլորտը համակարգող տեղակալ,Պաշտոնատար անձի տարեկան հայտարարագիր--- (2021),http://cpcarmenia.am/hy/declarations-registry/id=97327/
ԱԾՈՒԳ_02,0,http://cpcarmenia.am//hy/declarations-registry/user_id=19060/,"Երևան քաղաքի Էրեբունի, Նուբարաշեն վարչական շրջանների դատախազության դատախազ",Պաշտոնատար անձի պաշտոնը ստանձնելու հայտարարագիր  (2019),http://cpcarmenia.am/hy/declarations-registry/id=46149/
ԱԾՈՒԳ_02,1,http://cpcarmenia.am//hy/declarations-registry/user_id=19060/,Էրեբունի և Նուբարաշեն վարչական շրջանների դատախազության դատախազ,Պաշտոնատար անձի տարեկան հայտարարագիր-- (2019),http://cpcarmenia.am/hy/declarations-registry/id=48496/
ԱԾՈՒԳ_02,2,http://cpcarmenia.am//hy/declarations-registry/user_id=19060/,ՀՀ գլխավոր դատախազության ապօրինի ծագում ունեցող գույքի բռնագանձման գործերով վարչության պետ,Պաշտոնատար անձի տարեկան հայտարարագիր-- (2020),http://cpcarmenia.am/hy/declarations-registry/id=68784/
ԱԾՈՒԳ_02,3,http://cpcarmenia.am//hy/declarations-registry/user_id=19060/,ՀՀ գլխավոր դատախազության ապօրինի ծագում ունեցող գույքի բռնագանձման գործերով վարչության պետ,Պաշտոնատար անձի տարեկան հայտարարագիր--- (2021),http://cpcarmenia.am/hy/declarations-registry/id=88230/
ԱԾՈՒԳ_03,0,http://cpcarmenia.am//hy/declarations-registry/user_id=4573/,ՀՀ գլխավոր դատախազության Հատկապես կարևոր գործերով վարչության դատախազ,Պաշտոնատար անձի պաշտոնը ստանձնելու հայտարարագիր  (2017),http://cpcarmenia.am/hy/declarations-registry/id=17287/
ԱԾՈՒԳ_03,1,http://cpcarmenia.am//hy/declarations-registry/user_id=4573/,ՀՀ գլխավոր դատախազության Հատկապես կարևոր գործերով վարչության դատախազ,Պաշտոնատար անձի տարեկան հայտարարագիր (2017),http://cpcarmenia.am/hy/declarations-registry/id=22243/
ԱԾՈՒԳ_03,2,http://cpcarmenia.am//hy/declarations-registry/user_id=4573/,ՀՀ գլխավոր դատախազության Հատկապես կարևոր գործերով վարչության դատախազ,Պաշտոնատար անձի տարեկան հայտարարագիր (2018),http://cpcarmenia.am/hy/declarations-registry/id=40533/
ԱԾՈՒԳ_03,3,http://cpcarmenia.am//hy/declarations-registry/user_id=4573/,ՀՀ հատուկ քննչական ծառայությունում մինչդատական վարույթի օրինականության նկատմամբ հսկողության վարչության դատախազ,Պաշտոնատար անձի տարեկան հայտարարագիր-- (2019),http://cpcarmenia.am/hy/declarations-registry/id=50244/
ԱԾՈՒԳ_03,4,http://cpcarmenia.am//hy/declarations-registry/user_id=4573/,ՀՀ գլխավոր դատախազության ապօրինի ծագում ունեցող գույքի բռնագանձման գործերով վարչության պետի տեղակալ,Պաշտոնատար անձի տարեկան հայտարարագիր-- (2020),http://cpcarmenia.am/hy/declarations-registry/id=66206/
ԱԾՈՒԳ_03,5,http://cpcarmenia.am//hy/declarations-registry/user_id=4573/,ՀՀ գլխավոր դատախազության ապօրինի ծագում ունեցող գույքի բռնագանձման գործերով վարչության պետի տեղակալ,Պաշտոնատար անձի տարեկան հայտարարագիր--- (2021),http://cpcarmenia.am/hy/declarations-registry/id=100378/
ԱԾՈՒԳ_04,0,http://cpcarmenia.am//hy/declarations-registry/user_id=19953/,ՀՀ զինվորական կենտրոնական դատախազության պետական շահերի պաշտպանության բաժնի դատախազ,Պաշտոնատար անձի պաշտոնը ստանձնելու հայտարարագիր  (2019),http://cpcarmenia.am/hy/declarations-registry/id=47250/
ԱԾՈՒԳ_04,1,http://cpcarmenia.am//hy/declarations-registry/user_id=19953/,ՀՀ զինվորական կենտրոնական դատախազության պետական շահերի պաշտպանության բաժնի դատախազ,Պաշտոնատար անձի տարեկան հայտարարագիր-- (2019),http://cpcarmenia.am/hy/declarations-registry/id=47693/
ԱԾՈՒԳ_04,2,http://cpcarmenia.am//hy/declarations-registry/user_id=19953/,ՀՀ գլխավոր դատախազության ապօրինի ծագում ունեցող գույքի բռնագանձման գործերով վարչության դատախազ,Պաշտոնատար անձի տարեկան հայտարարագիր-- (2020),http://cpcarmenia.am/hy/declarations-registry/id=70737/
ԱԾՈՒԳ_04,3,http://cpcarmenia.am//hy/declarations-registry/user_id=19953/,ՀՀ գլխավոր դատախազության ապօրինի ծագում ունեցող գույքի բռնագանձման գործերով վարչության դատախազ,Պաշտոնատար անձի տարեկան հայտարարագիր--- (2021),http://cpcarmenia.am/hy/declarations-registry/id=93522/
ԱԾՈՒԳ_05,0,http://cpcarmenia.am//hy/declarations-registry/user_id=36727/,ՀՀ գլխավոր դատախազի՝ ապօրինի ծագում ունեցող գույքի բռնագանձմանն ուղղված գործառույթների ոլորտը համակարգող տեղակալի օգանական,Պաշտոնատար անձի պաշտոնեական պարտականություններն ստանձնելու հայտարարագիր--- (2022),http://cpcarmenia.am/hy/declarations-registry/id=81374/
ԱԾՈՒԳ_06,0,http://cpcarmenia.am//hy/declarations-registry/user_id=27822/,ՀՀ գլխավոր դատախազության ապօրինի ծագում ունեցող գույքի բռնագանձման գործերով վարչության դատախազ,Պաշտոնատար անձի պաշտոնեական պարտականություններն ստանձնելու հայտարարագիր-- (2020),http://cpcarmenia.am/hy/declarations-registry/id=62189/
ԱԾՈՒԳ_06,1,http://cpcarmenia.am//hy/declarations-registry/user_id=27822/,ՀՀ գլխավոր դատախազության ապօրինի ծագում ունեցող գույքի բռնագանձման գործերով վարչության դատախազ,Պաշտոնատար անձի տարեկան հայտարարագիր-- (2020),http://cpcarmenia.am/hy/declarations-registry/id=62932/
ԱԾՈՒԳ_06,2,http://cpcarmenia.am//hy/declarations-registry/user_id=27822/,ՀՀ գլխավոր դատախազության ապօրինի ծագում ունեցող գույքի բռնագանձման գործերով վարչության դատախազ,Պաշտոնատար անձի տարեկան հայտարարագիր--- (2021),http://cpcarmenia.am/hy/declarations-registry/id=81698/
ԱԾՈՒԳ_07,0,http://cpcarmenia.am//hy/declarations-registry/user_id=27823/,ՀՀ  գլխավոր դատախազության ապօրինի ծագում ունեցող գույքի բռնագանձման գործերով վարչության դատախազ,Պաշտոնատար անձի պաշտոնեական պարտականություններն ստանձնելու հայտարարագիր-- (2020),http://cpcarmenia.am/hy/declarations-registry/id=62194/
ԱԾՈՒԳ_07,1,http://cpcarmenia.am//hy/declarations-registry/user_id=27823/,ՀՀ  գլխավոր դատախազության ապօրինի ծագում ունեցող գույքի բռնագանձման գործերով վարչության դատախազ,Պաշտոնատար անձի տարեկան հայտարարագիր-- (2020),http://cpcarmenia.am/hy/declarations-registry/id=70130/
ԱԾՈՒԳ_07,2,http://cpcarmenia.am//hy/declarations-registry/user_id=27823/,ՀՀ  գլխավոր դատախազության ապօրինի ծագում ունեցող գույքի բռնագանձման գործերով վարչության դատախազ,Պաշտոնատար անձի տարեկան հայտարարագիր--- (2021),http://cpcarmenia.am/hy/declarations-registry/id=91216/
ԱԾՈՒԳ_08,0,http://cpcarmenia.am//hy/declarations-registry/user_id=27824/,ՀՀ գլխավոր դատախազության ապօրինի ծագում ունեցող գույքի բռնագանձման գործերով վարչության դատախազ,Պաշտոնատար անձի պաշտոնեական պարտականություններն ստանձնելու հայտարարագիր-- (2020),http://cpcarmenia.am/hy/declarations-registry/id=62913/
ԱԾՈՒԳ_08,1,http://cpcarmenia.am//hy/declarations-registry/user_id=27824/,ՀՀ գլխավոր դատախազության ապօրինի ծագում ունեցող գույքի բռնագանձման գործերով վարչության դատախազ,Պաշտոնատար անձի տարեկան հայտարարագիր-- (2020),http://cpcarmenia.am/hy/declarations-registry/id=69187/
ԱԾՈՒԳ_08,2,http://cpcarmenia.am//hy/declarations-registry/user_id=27824/,ՀՀ գլխավոր դատախազության ապօրինի ծագում ունեցող գույքի բռնագանձման գործերով վարչության դատախազ,Պաշտոնատար անձի տարեկան հայտարարագիր--- (2021),http://cpcarmenia.am/hy/declarations-registry/id=85386/
ԱԾՈՒԳ_09,0,http://cpcarmenia.am//hy/declarations-registry/user_id=41193/,ՀՀ գլխավոր դատախազության ապօրինի ծագում ունեցող գույքի բռնագանձման գործերով վարչության դատախազ,Պաշտոնատար անձի պաշտոնեական պարտականություններն ստանձնելու հայտարարագիր--- (2022),http://cpcarmenia.am/hy/declarations-registry/id=100355/
ԱԾՈՒԳ_10,0,http://cpcarmenia.am//hy/declarations-registry/user_id=42136/,ՀՀ գլխավոր դատախազության ապօրինի ծագում ունեցող գույքի բռնագանձման գործերով վարչության դատախազ,Պաշտոնատար անձի պաշտոնեական պարտականություններն ստանձնելու հայտարարագիր--- (2022),http://cpcarmenia.am/hy/declarations-registry/id=101110/
