,id,name,NN ը/կ,"Հայտարարատու սեփականատիրոջ անունը, ազգանունը, հայրանունը",Տվյալ տարվա սկզբում առկա անշարժ գույքի տեսակը,Սեփականության իրավունքի տեսակը,Հայտարարատու սեփականատիրոջ բաժինը,Համասեփականատիրոջ բաժինը,"Համասեփականատիրոջ անվանումը կամ անունը, ազգանունը, հայրանունը",Հայտարարատուի և համասեփականատիրոջ միջև առկա կապի բնույթը,Գտնվելու վայրի հասցեն,Անշարժ գույքի հաշվառման համարը,Անշարժ գույքի մակերեսը,"Անշարժ գույքը ձեռք բերելու օրը, ամիսը, տարին",Անշարժ գույքը ձեռք բերելու եղանակը,"Առկա է տարվա վերջում (այո, ոչ, մասնակի)"
0,https://registry.cpcarmenia.am/declaration/?id=1_1_1_103749,ԳԵՎՈՐԳ ՔՈՉԱՐՅԱՆ ԱՐՄԵՆԻ,1.,ԳԵՎՈՐԳ ՔՈՉԱՐՅԱՆ ԱՐՄԵՆԻ,"Բնակարանը` բազմաբնակարան բնակելի շենքում ֆիզիկական անձանց բնակության համար նախատեսված, իրավունքների պետական գրանցումն իրականացնող լիազոր մարմնում առանձին ծածկագրով գրանցված և համարակալված տարածքը",Համատեղ,,Պաշտպանված,Պաշտպանված,Պաշտպանված,Հայաստանի Հանրապետություն ԵՐԵՎԱՆ ԿԵՆՏՐՈՆ Պաշտպանված,Պաշտպանված,Պաշտպանված,01/03/2001,Այլ,Պաշտպանված
1,https://registry.cpcarmenia.am/declaration/?id=1_1_1_103912,ԱՐՏԱՇԵՍ ՀԱՐՈՒԹՅՈՒՆՅԱՆ ՀԱՄԼԵՏԻ,Տվյալներ չկան,,,,,,,,,,,,,
2,https://registry.cpcarmenia.am/declaration/?id=1_1_1_103884,ՍԻՐՈ ԱՄԻՐԽԱՆՅԱՆ ՀՐԱՉԻ,1.,ՍԻՐՈ ԱՄԻՐԽԱՆՅԱՆ ՀՐԱՉԻ,"Անհատական բնակելի տունը` հողամասի վրա կառուցված, իր տնտեսական շինություններով",Միանձնյա,,Պաշտպանված,Պաշտպանված,Պաշտպանված,Հայաստանի Հանրապետություն ԿՈՏԱՅՔ ԱՐԱԳՅՈՒՂ Պաշտպանված,Պաշտպանված,Պաշտպանված,16/06/2017,Նվիրատվություն,Պաշտպանված
3,https://registry.cpcarmenia.am/declaration/?id=1_1_1_104148,ՌՈՒԶԱՆՆԱ ԽՈՒԴԱՎԵՐԴՅԱՆ ՌՈԲԵՐՏԻ,Տվյալներ չկան,,,,,,,,,,,,,
4,https://registry.cpcarmenia.am/declaration/?id=1_1_1_103969,ՍՐԲՈՒՀԻ ԳԱԼՅԱՆ ՀՈՎՀԱՆՆԵՍԻ,1.,ՍՐԲՈՒՀԻ ԳԱԼՅԱՆ ՀՈՎՀԱՆՆԵՍԻ,"Բնակարանը` բազմաբնակարան բնակելի շենքում ֆիզիկական անձանց բնակության համար նախատեսված, իրավունքների պետական գրանցումն իրականացնող լիազոր մարմնում առանձին ծածկագրով գրանցված և համարակալված տարածքը",Համատեղ,,Պաշտպանված,Պաշտպանված,Պաշտպանված,Հայաստանի Հանրապետություն ԵՐԵՎԱՆ ԿԵՆՏՐՈՆ Պաշտպանված,Պաշտպանված,Պաշտպանված,15/09/2017,Գնում,Պաշտպանված
5,https://registry.cpcarmenia.am/declaration/?id=1_1_1_103969,ՍՐԲՈՒՀԻ ԳԱԼՅԱՆ ՀՈՎՀԱՆՆԵՍԻ,2.,ՍՐԲՈՒՀԻ ԳԱԼՅԱՆ ՀՈՎՀԱՆՆԵՍԻ,"Անհատական բնակելի տունը` հողամասի վրա կառուցված, իր տնտեսական շինություններով",Համատեղ,,Պաշտպանված,Պաշտպանված,Պաշտպանված,Հայաստանի Հանրապետություն ՏԱՎՈՒՇ ԴԻԼԻՋԱՆ Պաշտպանված,Պաշտպանված,Պաշտպանված,12/08/2015,Գնում,Պաշտպանված
6,https://registry.cpcarmenia.am/declaration/?id=1_1_1_103969,ՍՐԲՈՒՀԻ ԳԱԼՅԱՆ ՀՈՎՀԱՆՆԵՍԻ,3.,ՍՐԲՈՒՀԻ ԳԱԼՅԱՆ ՀՈՎՀԱՆՆԵՍԻ,Հողամաս,Համատեղ,,Պաշտպանված,Պաշտպանված,Պաշտպանված,Հայաստանի Հանրապետություն ՏԱՎՈՒՇ ԴԻԼԻՋԱՆ Պաշտպանված,Պաշտպանված,Պաշտպանված,08/12/2015,Գնում,Պաշտպանված
7,https://registry.cpcarmenia.am/declaration/?id=1_1_1_103614,ՀԱՄԼԵՏ ՀԱՐՈՒԹՅՈՒՆՅԱՆ ՀԱՐՈՒԹՅՈՒՆԻ,Տվյալներ չկան,,,,,,,,,,,,,
8,https://registry.cpcarmenia.am/declaration/?id=1_1_1_104049,ՆԱԻՐԱ ԱՐՏԱՇԵՍՅԱՆ ՄԿՐՏԻՉԻ,Տվյալներ չկան,,,,,,,,,,,,,
9,https://registry.cpcarmenia.am/declaration/?id=1_1_1_103759,ՄԻՀՐԱՆ ԲՈՒԼՂԱԴԱՐՅԱՆ ԱՐԹՈՒՐԻ,1.,ՄԻՀՐԱՆ ԲՈՒԼՂԱԴԱՐՅԱՆ ԱՐԹՈՒՐԻ,"Բնակարանը` բազմաբնակարան բնակելի շենքում ֆիզիկական անձանց բնակության համար նախատեսված, իրավունքների պետական գրանցումն իրականացնող լիազոր մարմնում առանձին ծածկագրով գրանցված և համարակալված տարածքը",Համատեղ,,Պաշտպանված,Պաշտպանված,Պաշտպանված,Հայաստանի Հանրապետություն ԵՐԵՎԱՆ ՆՈՐ ՆՈՐՔ Պաշտպանված,Պաշտպանված,Պաշտպանված,27/05/1997,Այլ,Պաշտպանված
10,https://registry.cpcarmenia.am/declaration/?id=1_1_1_103950,ՆԵԼԼԻ ՏԵՐ-ԹՈՐՈՍՅԱՆ ՏԻԳՐԱՆԻ,Տվյալներ չկան,,,,,,,,,,,,,
11,https://registry.cpcarmenia.am/declaration/?id=1_1_1_103834,ՏԻԳՐԱՆ ԵՆՈՔՅԱՆ ԱՂՎԱՆԻ,Տվյալներ չկան,,,,,,,,,,,,,
12,https://registry.cpcarmenia.am/declaration/?id=1_1_1_101925,ԽԱՉԻԿ ՂԱԶԱՐՅԱՆ ԿԱՐԱՊԵՏԻ,1.,ԽԱՉԻԿ ՂԱԶԱՐՅԱՆ ԿԱՐԱՊԵՏԻ,"Բնակարանը` բազմաբնակարան բնակելի շենքում ֆիզիկական անձանց բնակության համար նախատեսված, իրավունքների պետական գրանցումն իրականացնող լիազոր մարմնում առանձին ծածկագրով գրանցված և համարակալված տարածքը",Բաժնային,"0,25",Պաշտպանված,Պաշտպանված,Պաշտպանված,Հայաստանի Հանրապետություն ԵՐԵՎԱՆ ԱՐԱԲԿԻՐ Պաշտպանված,Պաշտպանված,Պաշտպանված,26/03/1998,Ժառանգություն,Պաշտպանված
13,https://registry.cpcarmenia.am/declaration/?id=1_1_1_101925,ԽԱՉԻԿ ՂԱԶԱՐՅԱՆ ԿԱՐԱՊԵՏԻ,2.,ԽԱՉԻԿ ՂԱԶԱՐՅԱՆ ԿԱՐԱՊԵՏԻ,"Անհատական բնակելի տունը` հողամասի վրա կառուցված, իր տնտեսական շինություններով",Միանձնյա,,Պաշտպանված,Պաշտպանված,Պաշտպանված,Հայաստանի Հանրապետություն ԵՐԵՎԱՆ ԱՐԱԲԿԻՐ Պաշտպանված,Պաշտպանված,Պաշտպանված,16/12/2014,Նվիրատվություն,Պաշտպանված
14,https://registry.cpcarmenia.am/declaration/?id=1_1_1_102188,ՎԱՀԵ ԴՈԼՄԱԶՅԱՆ ԱՐՍԵՆԻ,1.,ՎԱՀԵ ԴՈԼՄԱԶՅԱՆ ԱՐՍԵՆԻ,Հողամաս,Միանձնյա,,Պաշտպանված,Պաշտպանված,Պաշտպանված,Հայաստանի Հանրապետություն ԼՈՌԻ ՎԱՆԱՁՈՐ Պաշտպանված,Պաշտպանված,Պաշտպանված,15/04/2021,Գնում,Պաշտպանված
15,https://registry.cpcarmenia.am/declaration/?id=1_1_1_102188,ՎԱՀԵ ԴՈԼՄԱԶՅԱՆ ԱՐՍԵՆԻ,2.,ՎԱՀԵ ԴՈԼՄԱԶՅԱՆ ԱՐՍԵՆԻ,"Բնակարանը` բազմաբնակարան բնակելի շենքում ֆիզիկական անձանց բնակության համար նախատեսված, իրավունքների պետական գրանցումն իրականացնող լիազոր մարմնում առանձին ծածկագրով գրանցված և համարակալված տարածքը",Համատեղ,,Պաշտպանված,Պաշտպանված,Պաշտպանված,Հայաստանի Հանրապետություն ԼՈՌԻ ՎԱՆԱՁՈՐ Պաշտպանված,Պաշտպանված,Պաշտպանված,04/04/2008,Ժառանգություն,Պաշտպանված
16,https://registry.cpcarmenia.am/declaration/?id=1_1_2_101859,ԳԵՂԵՑԻԿ ԲԱԼՅԱՆ ԱՐԱՅԻԿԻ,Տվյալներ չկան,,,,,,,,,,,,,
17,https://registry.cpcarmenia.am/declaration/?id=1_1_2_102544,ԱԼՎԻՆԱ ՄԱՐՏԻՐՈՍՅԱՆ ՍՄԲԱՏԻ,Տվյալներ չկան,,,,,,,,,,,,,
18,https://registry.cpcarmenia.am/declaration/?id=1_1_2_102837,ԼԻԼԻԹ ԲԱԴԱԼՅԱՆ ՅՈՒՐԻԻ,Տվյալներ չկան,,,,,,,,,,,,,
19,https://registry.cpcarmenia.am/declaration/?id=1_1_1_102747,ԼԻԼԻ ԴՐՄԵՅԱՆ ՄԱՄԻԿՈՆԻ,1.,ԼԻԼԻ ԴՐՄԵՅԱՆ ՄԱՄԻԿՈՆԻ,"Բնակարանը` բազմաբնակարան բնակելի շենքում ֆիզիկական անձանց բնակության համար նախատեսված, իրավունքների պետական գրանցումն իրականացնող լիազոր մարմնում առանձին ծածկագրով գրանցված և համարակալված տարածքը",Բաժնային,1/7,Պաշտպանված,Պաշտպանված,Պաշտպանված,Հայաստանի Հանրապետություն ԵՐԵՎԱՆ ՄԱԼԱԹԻԱ-ՍԵԲԱՍՏԻԱ Պաշտպանված,Պաշտպանված,Պաշտպանված,26/06/1997,Այլ,Պաշտպանված
20,https://registry.cpcarmenia.am/declaration/?id=1_1_2_101848,ԶԱՐՈՒՀԻ ՍՈՒՎԱՐՅԱՆ ԿՈՆՍՏԱՆՏԻՆԻ,Տվյալներ չկան,,,,,,,,,,,,,
21,https://registry.cpcarmenia.am/declaration/?id=1_1_1_102308,ԿԱՐԱՊԵՏ ԲԱԴԱԼՅԱՆ ՍԵՐՅՈԺԱՅԻ,1.,ԿԱՐԱՊԵՏ ԲԱԴԱԼՅԱՆ ՍԵՐՅՈԺԱՅԻ,"Բնակարանը` բազմաբնակարան բնակելի շենքում ֆիզիկական անձանց բնակության համար նախատեսված, իրավունքների պետական գրանցումն իրականացնող լիազոր մարմնում առանձին ծածկագրով գրանցված և համարակալված տարածքը",Համատեղ,,Պաշտպանված,Պաշտպանված,Պաշտպանված,Հայաստանի Հանրապետություն ԵՐԵՎԱՆ ԿԵՆՏՐՈՆ Պաշտպանված,Պաշտպանված,Պաշտպանված,29/01/2018,Գնում,Պաշտպանված
22,https://registry.cpcarmenia.am/declaration/?id=1_1_1_102308,ԿԱՐԱՊԵՏ ԲԱԴԱԼՅԱՆ ՍԵՐՅՈԺԱՅԻ,2.,ԿԱՐԱՊԵՏ ԲԱԴԱԼՅԱՆ ՍԵՐՅՈԺԱՅԻ,Հողամաս,Համատեղ,,Պաշտպանված,Պաշտպանված,Պաշտպանված,Հայաստանի Հանրապետություն ԵՐԵՎԱՆ ԴԱՎԹԱՇԵՆ Պաշտպանված,Պաշտպանված,Պաշտպանված,14/10/2004,Գնում,Պաշտպանված
23,https://registry.cpcarmenia.am/declaration/?id=1_1_1_102308,ԿԱՐԱՊԵՏ ԲԱԴԱԼՅԱՆ ՍԵՐՅՈԺԱՅԻ,3.,ԿԱՐԱՊԵՏ ԲԱԴԱԼՅԱՆ ՍԵՐՅՈԺԱՅԻ,Հողամաս,Համատեղ,,Պաշտպանված,Պաշտպանված,Պաշտպանված,Հայաստանի Հանրապետություն ԿՈՏԱՅՔ ՄԱՐՄԱՐԻԿ Պաշտպանված,Պաշտպանված,Պաշտպանված,25/11/2014,Գնում,Պաշտպանված
24,https://registry.cpcarmenia.am/declaration/?id=1_1_1_102308,ԿԱՐԱՊԵՏ ԲԱԴԱԼՅԱՆ ՍԵՐՅՈԺԱՅԻ,4.,ԿԱՐԱՊԵՏ ԲԱԴԱԼՅԱՆ ՍԵՐՅՈԺԱՅԻ,Հողամաս,Համատեղ,,Պաշտպանված,Պաշտպանված,Պաշտպանված,Հայաստանի Հանրապետություն ԼՈՌԻ ՍՊԻՏԱԿ Պաշտպանված,Պաշտպանված,Պաշտպանված,06/12/2018,Գնում,Պաշտպանված
25,https://registry.cpcarmenia.am/declaration/?id=1_1_1_102308,ԿԱՐԱՊԵՏ ԲԱԴԱԼՅԱՆ ՍԵՐՅՈԺԱՅԻ,5.,ԿԱՐԱՊԵՏ ԲԱԴԱԼՅԱՆ ՍԵՐՅՈԺԱՅԻ,Հողամաս,Համատեղ,,Պաշտպանված,Պաշտպանված,Պաշտպանված,Հայաստանի Հանրապետություն ԵՐԵՎԱՆ ԱՋԱՓՆՅԱԿ Պաշտպանված,Պաշտպանված,Պաշտպանված,09/03/2020,Գնում,Պաշտպանված
26,https://registry.cpcarmenia.am/declaration/?id=1_1_1_102308,ԿԱՐԱՊԵՏ ԲԱԴԱԼՅԱՆ ՍԵՐՅՈԺԱՅԻ,6.,ԿԱՐԱՊԵՏ ԲԱԴԱԼՅԱՆ ՍԵՐՅՈԺԱՅԻ,Հողամաս,Համատեղ,,Պաշտպանված,Պաշտպանված,Պաշտպանված,Հայաստանի Հանրապետություն ԱՐՄԱՎԻՐ ԱՐԵՎԻԿ Պաշտպանված,Պաշտպանված,Պաշտպանված,30/05/2018,Գնում,Պաշտպանված
27,https://registry.cpcarmenia.am/declaration/?id=1_1_2_102666,ՄԻԼԵՆԱ ՄԵՍՐՈՊՅԱՆ ՍԻՐԵԿԱՆԻ,Տվյալներ չկան,,,,,,,,,,,,,
28,https://registry.cpcarmenia.am/declaration/?id=1_1_2_102653,ՀԱՅԿՈՒՇ ՀԱՐՈՅԱՆ ԱՐԱՄԻ,Տվյալներ չկան,,,,,,,,,,,,,
29,https://registry.cpcarmenia.am/declaration/?id=1_1_1_101984,ԱՐԱՄ ԳՐԻԳՈՐՅԱՆ ԳՐԻՇԱՅԻ,1.,ԱՐԱՄ ԳՐԻԳՈՐՅԱՆ ԳՐԻՇԱՅԻ,"Բնակարանը` բազմաբնակարան բնակելի շենքում ֆիզիկական անձանց բնակության համար նախատեսված, իրավունքների պետական գրանցումն իրականացնող լիազոր մարմնում առանձին ծածկագրով գրանցված և համարակալված տարածքը",Համատեղ,,Պաշտպանված,Պաշտպանված,Պաշտպանված,Հայաստանի Հանրապետություն ԵՐԵՎԱՆ ՆՈՐ ՆՈՐՔ Պաշտպանված,Պաշտպանված,Պաշտպանված,16/12/2010,Ժառանգություն,Պաշտպանված
30,https://registry.cpcarmenia.am/declaration/?id=1_1_1_102035,ՍԱՐԳԻՍ ԴԱԴՈՅԱՆ ՍԻՄՈՆԻ,1.,ՍԱՐԳԻՍ ԴԱԴՈՅԱՆ ՍԻՄՈՆԻ,Հողամաս,Բաժնային,1/7,Պաշտպանված,Պաշտպանված,Պաշտպանված,Հայաստանի Հանրապետություն ԳԵՂԱՐՔՈՒՆԻՔ ԳԱՎԱՌ Պաշտպանված,Պաշտպանված,Պաշտպանված,17/05/2020,Նվիրատվություն,Պաշտպանված
31,https://registry.cpcarmenia.am/declaration/?id=1_1_1_102035,ՍԱՐԳԻՍ ԴԱԴՈՅԱՆ ՍԻՄՈՆԻ,2.,ՍԱՐԳԻՍ ԴԱԴՈՅԱՆ ՍԻՄՈՆԻ,"Անհատական բնակելի տունը` հողամասի վրա կառուցված, իր տնտեսական շինություններով",Բաժնային,1/7,Պաշտպանված,Պաշտպանված,Պաշտպանված,Հայաստանի Հանրապետություն ԳԵՂԱՐՔՈՒՆԻՔ ԳԱՎԱՌ Պաշտպանված,Պաշտպանված,Պաշտպանված,17/05/2020,Նվիրատվություն,Պաշտպանված
32,https://registry.cpcarmenia.am/declaration/?id=1_1_1_102035,ՍԱՐԳԻՍ ԴԱԴՈՅԱՆ ՍԻՄՈՆԻ,3.,ՍԱՐԳԻՍ ԴԱԴՈՅԱՆ ՍԻՄՈՆԻ,Հողամաս,Բաժնային,1/7,Պաշտպանված,Պաշտպանված,Պաշտպանված,Հայաստանի Հանրապետություն ԳԵՂԱՐՔՈՒՆԻՔ ԳԱՎԱՌ Պաշտպանված,Պաշտպանված,Պաշտպանված,17/05/2020,Նվիրատվություն,Պաշտպանված
33,https://registry.cpcarmenia.am/declaration/?id=1_1_1_102035,ՍԱՐԳԻՍ ԴԱԴՈՅԱՆ ՍԻՄՈՆԻ,4.,ՍԱՐԳԻՍ ԴԱԴՈՅԱՆ ՍԻՄՈՆԻ,Հողամաս,Բաժնային,1/7,Պաշտպանված,Պաշտպանված,Պաշտպանված,Հայաստանի Հանրապետություն ԳԵՂԱՐՔՈՒՆԻՔ ԳԱՎԱՌ Պաշտպանված,Պաշտպանված,Պաշտպանված,17/05/2020,Նվիրատվություն,Պաշտպանված
34,https://registry.cpcarmenia.am/declaration/?id=1_1_2_102448,ՀԱՅԿՈՒՀԻ ՆԻԿՈԼԱՅԱՆ ՆՎԵՐԻ,Տվյալներ չկան,,,,,,,,,,,,,
35,https://registry.cpcarmenia.am/declaration/?id=1_1_1_102570,ՆԱՐԻՆԵ ԱՎԱԳՅԱՆ ԱՇՈՏԻ,1.,ՆԱՐԻՆԵ ԱՎԱԳՅԱՆ ԱՇՈՏԻ,"Ավտոտնակը (տրանսպորտային միջոցների կայանման համար հողամասի վրա կառուցված առանձին շինությունը), ավտոհանգրվանը,ավտոկայանատեղին",Միանձնյա,,Պաշտպանված,Պաշտպանված,Պաշտպանված,Հայաստանի Հանրապետություն ԵՐԵՎԱՆ ԿԵՆՏՐՈՆ Պաշտպանված,Պաշտպանված,Պաշտպանված,12/03/2008,Գնում,Պաշտպանված
36,https://registry.cpcarmenia.am/declaration/?id=1_1_1_102237,ՎԱՐԴԳԵՍ ՍԱՐԳՍՅԱՆ ԱՐԱՅԻԿԻ,Տվյալներ չկան,,,,,,,,,,,,,
37,https://registry.cpcarmenia.am/declaration/?id=1_1_1_102953,ՄԵՐԻ ՄՈՍԻՆՅԱՆ ԱՂԱԲԵԿԻ,Տվյալներ չկան,,,,,,,,,,,,,
38,https://registry.cpcarmenia.am/declaration/?id=1_1_1_102128,ՍՈՒՐԵՆ ԽԱՉԱՏՐՅԱՆ ԵՐՎԱՆԴԻ,1.,ՍՈՒՐԵՆ ԽԱՉԱՏՐՅԱՆ ԵՐՎԱՆԴԻ,"Հայաստանի Հանրապետության օրենսդրության համաձայն նոր կառուցված, ձեռք բերված և անշարժ գույքի կադաստր վարող լիազոր մարմնի կողմից հաշվառված ու գնահատված այն շինությունները, որոնք դեռևս չեն ստացել իրավունքների պետական գրանցում, ինչպես նաև սեփականության կամ հողօգտագործման իրավունք ունեցող անձանց կողմից այդ հողամաuի վրա ինքնակամ կառուցված շենքերը և շինությունները, այդ թվում՝ բազմաբնակարան շենքերում կամ շենքերին կից ինքնակամ կառույցները",Բաժնային,1/5,Պաշտպանված,Պաշտպանված,Պաշտպանված,Հայաստանի Հանրապետություն ԳԵՂԱՐՔՈՒՆԻՔ ՃԱՄԲԱՐԱԿ Պաշտպանված,Պաշտպանված,Պաշտպանված,11/03/2021,Ժառանգություն,Պաշտպանված
39,https://registry.cpcarmenia.am/declaration/?id=1_1_1_102128,ՍՈՒՐԵՆ ԽԱՉԱՏՐՅԱՆ ԵՐՎԱՆԴԻ,2.,ՍՈՒՐԵՆ ԽԱՉԱՏՐՅԱՆ ԵՐՎԱՆԴԻ,Հողին ամրակայված այլ անշարժ գույք,Բաժնային,1/5,Պաշտպանված,Պաշտպանված,Պաշտպանված,Հայաստանի Հանրապետություն ԳԵՂԱՐՔՈՒՆԻՔ ՃԱՄԲԱՐԱԿ Պաշտպանված,Պաշտպանված,Պաշտպանված,11/03/2021,Ժառանգություն,Պաշտպանված
40,https://registry.cpcarmenia.am/declaration/?id=1_1_1_102128,ՍՈՒՐԵՆ ԽԱՉԱՏՐՅԱՆ ԵՐՎԱՆԴԻ,3.,ՍՈՒՐԵՆ ԽԱՉԱՏՐՅԱՆ ԵՐՎԱՆԴԻ,"Հայաստանի Հանրապետության օրենսդրության համաձայն նոր կառուցված, ձեռք բերված և անշարժ գույքի կադաստր վարող լիազոր մարմնի կողմից հաշվառված ու գնահատված այն շինությունները, որոնք դեռևս չեն ստացել իրավունքների պետական գրանցում, ինչպես նաև սեփականության կամ հողօգտագործման իրավունք ունեցող անձանց կողմից այդ հողամաuի վրա ինքնակամ կառուցված շենքերը և շինությունները, այդ թվում՝ բազմաբնակարան շենքերում կամ շենքերին կից ինքնակամ կառույցները",Բաժնային,1/5,Պաշտպանված,Պաշտպանված,Պաշտպանված,Հայաստանի Հանրապետություն ԳԵՂԱՐՔՈՒՆԻՔ ՃԱՄԲԱՐԱԿ Պաշտպանված,Պաշտպանված,Պաշտպանված,11/03/2021,Ժառանգություն,Պաշտպանված
41,https://registry.cpcarmenia.am/declaration/?id=1_1_1_102128,ՍՈՒՐԵՆ ԽԱՉԱՏՐՅԱՆ ԵՐՎԱՆԴԻ,4.,ՍՈՒՐԵՆ ԽԱՉԱՏՐՅԱՆ ԵՐՎԱՆԴԻ,Հողամաս,Համատեղ,,Պաշտպանված,Պաշտպանված,Պաշտպանված,Հայաստանի Հանրապետություն ԳԵՂԱՐՔՈՒՆԻՔ ՃԱՄԲԱՐԱԿ Պաշտպանված,Պաշտպանված,Պաշտպանված,09/03/2004,Այլ,Պաշտպանված
42,https://registry.cpcarmenia.am/declaration/?id=1_1_1_102128,ՍՈՒՐԵՆ ԽԱՉԱՏՐՅԱՆ ԵՐՎԱՆԴԻ,5.,ՍՈՒՐԵՆ ԽԱՉԱՏՐՅԱՆ ԵՐՎԱՆԴԻ,Հողամաս,Համատեղ,,Պաշտպանված,Պաշտպանված,Պաշտպանված,Հայաստանի Հանրապետություն ԳԵՂԱՐՔՈՒՆԻՔ ՃԱՄԲԱՐԱԿ Պաշտպանված,Պաշտպանված,Պաշտպանված,09/03/2004,Այլ,Պաշտպանված
43,https://registry.cpcarmenia.am/declaration/?id=1_1_1_102128,ՍՈՒՐԵՆ ԽԱՉԱՏՐՅԱՆ ԵՐՎԱՆԴԻ,6.,ՍՈՒՐԵՆ ԽԱՉԱՏՐՅԱՆ ԵՐՎԱՆԴԻ,"Բնակարանը` բազմաբնակարան բնակելի շենքում ֆիզիկական անձանց բնակության համար նախատեսված, իրավունքների պետական գրանցումն իրականացնող լիազոր մարմնում առանձին ծածկագրով գրանցված և համարակալված տարածքը",Միանձնյա,,Պաշտպանված,Պաշտպանված,Պաշտպանված,Հայաստանի Հանրապետություն ԵՐԵՎԱՆ ԱՐԱԲԿԻՐ Պաշտպանված,Պաշտպանված,Պաշտպանված,10/09/2014,Գնում,Պաշտպանված
44,https://registry.cpcarmenia.am/declaration/?id=1_1_1_102128,ՍՈՒՐԵՆ ԽԱՉԱՏՐՅԱՆ ԵՐՎԱՆԴԻ,7.,ՍՈՒՐԵՆ ԽԱՉԱՏՐՅԱՆ ԵՐՎԱՆԴԻ,Հողամաս,Համատեղ,,Պաշտպանված,Պաշտպանված,Պաշտպանված,Հայաստանի Հանրապետություն ԳԵՂԱՐՔՈՒՆԻՔ ՃԱՄԲԱՐԱԿ Պաշտպանված,Պաշտպանված,Պաշտպանված,09/03/2004,Այլ,Պաշտպանված
45,https://registry.cpcarmenia.am/declaration/?id=1_1_1_102128,ՍՈՒՐԵՆ ԽԱՉԱՏՐՅԱՆ ԵՐՎԱՆԴԻ,8.,ՍՈՒՐԵՆ ԽԱՉԱՏՐՅԱՆ ԵՐՎԱՆԴԻ,Հողամաս,Համատեղ,,Պաշտպանված,Պաշտպանված,Պաշտպանված,Հայաստանի Հանրապետություն ԳԵՂԱՐՔՈՒՆԻՔ ՃԱՄԲԱՐԱԿ Պաշտպանված,Պաշտպանված,Պաշտպանված,09/03/2004,Այլ,Պաշտպանված
46,https://registry.cpcarmenia.am/declaration/?id=1_1_1_102128,ՍՈՒՐԵՆ ԽԱՉԱՏՐՅԱՆ ԵՐՎԱՆԴԻ,9.,ՍՈՒՐԵՆ ԽԱՉԱՏՐՅԱՆ ԵՐՎԱՆԴԻ,Հողամաս,Համատեղ,,Պաշտպանված,Պաշտպանված,Պաշտպանված,Հայաստանի Հանրապետություն ԳԵՂԱՐՔՈՒՆԻՔ ՃԱՄԲԱՐԱԿ Պաշտպանված,Պաշտպանված,Պաշտպանված,09/03/2004,Այլ,Պաշտպանված
47,https://registry.cpcarmenia.am/declaration/?id=1_1_1_101964,ԳԻՎԻ ՀՈՎՀԱՆՆԻՍՅԱՆ ՀԱՄԼԵՏԻ,1.,ԳԻՎԻ ՀՈՎՀԱՆՆԻՍՅԱՆ ՀԱՄԼԵՏԻ,"Բնակարանը` բազմաբնակարան բնակելի շենքում ֆիզիկական անձանց բնակության համար նախատեսված, իրավունքների պետական գրանցումն իրականացնող լիազոր մարմնում առանձին ծածկագրով գրանցված և համարակալված տարածքը",Համատեղ,,Պաշտպանված,Պաշտպանված,Պաշտպանված,Հայաստանի Հանրապետություն ԵՐԵՎԱՆ ԵՐԵՎԱՆ Պաշտպանված,Պաշտպանված,Պաշտպանված,15/04/2011,Գնում,Պաշտպանված
48,https://registry.cpcarmenia.am/declaration/?id=1_1_1_101964,ԳԻՎԻ ՀՈՎՀԱՆՆԻՍՅԱՆ ՀԱՄԼԵՏԻ,2.,ԳԻՎԻ ՀՈՎՀԱՆՆԻՍՅԱՆ ՀԱՄԼԵՏԻ,"Բնակարանը` բազմաբնակարան բնակելի շենքում ֆիզիկական անձանց բնակության համար նախատեսված, իրավունքների պետական գրանցումն իրականացնող լիազոր մարմնում առանձին ծածկագրով գրանցված և համարակալված տարածքը",Համատեղ,,Պաշտպանված,Պաշտպանված,Պաշտպանված,Հայաստանի Հանրապետություն ԵՐԵՎԱՆ ԵՐԵՎԱՆ Պաշտպանված,Պաշտպանված,Պաշտպանված,23/01/1998,Այլ,Պաշտպանված
49,https://registry.cpcarmenia.am/declaration/?id=1_1_1_102691,ԱՇԽԵՆ ՂԱՐՍԼՅԱՆ ՌՈՒԲԵՆԻ,1.,ԱՇԽԵՆ ՂԱՐՍԼՅԱՆ ՌՈՒԲԵՆԻ,"Բնակարանը` բազմաբնակարան բնակելի շենքում ֆիզիկական անձանց բնակության համար նախատեսված, իրավունքների պետական գրանցումն իրականացնող լիազոր մարմնում առանձին ծածկագրով գրանցված և համարակալված տարածքը",Միանձնյա,,Պաշտպանված,Պաշտպանված,Պաշտպանված,Հայաստանի Հանրապետություն ԵՐԵՎԱՆ Երևան Պաշտպանված,Պաշտպանված,Պաշտպանված,25/11/2021,Գնում,Պաշտպանված
50,https://registry.cpcarmenia.am/declaration/?id=1_1_1_102691,ԱՇԽԵՆ ՂԱՐՍԼՅԱՆ ՌՈՒԲԵՆԻ,2.,ԱՇԽԵՆ ՂԱՐՍԼՅԱՆ ՌՈՒԲԵՆԻ,Հողամաս,Համատեղ,,Պաշտպանված,Պաշտպանված,Պաշտպանված,Հայաստանի Հանրապետություն ՇԻՐԱԿ Գտաշեն Պաշտպանված,Պաշտպանված,Պաշտպանված,18/06/2003,Այլ,Պաշտպանված
51,https://registry.cpcarmenia.am/declaration/?id=1_1_1_102691,ԱՇԽԵՆ ՂԱՐՍԼՅԱՆ ՌՈՒԲԵՆԻ,3.,ԱՇԽԵՆ ՂԱՐՍԼՅԱՆ ՌՈՒԲԵՆԻ,Հողամաս,Համատեղ,,Պաշտպանված,Պաշտպանված,Պաշտպանված,Հայաստանի Հանրապետություն ՇԻՐԱԿ Գտաշեն Պաշտպանված,Պաշտպանված,Պաշտպանված,14/03/2003,Այլ,Պաշտպանված
52,https://registry.cpcarmenia.am/declaration/?id=1_1_1_102691,ԱՇԽԵՆ ՂԱՐՍԼՅԱՆ ՌՈՒԲԵՆԻ,4.,ԱՇԽԵՆ ՂԱՐՍԼՅԱՆ ՌՈՒԲԵՆԻ,Հողամաս,Համատեղ,,Պաշտպանված,Պաշտպանված,Պաշտպանված,Հայաստանի Հանրապետություն ՇԻՐԱԿ Գտաշեն Պաշտպանված,Պաշտպանված,Պաշտպանված,14/03/2003,Այլ,Պաշտպանված
53,https://registry.cpcarmenia.am/declaration/?id=1_1_1_101924,ՏԻԳՐԱՆ ԴԱՎԹՅԱՆ ՍԱՄՎԵԼԻ,Տվյալներ չկան,,,,,,,,,,,,,
54,https://registry.cpcarmenia.am/declaration/?id=1_1_1_105401,ԱՐՏԱԿ ԹԱԴԵՎՈՍՅԱՆ ՎԱՀՐԱՄԻ,1.,ԱՐՏԱԿ ԹԱԴԵՎՈՍՅԱՆ ՎԱՀՐԱՄԻ,Այգետնակը (ամառանոցը)` այգեգործական զանգվածում հողամասի վրա կառուցված ամառանոցային շինությունը,Միանձնյա,,Պաշտպանված,Պաշտպանված,Պաշտպանված,Հայաստանի Հանրապետություն ԱՐՄԱՎԻՐ ՎԱՆԱՆԴ Պաշտպանված,Պաշտպանված,Պաշտպանված,17/01/2018,Գնում,Պաշտպանված
55,https://registry.cpcarmenia.am/declaration/?id=1_1_1_105401,ԱՐՏԱԿ ԹԱԴԵՎՈՍՅԱՆ ՎԱՀՐԱՄԻ,2.,ԱՐՏԱԿ ԹԱԴԵՎՈՍՅԱՆ ՎԱՀՐԱՄԻ,Բազմամյա տնկի,Միանձնյա,,Պաշտպանված,Պաշտպանված,Պաշտպանված,Հայաստանի Հանրապետություն ԱՐՄԱՎԻՐ ՎԱՆԱՆԴ Պաշտպանված,Պաշտպանված,Պաշտպանված,17/01/2018,Գնում,Պաշտպանված
56,https://registry.cpcarmenia.am/declaration/?id=1_1_1_105401,ԱՐՏԱԿ ԹԱԴԵՎՈՍՅԱՆ ՎԱՀՐԱՄԻ,3.,ԱՐՏԱԿ ԹԱԴԵՎՈՍՅԱՆ ՎԱՀՐԱՄԻ,Հողամաս,Միանձնյա,,Պաշտպանված,Պաշտպանված,Պաշտպանված,Հայաստանի Հանրապետություն ԱՐՄԱՎԻՐ ՎԱՆԱՆԴ Պաշտպանված,Պաշտպանված,Պաշտպանված,16/09/2020,Գնում,Պաշտպանված
57,https://registry.cpcarmenia.am/declaration/?id=1_1_1_105401,ԱՐՏԱԿ ԹԱԴԵՎՈՍՅԱՆ ՎԱՀՐԱՄԻ,4.,ԱՐՏԱԿ ԹԱԴԵՎՈՍՅԱՆ ՎԱՀՐԱՄԻ,Հողամաս,Միանձնյա,,Պաշտպանված,Պաշտպանված,Պաշտպանված,Հայաստանի Հանրապետություն ԱՐՄԱՎԻՐ ՎԱՆԱՆԴ Պաշտպանված,Պաշտպանված,Պաշտպանված,02/08/2021,Գնում,Պաշտպանված
58,https://registry.cpcarmenia.am/declaration/?id=1_1_1_105401,ԱՐՏԱԿ ԹԱԴԵՎՈՍՅԱՆ ՎԱՀՐԱՄԻ,5.,ԱՐՏԱԿ ԹԱԴԵՎՈՍՅԱՆ ՎԱՀՐԱՄԻ,Հողամաս,Միանձնյա,,Պաշտպանված,Պաշտպանված,Պաշտպանված,Հայաստանի Հանրապետություն ԱՐՄԱՎԻՐ ՎԱՆԱՆԴ Պաշտպանված,Պաշտպանված,Պաշտպանված,17/01/2018,Գնում,Պաշտպանված
59,https://registry.cpcarmenia.am/declaration/?id=1_1_1_105401,ԱՐՏԱԿ ԹԱԴԵՎՈՍՅԱՆ ՎԱՀՐԱՄԻ,6.,ԱՐՏԱԿ ԹԱԴԵՎՈՍՅԱՆ ՎԱՀՐԱՄԻ,Հողամաս,Միանձնյա,,Պաշտպանված,Պաշտպանված,Պաշտպանված,Հայաստանի Հանրապետություն ԱՐՄԱՎԻՐ ՎԱՆԱՆԴ Պաշտպանված,Պաշտպանված,Պաշտպանված,19/08/2020,Գնում,Պաշտպանված
60,https://registry.cpcarmenia.am/declaration/?id=1_1_1_105401,ԱՐՏԱԿ ԹԱԴԵՎՈՍՅԱՆ ՎԱՀՐԱՄԻ,7.,ԱՐՏԱԿ ԹԱԴԵՎՈՍՅԱՆ ՎԱՀՐԱՄԻ,Բազմամյա տնկի,Միանձնյա,,Պաշտպանված,Պաշտպանված,Պաշտպանված,Հայաստանի Հանրապետություն ԱՐՄԱՎԻՐ ՎԱՆԱՆԴ Պաշտպանված,Պաշտպանված,Պաշտպանված,20/05/2017,Գնում,Պաշտպանված
61,https://registry.cpcarmenia.am/declaration/?id=1_1_1_105401,ԱՐՏԱԿ ԹԱԴԵՎՈՍՅԱՆ ՎԱՀՐԱՄԻ,8.,ԱՐՏԱԿ ԹԱԴԵՎՈՍՅԱՆ ՎԱՀՐԱՄԻ,Հողամաս,Միանձնյա,,Պաշտպանված,Պաշտպանված,Պաշտպանված,Հայաստանի Հանրապետություն ԱՐՄԱՎԻՐ ՎԱՆԱՆԴ Պաշտպանված,Պաշտպանված,Պաշտպանված,20/05/2017,Գնում,Պաշտպանված
62,https://registry.cpcarmenia.am/declaration/?id=1_1_1_105401,ԱՐՏԱԿ ԹԱԴԵՎՈՍՅԱՆ ՎԱՀՐԱՄԻ,9.,ԱՐՏԱԿ ԹԱԴԵՎՈՍՅԱՆ ՎԱՀՐԱՄԻ,Հողամաս,Համատեղ,,Պաշտպանված,Պաշտպանված,Պաշտպանված,Հայաստանի Հանրապետություն ԱՐՄԱՎԻՐ ԱՅԳԵՇԱՏ Պաշտպանված,Պաշտպանված,Պաշտպանված,12/03/1991,Այլ,Պաշտպանված
63,https://registry.cpcarmenia.am/declaration/?id=1_1_1_105401,ԱՐՏԱԿ ԹԱԴԵՎՈՍՅԱՆ ՎԱՀՐԱՄԻ,10.,ԱՐՏԱԿ ԹԱԴԵՎՈՍՅԱՆ ՎԱՀՐԱՄԻ,"Բնակարանը` բազմաբնակարան բնակելի շենքում ֆիզիկական անձանց բնակության համար նախատեսված, իրավունքների պետական գրանցումն իրականացնող լիազոր մարմնում առանձին ծածկագրով գրանցված և համարակալված տարածքը",Համատեղ,,Պաշտպանված,Պաշտպանված,Պաշտպանված,Հայաստանի Հանրապետություն ԵՐԵՎԱՆ ՆՈՐ ՆՈՐՔ Պաշտպանված,Պաշտպանված,Պաշտպանված,04/02/1997,Այլ,Պաշտպանված
64,https://registry.cpcarmenia.am/declaration/?id=1_1_1_105403,ՎՈԼՈԴՅԱ ՍԻՄՈՆՅԱՆ ՄՈՒՇԵՂԻ,1.,ՎՈԼՈԴՅԱ ՍԻՄՈՆՅԱՆ ՄՈՒՇԵՂԻ,Հողամաս,Միանձնյա,,Պաշտպանված,Պաշտպանված,Պաշտպանված,Հայաստանի Հանրապետություն ԿՈՏԱՅՔ ՔԱՍԱԽ Պաշտպանված,Պաշտպանված,Պաշտպանված,06/05/2021,Գնում,Պաշտպանված
65,https://registry.cpcarmenia.am/declaration/?id=1_1_1_105403,ՎՈԼՈԴՅԱ ՍԻՄՈՆՅԱՆ ՄՈՒՇԵՂԻ,2.,ՎՈԼՈԴՅԱ ՍԻՄՈՆՅԱՆ ՄՈՒՇԵՂԻ,Հողամաս,Միանձնյա,,Պաշտպանված,Պաշտպանված,Պաշտպանված,Հայաստանի Հանրապետություն ԿՈՏԱՅՔ ՔԱՍԱԽ Պաշտպանված,Պաշտպանված,Պաշտպանված,06/05/2021,Գնում,Պաշտպանված
66,https://registry.cpcarmenia.am/declaration/?id=1_1_1_105403,ՎՈԼՈԴՅԱ ՍԻՄՈՆՅԱՆ ՄՈՒՇԵՂԻ,3.,ՎՈԼՈԴՅԱ ՍԻՄՈՆՅԱՆ ՄՈՒՇԵՂԻ,Հողամաս,Համատեղ,,Պաշտպանված,Պաշտպանված,Պաշտպանված,Հայաստանի Հանրապետություն ՇԻՐԱԿ ԵՐԱԶԳԱՎՈՐՍ Պաշտպանված,Պաշտպանված,Պաշտպանված,01/07/2002,Այլ,Պաշտպանված
67,https://registry.cpcarmenia.am/declaration/?id=1_1_1_105403,ՎՈԼՈԴՅԱ ՍԻՄՈՆՅԱՆ ՄՈՒՇԵՂԻ,4.,ՎՈԼՈԴՅԱ ՍԻՄՈՆՅԱՆ ՄՈՒՇԵՂԻ,"Անհատական բնակելի տունը` հողամասի վրա կառուցված, իր տնտեսական շինություններով",Համատեղ,,Պաշտպանված,Պաշտպանված,Պաշտպանված,Հայաստանի Հանրապետություն ՇԻՐԱԿ ԵՐԱԶԳԱՎՈՐՍ Պաշտպանված,Պաշտպանված,Պաշտպանված,29/06/1995,Այլ,Պաշտպանված
68,https://registry.cpcarmenia.am/declaration/?id=1_1_1_105403,ՎՈԼՈԴՅԱ ՍԻՄՈՆՅԱՆ ՄՈՒՇԵՂԻ,5.,ՎՈԼՈԴՅԱ ՍԻՄՈՆՅԱՆ ՄՈՒՇԵՂԻ,Հողամաս,Համատեղ,,Պաշտպանված,Պաշտպանված,Պաշտպանված,Հայաստանի Հանրապետություն ՇԻՐԱԿ ԵՐԱԶԳԱՎՈՐՍ Պաշտպանված,Պաշտպանված,Պաշտպանված,01/07/2002,Այլ,Պաշտպանված
69,https://registry.cpcarmenia.am/declaration/?id=1_1_1_105403,ՎՈԼՈԴՅԱ ՍԻՄՈՆՅԱՆ ՄՈՒՇԵՂԻ,6.,ՎՈԼՈԴՅԱ ՍԻՄՈՆՅԱՆ ՄՈՒՇԵՂԻ,Հողամաս,Համատեղ,,Պաշտպանված,Պաշտպանված,Պաշտպանված,Հայաստանի Հանրապետություն ՇԻՐԱԿ ԵՐԱԶԳԱՎՈՐՍ Պաշտպանված,Պաշտպանված,Պաշտպանված,01/07/2002,Այլ,Պաշտպանված
70,https://registry.cpcarmenia.am/declaration/?id=1_1_1_105412,ԱՐՄԱՆ ՄԱՆՈՒՉԱՐՅԱՆ ԱՊԵՏՆԱԿԻ,1.,ԱՐՄԱՆ ՄԱՆՈՒՉԱՐՅԱՆ ԱՊԵՏՆԱԿԻ,Հողամաս,Համատեղ,,Պաշտպանված,Պաշտպանված,Պաշտպանված,Հայաստանի Հանրապետություն ՍՅՈՒՆԻՔ ՏԵՂ Պաշտպանված,Պաշտպանված,Պաշտպանված,07/04/2003,Այլ,Պաշտպանված
71,https://registry.cpcarmenia.am/declaration/?id=1_1_1_105412,ԱՐՄԱՆ ՄԱՆՈՒՉԱՐՅԱՆ ԱՊԵՏՆԱԿԻ,2.,ԱՐՄԱՆ ՄԱՆՈՒՉԱՐՅԱՆ ԱՊԵՏՆԱԿԻ,Հողամաս,Համատեղ,,Պաշտպանված,Պաշտպանված,Պաշտպանված,Հայաստանի Հանրապետություն ՍՅՈՒՆԻՔ ՏԵՂ Պաշտպանված,Պաշտպանված,Պաշտպանված,07/04/2003,Այլ,Պաշտպանված
72,https://registry.cpcarmenia.am/declaration/?id=1_1_1_105412,ԱՐՄԱՆ ՄԱՆՈՒՉԱՐՅԱՆ ԱՊԵՏՆԱԿԻ,3.,ԱՐՄԱՆ ՄԱՆՈՒՉԱՐՅԱՆ ԱՊԵՏՆԱԿԻ,"Բնակարանը` բազմաբնակարան բնակելի շենքում ֆիզիկական անձանց բնակության համար նախատեսված, իրավունքների պետական գրանցումն իրականացնող լիազոր մարմնում առանձին ծածկագրով գրանցված և համարակալված տարածքը",Համատեղ,,Պաշտպանված,Պաշտպանված,Պաշտպանված,Հայաստանի Հանրապետություն ԵՐԵՎԱՆ ԱՐԱԲԿԻՐ Պաշտպանված,Պաշտպանված,Պաշտպանված,03/11/2018,Գնում,Պաշտպանված
73,https://registry.cpcarmenia.am/declaration/?id=1_1_2_105434,ՄԱՐԻՆԱ ՕՀԱՆՋԱՆՅԱՆ ԱՇՈՏԻ,Տվյալներ չկան,,,,,,,,,,,,,
74,https://registry.cpcarmenia.am/declaration/?id=1_1_1_105436,ԼԻԱՆԱ ՍԱՆԹՐՈՍՅԱՆ ՏԻԳՐԱՆԻ,1.,ԼԻԱՆԱ ՍԱՆԹՐՈՍՅԱՆ ՏԻԳՐԱՆԻ,"Բնակարանը` բազմաբնակարան բնակելի շենքում ֆիզիկական անձանց բնակության համար նախատեսված, իրավունքների պետական գրանցումն իրականացնող լիազոր մարմնում առանձին ծածկագրով գրանցված և համարակալված տարածքը",Միանձնյա,,Պաշտպանված,Պաշտպանված,Պաշտպանված,Հայաստանի Հանրապետություն ԵՐԵՎԱՆ ՆՈՐ ՆՈՐՔ Պաշտպանված,Պաշտպանված,Պաշտպանված,21/11/2018,Գնում,Պաշտպանված
75,https://registry.cpcarmenia.am/declaration/?id=1_1_1_105423,ԷԴԳԱՐ ՊՈՂՈՍՅԱՆ ՀԱՅԿԻ,1.,ԷԴԳԱՐ ՊՈՂՈՍՅԱՆ ՀԱՅԿԻ,"Բնակարանը` բազմաբնակարան բնակելի շենքում ֆիզիկական անձանց բնակության համար նախատեսված, իրավունքների պետական գրանցումն իրականացնող լիազոր մարմնում առանձին ծածկագրով գրանցված և համարակալված տարածքը",Բաժնային,1/6,Պաշտպանված,Պաշտպանված,Պաշտպանված,Հայաստանի Հանրապետություն ԵՐԵՎԱՆ ԴԱՎԹԱՇԵՆ Պաշտպանված,Պաշտպանված,Պաշտպանված,01/01/1989,Այլ,Պաշտպանված
76,https://registry.cpcarmenia.am/declaration/?id=1_1_1_105400,ՍԵՐԳԵՅ ԱՌԱՔԵԼՅԱՆ ԳԱԳԻԿԻ,1.,ՍԵՐԳԵՅ ԱՌԱՔԵԼՅԱՆ ԳԱԳԻԿԻ,"Բնակարանը` բազմաբնակարան բնակելի շենքում ֆիզիկական անձանց բնակության համար նախատեսված, իրավունքների պետական գրանցումն իրականացնող լիազոր մարմնում առանձին ծածկագրով գրանցված և համարակալված տարածքը",Բաժնային,1/6,Պաշտպանված,Պաշտպանված,Պաշտպանված,Հայաստանի Հանրապետություն ԵՐԵՎԱՆ ԱՋԱՓՆՅԱԿ Պաշտպանված,Պաշտպանված,Պաշտպանված,09/06/1994,Ժառանգություն,Պաշտպանված
77,https://registry.cpcarmenia.am/declaration/?id=1_1_1_105426,ԱՐՇԱԼՈՒՅՍ ՄԻՆԱՍՅԱՆ ԿԱՌԼԵՆԻ,1.,ԱՐՇԱԼՈՒՅՍ ՄԻՆԱՍՅԱՆ ԿԱՌԼԵՆԻ,"Անհատական բնակելի տունը` հողամասի վրա կառուցված, իր տնտեսական շինություններով",Միանձնյա,,Պաշտպանված,Պաշտպանված,Պաշտպանված,Հայաստանի Հանրապետություն ԵՐԵՎԱՆ ՔԱՆԱՔԵՌ-ԶԵՅԹՈՒՆ Պաշտպանված,Պաշտպանված,Պաշտպանված,14/06/2021,Ժառանգություն,Պաշտպանված
78,https://registry.cpcarmenia.am/declaration/?id=1_1_1_105426,ԱՐՇԱԼՈՒՅՍ ՄԻՆԱՍՅԱՆ ԿԱՌԼԵՆԻ,2.,ԱՐՇԱԼՈՒՅՍ ՄԻՆԱՍՅԱՆ ԿԱՌԼԵՆԻ,Հողամաս,Միանձնյա,,Պաշտպանված,Պաշտպանված,Պաշտպանված,Հայաստանի Հանրապետություն ԿՈՏԱՅՔ ՆՈՒՌՆՈՒՍ Պաշտպանված,Պաշտպանված,Պաշտպանված,14/06/2021,Ժառանգություն,Պաշտպանված
79,https://registry.cpcarmenia.am/declaration/?id=1_1_1_105426,ԱՐՇԱԼՈՒՅՍ ՄԻՆԱՍՅԱՆ ԿԱՌԼԵՆԻ,3.,ԱՐՇԱԼՈՒՅՍ ՄԻՆԱՍՅԱՆ ԿԱՌԼԵՆԻ,"Բազմաբնակարան շենքի ոչ բնակելի տարածքը (բազմաբնակարան շենքում բնակարան, հասարակական, արտադրական նշանակության շինություն չհամարվող, իրավունքների պետական գրանցումն իրականացնող լիազորված մարմնում առանձին ծածկագրով գրանցված և համարակալված տարածքը",Միանձնյա,,Պաշտպանված,Պաշտպանված,Պաշտպանված,Հայաստանի Հանրապետություն ԵՐԵՎԱՆ ԱՐԱԲԿԻՐ Պաշտպանված,Պաշտպանված,Պաշտպանված,14/06/2022,Ժառանգություն,Պաշտպանված
80,https://registry.cpcarmenia.am/declaration/?id=1_1_1_105426,ԱՐՇԱԼՈՒՅՍ ՄԻՆԱՍՅԱՆ ԿԱՌԼԵՆԻ,4.,ԱՐՇԱԼՈՒՅՍ ՄԻՆԱՍՅԱՆ ԿԱՌԼԵՆԻ,Հողին ամրակայված այլ անշարժ գույք,Միանձնյա,,Պաշտպանված,Պաշտպանված,Պաշտպանված,Հայաստանի Հանրապետություն ԵՐԵՎԱՆ ՔԱՆԱՔԵՌ-ԶԵՅԹՈՒՆ Պաշտպանված,Պաշտպանված,Պաշտպանված,14/06/2021,Ժառանգություն,Պաշտպանված
81,https://registry.cpcarmenia.am/declaration/?id=1_1_1_105426,ԱՐՇԱԼՈՒՅՍ ՄԻՆԱՍՅԱՆ ԿԱՌԼԵՆԻ,5.,ԱՐՇԱԼՈՒՅՍ ՄԻՆԱՍՅԱՆ ԿԱՌԼԵՆԻ,"Բազմաբնակարան շենքի ոչ բնակելի տարածքը (բազմաբնակարան շենքում բնակարան, հասարակական, արտադրական նշանակության շինություն չհամարվող, իրավունքների պետական գրանցումն իրականացնող լիազորված մարմնում առանձին ծածկագրով գրանցված և համարակալված տարածքը",Բաժնային,1/2,Պաշտպանված,Պաշտպանված,Պաշտպանված,Հայաստանի Հանրապետություն ԵՐԵՎԱՆ ԱՐԱԲԿԻՐ Պաշտպանված,Պաշտպանված,Պաշտպանված,14/06/2021,Ժառանգություն,Պաշտպանված
82,https://registry.cpcarmenia.am/declaration/?id=1_1_1_105426,ԱՐՇԱԼՈՒՅՍ ՄԻՆԱՍՅԱՆ ԿԱՌԼԵՆԻ,6.,ԱՐՇԱԼՈՒՅՍ ՄԻՆԱՍՅԱՆ ԿԱՌԼԵՆԻ,"Անհատական բնակելի տունը` հողամասի վրա կառուցված, իր տնտեսական շինություններով",Բաժնային,1/2,Պաշտպանված,Պաշտպանված,Պաշտպանված,Հայաստանի Հանրապետություն ԵՐԵՎԱՆ ՔԱՆԱՔԵՌ-ԶԵՅԹՈՒՆ Պաշտպանված,Պաշտպանված,Պաշտպանված,13/05/2010,Ժառանգություն,Պաշտպանված
83,https://registry.cpcarmenia.am/declaration/?id=1_1_1_105426,ԱՐՇԱԼՈՒՅՍ ՄԻՆԱՍՅԱՆ ԿԱՌԼԵՆԻ,7.,ԱՐՇԱԼՈՒՅՍ ՄԻՆԱՍՅԱՆ ԿԱՌԼԵՆԻ,Հողամաս,Բաժնային,1/2,Պաշտպանված,Պաշտպանված,Պաշտպանված,Հայաստանի Հանրապետություն ԿՈՏԱՅՔ ՆՈՒՌՆՈՒՍ Պաշտպանված,Պաշտպանված,Պաշտպանված,14/06/2021,Ժառանգություն,Պաշտպանված
84,https://registry.cpcarmenia.am/declaration/?id=1_1_1_105406,ՍԱՐԳԻՍ ՆԱԶԱՐՅԱՆ ՄԿՐՏԻՉԻ,1.,ՍԱՐԳԻՍ ՆԱԶԱՐՅԱՆ ՄԿՐՏԻՉԻ,Հողամաս,Համատեղ,,Պաշտպանված,Պաշտպանված,Պաշտպանված,Հայաստանի Հանրապետություն ԱՐԱՐԱՏ ԴԱԼԱՐ Պաշտպանված,Պաշտպանված,Պաշտպանված,07/04/2000,Ժառանգություն,Պաշտպանված
85,https://registry.cpcarmenia.am/declaration/?id=1_1_1_105406,ՍԱՐԳԻՍ ՆԱԶԱՐՅԱՆ ՄԿՐՏԻՉԻ,2.,ՍԱՐԳԻՍ ՆԱԶԱՐՅԱՆ ՄԿՐՏԻՉԻ,"Անհատական բնակելի տունը` հողամասի վրա կառուցված, իր տնտեսական շինություններով",Համատեղ,,Պաշտպանված,Պաշտպանված,Պաշտպանված,Հայաստանի Հանրապետություն ԱՐԱՐԱՏ ԴԱԼԱՐ Պաշտպանված,Պաշտպանված,Պաշտպանված,07/04/2000,Ժառանգություն,Պաշտպանված
86,https://registry.cpcarmenia.am/declaration/?id=1_1_1_105417,ՍԱՇԻԿ ԱՎԵՏԻՍՅԱՆ ԱՐԱՄԻ,1.,ՍԱՇԻԿ ԱՎԵՏԻՍՅԱՆ ԱՐԱՄԻ,"Անհատական բնակելի տունը` հողամասի վրա կառուցված, իր տնտեսական շինություններով",Համատեղ,,Պաշտպանված,Պաշտպանված,Պաշտպանված,Հայաստանի Հանրապետություն ԱՐԱՐԱՏ Արտաշատ Պաշտպանված,Պաշտպանված,Պաշտպանված,23/09/2019,Ժառանգություն,Պաշտպանված
87,https://registry.cpcarmenia.am/declaration/?id=1_1_1_105417,ՍԱՇԻԿ ԱՎԵՏԻՍՅԱՆ ԱՐԱՄԻ,2.,ՍԱՇԻԿ ԱՎԵՏԻՍՅԱՆ ԱՐԱՄԻ,Հողամաս,Համատեղ,,Պաշտպանված,Պաշտպանված,Պաշտպանված,Հայաստանի Հանրապետություն ԱՐԱՐԱՏ ՄՐԳԱՎԱՆ Պաշտպանված,Պաշտպանված,Պաշտպանված,13/03/1991,Այլ,Պաշտպանված
88,https://registry.cpcarmenia.am/declaration/?id=1_1_1_105409,ՀՈՎՀԱՆՆԵՍ ՀԱՐՈՒԹՅՈՒՆՅԱՆ ՄՈՒՇԵՂԻ,1.,ՀՈՎՀԱՆՆԵՍ ՀԱՐՈՒԹՅՈՒՆՅԱՆ ՄՈՒՇԵՂԻ,Ավտոկայանատեղի,Համատեղ,,Պաշտպանված,Պաշտպանված,Պաշտպանված,Հայաստանի Հանրապետություն ԵՐԵՎԱՆ ԱՐԱԲԿԻՐ Պաշտպանված,Պաշտպանված,Պաշտպանված,09/09/2020,Գնում,Պաշտպանված
89,https://registry.cpcarmenia.am/declaration/?id=1_1_1_105409,ՀՈՎՀԱՆՆԵՍ ՀԱՐՈՒԹՅՈՒՆՅԱՆ ՄՈՒՇԵՂԻ,2.,ՀՈՎՀԱՆՆԵՍ ՀԱՐՈՒԹՅՈՒՆՅԱՆ ՄՈՒՇԵՂԻ,"Բնակարանը` բազմաբնակարան բնակելի շենքում ֆիզիկական անձանց բնակության համար նախատեսված, իրավունքների պետական գրանցումն իրականացնող լիազոր մարմնում առանձին ծածկագրով գրանցված և համարակալված տարածքը",Համատեղ,,Պաշտպանված,Պաշտպանված,Պաշտպանված,Հայաստանի Հանրապետություն ԵՐԵՎԱՆ ԱՐԱԲԿԻՐ Պաշտպանված,Պաշտպանված,Պաշտպանված,09/09/2020,Գնում,Պաշտպանված
90,https://registry.cpcarmenia.am/declaration/?id=1_1_1_105399,ԴԱՎԻԹ ԿՈՍՏԱՆԴՅԱՆ ՌՈԲԵՐՏԻ,Տվյալներ չկան,,,,,,,,,,,,,
91,https://registry.cpcarmenia.am/declaration/?id=1_1_1_105402,ԽՈՐԵՆ ՄԵՋԼՈՒՄՅԱՆ ԳԵՎՈՐԳԻ,1.,ԽՈՐԵՆ ՄԵՋԼՈՒՄՅԱՆ ԳԵՎՈՐԳԻ,"Անհատական բնակելի տունը` հողամասի վրա կառուցված, իր տնտեսական շինություններով",Բաժնային,-,Պաշտպանված,Պաշտպանված,Պաշտպանված,Հայաստանի Հանրապետություն ԿՈՏԱՅՔ ՄԵՂՐԱՁՈՐ Պաշտպանված,Պաշտպանված,Պաշտպանված,02/10/2012,Նվիրատվություն,Պաշտպանված
92,https://registry.cpcarmenia.am/declaration/?id=1_1_1_105432,ԱՇՈՏ ՕՀԱՆՅԱՆ ԱՐՄԵՆԻ,1.,ԱՇՈՏ ՕՀԱՆՅԱՆ ԱՐՄԵՆԻ,"Բնակարանը` բազմաբնակարան բնակելի շենքում ֆիզիկական անձանց բնակության համար նախատեսված, իրավունքների պետական գրանցումն իրականացնող լիազոր մարմնում առանձին ծածկագրով գրանցված և համարակալված տարածքը",Համատեղ,,Պաշտպանված,Պաշտպանված,Պաշտպանված,Հայաստանի Հանրապետություն ԵՐԵՎԱՆ ԱՐԱԲԿԻՐ Պաշտպանված,Պաշտպանված,Պաշտպանված,29/03/2019,Գնում,Պաշտպանված
93,https://registry.cpcarmenia.am/declaration/?id=1_1_1_105432,ԱՇՈՏ ՕՀԱՆՅԱՆ ԱՐՄԵՆԻ,2.,ԱՇՈՏ ՕՀԱՆՅԱՆ ԱՐՄԵՆԻ,"Բնակարանը` բազմաբնակարան բնակելի շենքում ֆիզիկական անձանց բնակության համար նախատեսված, իրավունքների պետական գրանցումն իրականացնող լիազոր մարմնում առանձին ծածկագրով գրանցված և համարակալված տարածքը",Համատեղ,,Պաշտպանված,Պաշտպանված,Պաշտպանված,Հայաստանի Հանրապետություն ԵՐԵՎԱՆ ԴԱՎԹԱՇԵՆ Պաշտպանված,Պաշտպանված,Պաշտպանված,26/10/2022,Այլ,Պաշտպանված
94,https://registry.cpcarmenia.am/declaration/?id=1_1_1_105430,ԲԱԳՐԱՏ ԱԴԱՄՅԱՆ ՀՐԱՆՏԻ,1.,ԲԱԳՐԱՏ ԱԴԱՄՅԱՆ ՀՐԱՆՏԻ,Հողամաս,Համատեղ,,Պաշտպանված,Պաշտպանված,Պաշտպանված,Հայաստանի Հանրապետություն ԱՐԱԳԱԾՈՏՆ ՔՈՒՉԱԿ Պաշտպանված,Պաշտպանված,Պաշտպանված,31/10/2005,Այլ,Պաշտպանված
95,https://registry.cpcarmenia.am/declaration/?id=1_1_1_105430,ԲԱԳՐԱՏ ԱԴԱՄՅԱՆ ՀՐԱՆՏԻ,2.,ԲԱԳՐԱՏ ԱԴԱՄՅԱՆ ՀՐԱՆՏԻ,Հողամաս,Համատեղ,,Պաշտպանված,Պաշտպանված,Պաշտպանված,Հայաստանի Հանրապետություն ԱՐԱԳԱԾՈՏՆ ՔՈՒՉԱԿ Պաշտպանված,Պաշտպանված,Պաշտպանված,31/12/2005,Այլ,Պաշտպանված
96,https://registry.cpcarmenia.am/declaration/?id=1_1_1_105430,ԲԱԳՐԱՏ ԱԴԱՄՅԱՆ ՀՐԱՆՏԻ,3.,ԲԱԳՐԱՏ ԱԴԱՄՅԱՆ ՀՐԱՆՏԻ,Հողամաս,Համատեղ,,Պաշտպանված,Պաշտպանված,Պաշտպանված,Հայաստանի Հանրապետություն ԱՐԱԳԱԾՈՏՆ ՔՈՒՉԱԿ Պաշտպանված,Պաշտպանված,Պաշտպանված,31/10/2005,Այլ,Պաշտպանված
97,https://registry.cpcarmenia.am/declaration/?id=1_1_1_105430,ԲԱԳՐԱՏ ԱԴԱՄՅԱՆ ՀՐԱՆՏԻ,4.,ԲԱԳՐԱՏ ԱԴԱՄՅԱՆ ՀՐԱՆՏԻ,"Հայաստանի Հանրապետության օրենսդրության համաձայն նոր կառուցված, ձեռք բերված և անշարժ գույքի կադաստր վարող լիազոր մարմնի կողմից հաշվառված ու գնահատված այն շինությունները, որոնք դեռևս չեն ստացել իրավունքների պետական գրանցում, ինչպես նաև սեփականության կամ հողօգտագործման իրավունք ունեցող անձանց կողմից այդ հողամաuի վրա ինքնակամ կառուցված շենքերը և շինությունները, այդ թվում՝ բազմաբնակարան շենքերում կամ շենքերին կից ինքնակամ կառույցները",Համատեղ,,Պաշտպանված,Պաշտպանված,Պաշտպանված,Հայաստանի Հանրապետություն ԱՐԱԳԱԾՈՏՆ ՔՈՒՉԱԿ Պաշտպանված,Պաշտպանված,Պաշտպանված,31/10/2005,Այլ,Պաշտպանված
98,https://registry.cpcarmenia.am/declaration/?id=1_1_1_105430,ԲԱԳՐԱՏ ԱԴԱՄՅԱՆ ՀՐԱՆՏԻ,5.,ԲԱԳՐԱՏ ԱԴԱՄՅԱՆ ՀՐԱՆՏԻ,Հողամաս,Համատեղ,,Պաշտպանված,Պաշտպանված,Պաշտպանված,Հայաստանի Հանրապետություն ԱՐԱԳԱԾՈՏՆ ՔՈՒՉԱԿ Պաշտպանված,Պաշտպանված,Պաշտպանված,31/10/2005,Այլ,Պաշտպանված
99,https://registry.cpcarmenia.am/declaration/?id=1_1_1_105430,ԲԱԳՐԱՏ ԱԴԱՄՅԱՆ ՀՐԱՆՏԻ,6.,ԲԱԳՐԱՏ ԱԴԱՄՅԱՆ ՀՐԱՆՏԻ,Ավտոկայանատեղի,Համատեղ,,Պաշտպանված,Պաշտպանված,Պաշտպանված,Հայաստանի Հանրապետություն ԵՐԵՎԱՆ ԱՐԱԲԿԻՐ Պաշտպանված,Պաշտպանված,Պաշտպանված,13/10/2017,Գնում,Պաշտպանված
100,https://registry.cpcarmenia.am/declaration/?id=1_1_1_105430,ԲԱԳՐԱՏ ԱԴԱՄՅԱՆ ՀՐԱՆՏԻ,7.,ԲԱԳՐԱՏ ԱԴԱՄՅԱՆ ՀՐԱՆՏԻ,Հողամաս,Համատեղ,,Պաշտպանված,Պաշտպանված,Պաշտպանված,Հայաստանի Հանրապետություն ԱՐԱԳԱԾՈՏՆ ՔՈՒՉԱԿ Պաշտպանված,Պաշտպանված,Պաշտպանված,31/10/2005,Այլ,Պաշտպանված
101,https://registry.cpcarmenia.am/declaration/?id=1_1_1_105430,ԲԱԳՐԱՏ ԱԴԱՄՅԱՆ ՀՐԱՆՏԻ,8.,ԲԱԳՐԱՏ ԱԴԱՄՅԱՆ ՀՐԱՆՏԻ,"Բնակարանը` բազմաբնակարան բնակելի շենքում ֆիզիկական անձանց բնակության համար նախատեսված, իրավունքների պետական գրանցումն իրականացնող լիազոր մարմնում առանձին ծածկագրով գրանցված և համարակալված տարածքը",Համատեղ,,Պաշտպանված,Պաշտպանված,Պաշտպանված,Հայաստանի Հանրապետություն ԵՐԵՎԱՆ ԱՐԱԲԿԻՐ Պաշտպանված,Պաշտպանված,Պաշտպանված,13/10/2017,Գնում,Պաշտպանված
102,https://registry.cpcarmenia.am/declaration/?id=1_1_1_105424,ՎԱՀԵ ՄԱՐՏԻՐՈՍՅԱՆ ՌԱՖԻԿԻ,1.,ՎԱՀԵ ՄԱՐՏԻՐՈՍՅԱՆ ՌԱՖԻԿԻ,Հողամաս,Համատեղ,,Պաշտպանված,Պաշտպանված,Պաշտպանված,Հայաստանի Հանրապետություն ԱՐԱԳԱԾՈՏՆ ԲՅՈՒՐԱԿԱՆ Պաշտպանված,Պաշտպանված,Պաշտպանված,25/10/2016,Այլ,Պաշտպանված
103,https://registry.cpcarmenia.am/declaration/?id=1_1_1_105424,ՎԱՀԵ ՄԱՐՏԻՐՈՍՅԱՆ ՌԱՖԻԿԻ,2.,ՎԱՀԵ ՄԱՐՏԻՐՈՍՅԱՆ ՌԱՖԻԿԻ,Հողամաս,Համատեղ,,Պաշտպանված,Պաշտպանված,Պաշտպանված,Հայաստանի Հանրապետություն ԱՐԱԳԱԾՈՏՆ ԲՅՈՒՐԱԿԱՆ Պաշտպանված,Պաշտպանված,Պաշտպանված,25/03/2015,Այլ,Պաշտպանված
104,https://registry.cpcarmenia.am/declaration/?id=1_1_1_105424,ՎԱՀԵ ՄԱՐՏԻՐՈՍՅԱՆ ՌԱՖԻԿԻ,3.,ՎԱՀԵ ՄԱՐՏԻՐՈՍՅԱՆ ՌԱՖԻԿԻ,"Անհատական բնակելի տունը` հողամասի վրա կառուցված, իր տնտեսական շինություններով",Համատեղ,,Պաշտպանված,Պաշտպանված,Պաշտպանված,Հայաստանի Հանրապետություն ԱՐԱԳԱԾՈՏՆ ԲՅՈՒՐԱԿԱՆ Պաշտպանված,Պաշտպանված,Պաշտպանված,25/10/2016,Այլ,Պաշտպանված
105,https://registry.cpcarmenia.am/declaration/?id=1_1_1_105422,ԲՈՐՅԱ ՉԻԼԻՆԳԱՐՅԱՆ ԱԼԵՔՍԱՆԴՐԻ,1.,ԲՈՐՅԱ ՉԻԼԻՆԳԱՐՅԱՆ ԱԼԵՔՍԱՆԴՐԻ,Ավտոկայանատեղի,Համատեղ,,Պաշտպանված,Պաշտպանված,Պաշտպանված,Հայաստանի Հանրապետություն ԵՐԵՎԱՆ ԱՐԱԲԿԻՐ Պաշտպանված,Պաշտպանված,Պաշտպանված,29/09/2017,Գնում,Պաշտպանված
106,https://registry.cpcarmenia.am/declaration/?id=1_1_1_105422,ԲՈՐՅԱ ՉԻԼԻՆԳԱՐՅԱՆ ԱԼԵՔՍԱՆԴՐԻ,2.,ԲՈՐՅԱ ՉԻԼԻՆԳԱՐՅԱՆ ԱԼԵՔՍԱՆԴՐԻ,"Բնակարանը` բազմաբնակարան բնակելի շենքում ֆիզիկական անձանց բնակության համար նախատեսված, իրավունքների պետական գրանցումն իրականացնող լիազոր մարմնում առանձին ծածկագրով գրանցված և համարակալված տարածքը",Համատեղ,,Պաշտպանված,Պաշտպանված,Պաշտպանված,Հայաստանի Հանրապետություն ԵՐԵՎԱՆ ԱՐԱԲԿԻՐ Պաշտպանված,Պաշտպանված,Պաշտպանված,29/09/2017,Գնում,Պաշտպանված
107,https://registry.cpcarmenia.am/declaration/?id=1_1_1_105422,ԲՈՐՅԱ ՉԻԼԻՆԳԱՐՅԱՆ ԱԼԵՔՍԱՆԴՐԻ,3.,ԲՈՐՅԱ ՉԻԼԻՆԳԱՐՅԱՆ ԱԼԵՔՍԱՆԴՐԻ,"Անհատական բնակելի տունը` հողամասի վրա կառուցված, իր տնտեսական շինություններով",Համատեղ,,Պաշտպանված,Պաշտպանված,Պաշտպանված,Հայաստանի Հանրապետություն ԱՐԱԳԱԾՈՏՆ ԿՈՇ Պաշտպանված,Պաշտպանված,Պաշտպանված,19/06/2006,Գնում,Պաշտպանված
108,https://registry.cpcarmenia.am/declaration/?id=1_1_1_105422,ԲՈՐՅԱ ՉԻԼԻՆԳԱՐՅԱՆ ԱԼԵՔՍԱՆԴՐԻ,4.,ԲՈՐՅԱ ՉԻԼԻՆԳԱՐՅԱՆ ԱԼԵՔՍԱՆԴՐԻ,Հողամաս,Համատեղ,,Պաշտպանված,Պաշտպանված,Պաշտպանված,Հայաստանի Հանրապետություն ԱՐԱԳԱԾՈՏՆ ԿՈՇ Պաշտպանված,Պաշտպանված,Պաշտպանված,19/06/2006,Գնում,Պաշտպանված
109,https://registry.cpcarmenia.am/declaration/?id=1_1_1_105422,ԲՈՐՅԱ ՉԻԼԻՆԳԱՐՅԱՆ ԱԼԵՔՍԱՆԴՐԻ,5.,ԲՈՐՅԱ ՉԻԼԻՆԳԱՐՅԱՆ ԱԼԵՔՍԱՆԴՐԻ,Հողամաս,Միանձնյա,,Պաշտպանված,Պաշտպանված,Պաշտպանված,Հայաստանի Հանրապետություն ԱՐԱԳԱԾՈՏՆ ԿՈՇ Պաշտպանված,Պաշտպանված,Պաշտպանված,26/12/2009,Գնում,Պաշտպանված
110,https://registry.cpcarmenia.am/declaration/?id=1_1_1_105422,ԲՈՐՅԱ ՉԻԼԻՆԳԱՐՅԱՆ ԱԼԵՔՍԱՆԴՐԻ,6.,ԲՈՐՅԱ ՉԻԼԻՆԳԱՐՅԱՆ ԱԼԵՔՍԱՆԴՐԻ,Հողամաս,Համատեղ,,Պաշտպանված,Պաշտպանված,Պաշտպանված,Հայաստանի Հանրապետություն ԱՐԱԳԱԾՈՏՆ ԿՈՇ Պաշտպանված,Պաշտպանված,Պաշտպանված,03/06/2002,Այլ,Պաշտպանված
111,https://registry.cpcarmenia.am/declaration/?id=1_1_1_105408,ՎԱՀԵ ԽԱՉԱՏՐՅԱՆ ԷՄԱՆՈՒԵԼԻ,1.,ՎԱՀԵ ԽԱՉԱՏՐՅԱՆ ԷՄԱՆՈՒԵԼԻ,"Անհատական բնակելի տունը` հողամասի վրա կառուցված, իր տնտեսական շինություններով",Համատեղ,,Պաշտպանված,Պաշտպանված,Պաշտպանված,Հայաստանի Հանրապետություն ԳԵՂԱՐՔՈՒՆԻՔ ԵՐԱՆՈՍ Պաշտպանված,Պաշտպանված,Պաշտպանված,10/04/2002,Այլ,Պաշտպանված
112,https://registry.cpcarmenia.am/declaration/?id=1_1_1_105408,ՎԱՀԵ ԽԱՉԱՏՐՅԱՆ ԷՄԱՆՈՒԵԼԻ,2.,ՎԱՀԵ ԽԱՉԱՏՐՅԱՆ ԷՄԱՆՈՒԵԼԻ,Հողամաս,Համատեղ,,Պաշտպանված,Պաշտպանված,Պաշտպանված,Հայաստանի Հանրապետություն ԳԵՂԱՐՔՈՒՆԻՔ ԵՐԱՆՈՍ Պաշտպանված,Պաշտպանված,Պաշտպանված,11/05/1992,Այլ,Պաշտպանված
113,https://registry.cpcarmenia.am/declaration/?id=1_1_1_105408,ՎԱՀԵ ԽԱՉԱՏՐՅԱՆ ԷՄԱՆՈՒԵԼԻ,3.,ՎԱՀԵ ԽԱՉԱՏՐՅԱՆ ԷՄԱՆՈՒԵԼԻ,"Ավտոտնակը (տրանսպորտային միջոցների կայանման համար հողամասի վրա կառուցված առանձին շինությունը), ավտոհանգրվանը,ավտոկայանատեղին",Համատեղ,,Պաշտպանված,Պաշտպանված,Պաշտպանված,Հայաստանի Հանրապետություն ԵՐԵՎԱՆ ՇԵՆԳԱՎԻԹ Պաշտպանված,Պաշտպանված,Պաշտպանված,16/02/2019,Գնում,Պաշտպանված
114,https://registry.cpcarmenia.am/declaration/?id=1_1_1_105408,ՎԱՀԵ ԽԱՉԱՏՐՅԱՆ ԷՄԱՆՈՒԵԼԻ,4.,ՎԱՀԵ ԽԱՉԱՏՐՅԱՆ ԷՄԱՆՈՒԵԼԻ,Հողամաս,Համատեղ,,Պաշտպանված,Պաշտպանված,Պաշտպանված,Հայաստանի Հանրապետություն ԳԵՂԱՐՔՈՒՆԻՔ ԵՐԱՆՈՍ Պաշտպանված,Պաշտպանված,Պաշտպանված,11/05/1992,Այլ,Պաշտպանված
115,https://registry.cpcarmenia.am/declaration/?id=1_1_1_105408,ՎԱՀԵ ԽԱՉԱՏՐՅԱՆ ԷՄԱՆՈՒԵԼԻ,5.,ՎԱՀԵ ԽԱՉԱՏՐՅԱՆ ԷՄԱՆՈՒԵԼԻ,Հողամաս,Համատեղ,,Պաշտպանված,Պաշտպանված,Պաշտպանված,Հայաստանի Հանրապետություն ԳԵՂԱՐՔՈՒՆԻՔ ԵՐԱՆՈՍ Պաշտպանված,Պաշտպանված,Պաշտպանված,11/05/1992,Այլ,Պաշտպանված
116,https://registry.cpcarmenia.am/declaration/?id=1_1_1_105408,ՎԱՀԵ ԽԱՉԱՏՐՅԱՆ ԷՄԱՆՈՒԵԼԻ,6.,ՎԱՀԵ ԽԱՉԱՏՐՅԱՆ ԷՄԱՆՈՒԵԼԻ,Հողամաս,Համատեղ,,Պաշտպանված,Պաշտպանված,Պաշտպանված,Հայաստանի Հանրապետություն ԳԵՂԱՐՔՈՒՆԻՔ ԵՐԱՆՈՍ Պաշտպանված,Պաշտպանված,Պաշտպանված,11/05/1992,Այլ,Պաշտպանված
117,https://registry.cpcarmenia.am/declaration/?id=1_1_1_105408,ՎԱՀԵ ԽԱՉԱՏՐՅԱՆ ԷՄԱՆՈՒԵԼԻ,7.,ՎԱՀԵ ԽԱՉԱՏՐՅԱՆ ԷՄԱՆՈՒԵԼԻ,"Հասարակական նշանակության շինությունը (բնակչության սոցիալական սպասարկման, ինչպես նաև վարչական ու հասարակական կազմակերպությունների տեղակայման համար նախատեսված շինությունը)",Համատեղ,,Պաշտպանված,Պաշտպանված,Պաշտպանված,Հայաստանի Հանրապետություն ԵՐԵՎԱՆ ՇԵՆԳԱՎԻԹ Պաշտպանված,Պաշտպանված,Պաշտպանված,05/08/2016,Գնում,Պաշտպանված
118,https://registry.cpcarmenia.am/declaration/?id=1_1_1_105408,ՎԱՀԵ ԽԱՉԱՏՐՅԱՆ ԷՄԱՆՈՒԵԼԻ,8.,ՎԱՀԵ ԽԱՉԱՏՐՅԱՆ ԷՄԱՆՈՒԵԼԻ,Հողամաս,Համատեղ,,Պաշտպանված,Պաշտպանված,Պաշտպանված,Հայաստանի Հանրապետություն ԳԵՂԱՐՔՈՒՆԻՔ ԵՐԱՆՈՍ Պաշտպանված,Պաշտպանված,Պաշտպանված,11/05/1992,Այլ,Պաշտպանված
119,https://registry.cpcarmenia.am/declaration/?id=1_1_1_105408,ՎԱՀԵ ԽԱՉԱՏՐՅԱՆ ԷՄԱՆՈՒԵԼԻ,9.,ՎԱՀԵ ԽԱՉԱՏՐՅԱՆ ԷՄԱՆՈՒԵԼԻ,Հողամաս,Համատեղ,,Պաշտպանված,Պաշտպանված,Պաշտպանված,Հայաստանի Հանրապետություն ԳԵՂԱՐՔՈՒՆԻՔ ԵՐԱՆՈՍ Պաշտպանված,Պաշտպանված,Պաշտպանված,11/05/1992,Այլ,Պաշտպանված
120,https://registry.cpcarmenia.am/declaration/?id=1_1_1_105419,ԱՐՍԵՆ ԳԵՂԱՄՅԱՆ ԳՐԻԳՈՐԻ,1.,ԱՐՍԵՆ ԳԵՂԱՄՅԱՆ ԳՐԻԳՈՐԻ,Բազմամյա տնկի,Համատեղ,,Պաշտպանված,Պաշտպանված,Պաշտպանված,Հայաստանի Հանրապետություն ԱՐԱՐԱՏ ՋՐԱՀՈՎԻՏ Պաշտպանված,Պաշտպանված,Պաշտպանված,10/09/2000,Այլ,Պաշտպանված
121,https://registry.cpcarmenia.am/declaration/?id=1_1_1_105419,ԱՐՍԵՆ ԳԵՂԱՄՅԱՆ ԳՐԻԳՈՐԻ,2.,ԱՐՍԵՆ ԳԵՂԱՄՅԱՆ ԳՐԻԳՈՐԻ,Հողին ամրակայված այլ անշարժ գույք,Համատեղ,,Պաշտպանված,Պաշտպանված,Պաշտպանված,Հայաստանի Հանրապետություն ԱՐԱՐԱՏ ՋՐԱՀՈՎԻՏ Պաշտպանված,Պաշտպանված,Պաշտպանված,10/09/2000,Այլ,Պաշտպանված
122,https://registry.cpcarmenia.am/declaration/?id=1_1_1_105419,ԱՐՍԵՆ ԳԵՂԱՄՅԱՆ ԳՐԻԳՈՐԻ,3.,ԱՐՍԵՆ ԳԵՂԱՄՅԱՆ ԳՐԻԳՈՐԻ,"Անհատական բնակելի տունը` հողամասի վրա կառուցված, իր տնտեսական շինություններով",Համատեղ,,Պաշտպանված,Պաշտպանված,Պաշտպանված,Հայաստանի Հանրապետություն ԱՐԱՐԱՏ ՋՐԱՀՈՎԻՏ Պաշտպանված,Պաշտպանված,Պաշտպանված,10/09/2000,Այլ,Պաշտպանված
123,https://registry.cpcarmenia.am/declaration/?id=1_1_1_105419,ԱՐՍԵՆ ԳԵՂԱՄՅԱՆ ԳՐԻԳՈՐԻ,4.,ԱՐՍԵՆ ԳԵՂԱՄՅԱՆ ԳՐԻԳՈՐԻ,Հողամաս,Համատեղ,,Պաշտպանված,Պաշտպանված,Պաշտպանված,Հայաստանի Հանրապետություն ԱՐԱՐԱՏ ՋՐԱՀՈՎԻՏ Պաշտպանված,Պաշտպանված,Պաշտպանված,10/09/2000,Այլ,Պաշտպանված
124,https://registry.cpcarmenia.am/declaration/?id=1_1_1_105419,ԱՐՍԵՆ ԳԵՂԱՄՅԱՆ ԳՐԻԳՈՐԻ,5.,ԱՐՍԵՆ ԳԵՂԱՄՅԱՆ ԳՐԻԳՈՐԻ,Հողին ամրակայված այլ անշարժ գույք,Համատեղ,,Պաշտպանված,Պաշտպանված,Պաշտպանված,Հայաստանի Հանրապետություն ԱՐԱՐԱՏ ՋՐԱՀՈՎԻՏ Պաշտպանված,Պաշտպանված,Պաշտպանված,10/09/2000,Այլ,Պաշտպանված
125,https://registry.cpcarmenia.am/declaration/?id=1_1_1_105419,ԱՐՍԵՆ ԳԵՂԱՄՅԱՆ ԳՐԻԳՈՐԻ,6.,ԱՐՍԵՆ ԳԵՂԱՄՅԱՆ ԳՐԻԳՈՐԻ,Հողին ամրակայված այլ անշարժ գույք,Համատեղ,,Պաշտպանված,Պաշտպանված,Պաշտպանված,Հայաստանի Հանրապետություն ԱՐԱՐԱՏ ՋՐԱՀՈՎԻՏ Պաշտպանված,Պաշտպանված,Պաշտպանված,10/09/2000,Այլ,Պաշտպանված
126,https://registry.cpcarmenia.am/declaration/?id=1_1_1_105404,ԳԵՂԱՄ ՄԱՐԳԱՐՅԱՆ ՄԱՐՏԻՆԻ,Տվյալներ չկան,,,,,,,,,,,,,
127,https://registry.cpcarmenia.am/declaration/?id=1_1_1_105413,ՀԱՅԿ ՄԱՆԱՆԴՅԱՆ ՍԵՐԳՈՅԻ,1.,ՀԱՅԿ ՄԱՆԱՆԴՅԱՆ ՍԵՐԳՈՅԻ,Հողամաս,Բաժնային,1/2,Պաշտպանված,Պաշտպանված,Պաշտպանված,Հայաստանի Հանրապետություն ԱՐՄԱՎԻՐ ՎԱՂԱՐՇԱՊԱՏ Պաշտպանված,Պաշտպանված,Պաշտպանված,20/09/2013,Ժառանգություն,Պաշտպանված
128,https://registry.cpcarmenia.am/declaration/?id=1_1_1_105413,ՀԱՅԿ ՄԱՆԱՆԴՅԱՆ ՍԵՐԳՈՅԻ,2.,ՀԱՅԿ ՄԱՆԱՆԴՅԱՆ ՍԵՐԳՈՅԻ,"Անհատական բնակելի տունը` հողամասի վրա կառուցված, իր տնտեսական շինություններով",Բաժնային,1/2,Պաշտպանված,Պաշտպանված,Պաշտպանված,Հայաստանի Հանրապետություն ԱՐՄԱՎԻՐ ՎԱՂԱՐՇԱՊԱՏ Պաշտպանված,Պաշտպանված,Պաշտպանված,20/09/2013,Ժառանգություն,Պաշտպանված
129,https://registry.cpcarmenia.am/declaration/?id=1_1_1_101748,ԳԱՐԵԳԻՆ ԲԵԳՈՅԱՆ ՎԼԱԴԻՄԻՐԻ,1.,ԳԱՐԵԳԻՆ ԲԵԳՈՅԱՆ ՎԼԱԴԻՄԻՐԻ,"Բնակարանը` բազմաբնակարան բնակելի շենքում ֆիզիկական անձանց բնակության համար նախատեսված, իրավունքների պետական գրանցումն իրականացնող լիազոր մարմնում առանձին ծածկագրով գրանցված և համարակալված տարածքը",Միանձնյա,,Պաշտպանված,Պաշտպանված,Պաշտպանված,Հայաստանի Հանրապետություն ԵՐԵՎԱՆ ԱՎԱՆ Պաշտպանված,Պաշտպանված,Պաշտպանված,02/02/2017,Գնում,Պաշտպանված
130,https://registry.cpcarmenia.am/declaration/?id=1_1_1_105421,ԱՐԹՈՒՐ ՍԱՐԳՍՅԱՆ ՄՈՒՐԱԴԻ,Տվյալներ չկան,,,,,,,,,,,,,
131,https://registry.cpcarmenia.am/declaration/?id=1_1_1_105407,ՍՄԲԱՏ ՄԽԻԹԱՐՅԱՆ ԱՏՈՄԻ,1.,ՍՄԲԱՏ ՄԽԻԹԱՐՅԱՆ ԱՏՈՄԻ,Հողամաս,Համատեղ,,Պաշտպանված,Պաշտպանված,Պաշտպանված,Հայաստանի Հանրապետություն ԳԵՂԱՐՔՈՒՆԻՔ ՄԱՐՏՈՒՆԻ Պաշտպանված,Պաշտպանված,Պաշտպանված,07/01/2003,Այլ,Պաշտպանված
132,https://registry.cpcarmenia.am/declaration/?id=1_1_1_105407,ՍՄԲԱՏ ՄԽԻԹԱՐՅԱՆ ԱՏՈՄԻ,2.,ՍՄԲԱՏ ՄԽԻԹԱՐՅԱՆ ԱՏՈՄԻ,Հողամաս,Համատեղ,,Պաշտպանված,Պաշտպանված,Պաշտպանված,Հայաստանի Հանրապետություն ԳԵՂԱՐՔՈՒՆԻՔ ՄԱՐՏՈՒՆԻ Պաշտպանված,Պաշտպանված,Պաշտպանված,07/01/2003,Այլ,Պաշտպանված
133,https://registry.cpcarmenia.am/declaration/?id=1_1_1_105407,ՍՄԲԱՏ ՄԽԻԹԱՐՅԱՆ ԱՏՈՄԻ,3.,ՍՄԲԱՏ ՄԽԻԹԱՐՅԱՆ ԱՏՈՄԻ,Հողամաս,Համատեղ,,Պաշտպանված,Պաշտպանված,Պաշտպանված,Հայաստանի Հանրապետություն ԳԵՂԱՐՔՈՒՆԻՔ ՄԱՐՏՈՒՆԻ Պաշտպանված,Պաշտպանված,Պաշտպանված,07/01/2003,Այլ,Պաշտպանված
134,https://registry.cpcarmenia.am/declaration/?id=1_1_1_105407,ՍՄԲԱՏ ՄԽԻԹԱՐՅԱՆ ԱՏՈՄԻ,4.,ՍՄԲԱՏ ՄԽԻԹԱՐՅԱՆ ԱՏՈՄԻ,Հողամաս,Համատեղ,,Պաշտպանված,Պաշտպանված,Պաշտպանված,Հայաստանի Հանրապետություն ԳԵՂԱՐՔՈՒՆԻՔ ՄԱՐՏՈՒՆԻ Պաշտպանված,Պաշտպանված,Պաշտպանված,07/01/2003,Այլ,Պաշտպանված
135,https://registry.cpcarmenia.am/declaration/?id=1_1_1_105407,ՍՄԲԱՏ ՄԽԻԹԱՐՅԱՆ ԱՏՈՄԻ,5.,ՍՄԲԱՏ ՄԽԻԹԱՐՅԱՆ ԱՏՈՄԻ,Հողամաս,Համատեղ,,Պաշտպանված,Պաշտպանված,Պաշտպանված,Հայաստանի Հանրապետություն ԳԵՂԱՐՔՈՒՆԻՔ ՄԱՐՏՈՒՆԻ Պաշտպանված,Պաշտպանված,Պաշտպանված,07/01/2003,Այլ,Պաշտպանված
136,https://registry.cpcarmenia.am/declaration/?id=1_1_1_105407,ՍՄԲԱՏ ՄԽԻԹԱՐՅԱՆ ԱՏՈՄԻ,6.,ՍՄԲԱՏ ՄԽԻԹԱՐՅԱՆ ԱՏՈՄԻ,Հողամաս,Համատեղ,,Պաշտպանված,Պաշտպանված,Պաշտպանված,Հայաստանի Հանրապետություն ԳԵՂԱՐՔՈՒՆԻՔ ՄԱՐՏՈՒՆԻ Պաշտպանված,Պաշտպանված,Պաշտպանված,07/01/2003,Այլ,Պաշտպանված
137,https://registry.cpcarmenia.am/declaration/?id=1_1_1_105407,ՍՄԲԱՏ ՄԽԻԹԱՐՅԱՆ ԱՏՈՄԻ,7.,ՍՄԲԱՏ ՄԽԻԹԱՐՅԱՆ ԱՏՈՄԻ,Հողամաս,Համատեղ,,Պաշտպանված,Պաշտպանված,Պաշտպանված,Հայաստանի Հանրապետություն ԳԵՂԱՐՔՈՒՆԻՔ ՄԱՐՏՈՒՆԻ Պաշտպանված,Պաշտպանված,Պաշտպանված,07/01/2003,Այլ,Պաշտպանված
138,https://registry.cpcarmenia.am/declaration/?id=1_1_1_105407,ՍՄԲԱՏ ՄԽԻԹԱՐՅԱՆ ԱՏՈՄԻ,8.,ՍՄԲԱՏ ՄԽԻԹԱՐՅԱՆ ԱՏՈՄԻ,Հողամաս,Համատեղ,,Պաշտպանված,Պաշտպանված,Պաշտպանված,Հայաստանի Հանրապետություն ԳԵՂԱՐՔՈՒՆԻՔ ՄԱՐՏՈՒՆԻ Պաշտպանված,Պաշտպանված,Պաշտպանված,07/01/2003,Այլ,Պաշտպանված
139,https://registry.cpcarmenia.am/declaration/?id=1_1_1_105407,ՍՄԲԱՏ ՄԽԻԹԱՐՅԱՆ ԱՏՈՄԻ,9.,ՍՄԲԱՏ ՄԽԻԹԱՐՅԱՆ ԱՏՈՄԻ,Հողամաս,Համատեղ,,Պաշտպանված,Պաշտպանված,Պաշտպանված,Հայաստանի Հանրապետություն ԳԵՂԱՐՔՈՒՆԻՔ ՄԱՐՏՈՒՆԻ Պաշտպանված,Պաշտպանված,Պաշտպանված,03/05/2002,Այլ,Պաշտպանված
140,https://registry.cpcarmenia.am/declaration/?id=1_1_1_105407,ՍՄԲԱՏ ՄԽԻԹԱՐՅԱՆ ԱՏՈՄԻ,10.,ՍՄԲԱՏ ՄԽԻԹԱՐՅԱՆ ԱՏՈՄԻ,"Բազմաբնակարան շենքի ոչ բնակելի տարածքը (բազմաբնակարան շենքում բնակարան, հասարակական, արտադրական նշանակության շինություն չհամարվող, իրավունքների պետական գրանցումն իրականացնող լիազորված մարմնում առանձին ծածկագրով գրանցված և համարակալված տարածքը",Միանձնյա,,Պաշտպանված,Պաշտպանված,Պաշտպանված,Հայաստանի Հանրապետություն ԵՐԵՎԱՆ ԵՐԵՎԱՆ Պաշտպանված,Պաշտպանված,Պաշտպանված,22/07/2021,Գնում,Պաշտպանված
141,https://registry.cpcarmenia.am/declaration/?id=1_1_1_105407,ՍՄԲԱՏ ՄԽԻԹԱՐՅԱՆ ԱՏՈՄԻ,11.,ՍՄԲԱՏ ՄԽԻԹԱՐՅԱՆ ԱՏՈՄԻ,"Բնակարանը` բազմաբնակարան բնակելի շենքում ֆիզիկական անձանց բնակության համար նախատեսված, իրավունքների պետական գրանցումն իրականացնող լիազոր մարմնում առանձին ծածկագրով գրանցված և համարակալված տարածքը",Համատեղ,,Պաշտպանված,Պաշտպանված,Պաշտպանված,Հայաստանի Հանրապետություն ԵՐԵՎԱՆ ԵՐԵՎԱՆ Պաշտպանված,Պաշտպանված,Պաշտպանված,24/06/2021,Գնում,Պաշտպանված
142,https://registry.cpcarmenia.am/declaration/?id=1_1_1_105407,ՍՄԲԱՏ ՄԽԻԹԱՐՅԱՆ ԱՏՈՄԻ,12.,ՍՄԲԱՏ ՄԽԻԹԱՐՅԱՆ ԱՏՈՄԻ,"Բնակարանը` բազմաբնակարան բնակելի շենքում ֆիզիկական անձանց բնակության համար նախատեսված, իրավունքների պետական գրանցումն իրականացնող լիազոր մարմնում առանձին ծածկագրով գրանցված և համարակալված տարածքը",Միանձնյա,,Պաշտպանված,Պաշտպանված,Պաշտպանված,Հայաստանի Հանրապետություն ԵՐԵՎԱՆ ԵՐԵՎԱՆ Պաշտպանված,Պաշտպանված,Պաշտպանված,21/11/2013,Գնում,Պաշտպանված
143,https://registry.cpcarmenia.am/declaration/?id=1_1_2_105420,ՍՏԵՓԱՆ ՆԱԶԱՐՅԱՆ ԼԵՎՈՆԻ,1.,ՍՏԵՓԱՆ ՆԱԶԱՐՅԱՆ ԼԵՎՈՆԻ,Հողամաս,Միանձնյա,,Պաշտպանված,Պաշտպանված,Պաշտպանված,Հայաստանի Հանրապետություն ԵՐԵՎԱՆ Երևան Պաշտպանված,Պաշտպանված,Պաշտպանված,20/08/2020,Գնում,Պաշտպանված
144,https://registry.cpcarmenia.am/declaration/?id=1_1_2_105420,ՍՏԵՓԱՆ ՆԱԶԱՐՅԱՆ ԼԵՎՈՆԻ,2.,ՍՏԵՓԱՆ ՆԱԶԱՐՅԱՆ ԼԵՎՈՆԻ,Հողամաս,Միանձնյա,,Պաշտպանված,Պաշտպանված,Պաշտպանված,Հայաստանի Հանրապետություն ԵՐԵՎԱՆ Երևան Պաշտպանված,Պաշտպանված,Պաշտպանված,20/08/2020,Գնում,Պաշտպանված
145,https://registry.cpcarmenia.am/declaration/?id=1_1_1_105429,ԼԵՌՆԻԿ ՍՏԵՓԱՆՅԱՆ ՀԱՅԿԻ,1.,ԼԵՌՆԻԿ ՍՏԵՓԱՆՅԱՆ ՀԱՅԿԻ,"Անհատական բնակելի տունը` հողամասի վրա կառուցված, իր տնտեսական շինություններով",Համատեղ,,Պաշտպանված,Պաշտպանված,Պաշտպանված,Հայաստանի Հանրապետություն ԱՐԱՐԱՏ ՋՐԱՀՈՎԻՏ Պաշտպանված,Պաշտպանված,Պաշտպանված,25/04/2000,Ժառանգություն,Պաշտպանված
146,https://registry.cpcarmenia.am/declaration/?id=1_1_1_105429,ԼԵՌՆԻԿ ՍՏԵՓԱՆՅԱՆ ՀԱՅԿԻ,2.,ԼԵՌՆԻԿ ՍՏԵՓԱՆՅԱՆ ՀԱՅԿԻ,Հողամաս,Համատեղ,,Պաշտպանված,Պաշտպանված,Պաշտպանված,Հայաստանի Հանրապետություն ԱՐԱՐԱՏ ՋՐԱՀՈՎԻՏ Պաշտպանված,Պաշտպանված,Պաշտպանված,25/04/2000,Ժառանգություն,Պաշտպանված
147,https://registry.cpcarmenia.am/declaration/?id=1_1_1_105429,ԼԵՌՆԻԿ ՍՏԵՓԱՆՅԱՆ ՀԱՅԿԻ,3.,ԼԵՌՆԻԿ ՍՏԵՓԱՆՅԱՆ ՀԱՅԿԻ,Հողամաս,Համատեղ,,Պաշտպանված,Պաշտպանված,Պաշտպանված,Հայաստանի Հանրապետություն ԱՐԱՐԱՏ ՋՐԱՀՈՎԻՏ Պաշտպանված,Պաշտպանված,Պաշտպանված,25/04/2000,Ժառանգություն,Պաշտպանված
148,https://registry.cpcarmenia.am/declaration/?id=1_1_2_105415,ԳԵՐԱՍԻՄ ՄԿՐՏՉՅԱՆ ՅՈՒՐԻԿԻ,1.,ԳԵՐԱՍԻՄ ՄԿՐՏՉՅԱՆ ՅՈՒՐԻԿԻ,Ավտոկայանատեղի,Միանձնյա,,Պաշտպանված,Պաշտպանված,Պաշտպանված,Հայաստանի Հանրապետություն ԵՐԵՎԱՆ ԿԵՆՏՐՈՆ Պաշտպանված,Պաշտպանված,Պաշտպանված,15/03/2021,Գնում,Պաշտպանված
149,https://registry.cpcarmenia.am/declaration/?id=1_1_2_105415,ԳԵՐԱՍԻՄ ՄԿՐՏՉՅԱՆ ՅՈՒՐԻԿԻ,2.,ԳԵՐԱՍԻՄ ՄԿՐՏՉՅԱՆ ՅՈՒՐԻԿԻ,"Բնակարանը` բազմաբնակարան բնակելի շենքում ֆիզիկական անձանց բնակության համար նախատեսված, իրավունքների պետական գրանցումն իրականացնող լիազոր մարմնում առանձին ծածկագրով գրանցված և համարակալված տարածքը",Համատեղ,,Պաշտպանված,Պաշտպանված,Պաշտպանված,Հայաստանի Հանրապետություն ԵՐԵՎԱՆ ԿԵՆՏՐՈՆ Պաշտպանված,Պաշտպանված,Պաշտպանված,21/05/2015,Գնում,Պաշտպանված
150,https://registry.cpcarmenia.am/declaration/?id=1_1_2_105415,ԳԵՐԱՍԻՄ ՄԿՐՏՉՅԱՆ ՅՈՒՐԻԿԻ,3.,ԳԵՐԱՍԻՄ ՄԿՐՏՉՅԱՆ ՅՈՒՐԻԿԻ,Հողամաս,Միանձնյա,,Պաշտպանված,Պաշտպանված,Պաշտպանված,Հայաստանի Հանրապետություն ՏԱՎՈՒՇ ԴԻԼԻՋԱՆ Պաշտպանված,Պաշտպանված,Պաշտպանված,26/04/2010,Գնում,Պաշտպանված
151,https://registry.cpcarmenia.am/declaration/?id=1_1_2_105415,ԳԵՐԱՍԻՄ ՄԿՐՏՉՅԱՆ ՅՈՒՐԻԿԻ,4.,ԳԵՐԱՍԻՄ ՄԿՐՏՉՅԱՆ ՅՈՒՐԻԿԻ,Ավտոկայանատեղի,Միանձնյա,,Պաշտպանված,Պաշտպանված,Պաշտպանված,Հայաստանի Հանրապետություն ԵՐԵՎԱՆ ԿԵՆՏՐՈՆ Պաշտպանված,Պաշտպանված,Պաշտպանված,15/03/2021,Գնում,Պաշտպանված
152,https://registry.cpcarmenia.am/declaration/?id=1_1_1_105405,ԱՐՄԵՆ ԱԴԱՄՅԱՆ ՓԱՇՈՅԻ,1.,ԱՐՄԵՆ ԱԴԱՄՅԱՆ ՓԱՇՈՅԻ,"Բնակարանը` բազմաբնակարան բնակելի շենքում ֆիզիկական անձանց բնակության համար նախատեսված, իրավունքների պետական գրանցումն իրականացնող լիազոր մարմնում առանձին ծածկագրով գրանցված և համարակալված տարածքը",Համատեղ,,Պաշտպանված,Պաշտպանված,Պաշտպանված,Հայաստանի Հանրապետություն ՏԱՎՈՒՇ ԻՋԵՎԱՆ Պաշտպանված,Պաշտպանված,Պաշտպանված,01/08/1994,Այլ,Պաշտպանված
153,https://registry.cpcarmenia.am/declaration/?id=1_1_1_102005,ՆԻԿՈԼԱՅ ԲԱՐՍԵՂՅԱՆ ԳԱԳԻԿԻ,1.,ՆԻԿՈԼԱՅ ԲԱՐՍԵՂՅԱՆ ԳԱԳԻԿԻ,"Բնակարանը` բազմաբնակարան բնակելի շենքում ֆիզիկական անձանց բնակության համար նախատեսված, իրավունքների պետական գրանցումն իրականացնող լիազոր մարմնում առանձին ծածկագրով գրանցված և համարակալված տարածքը",Համատեղ,,Պաշտպանված,Պաշտպանված,Պաշտպանված,Հայաստանի Հանրապետություն ԵՐԵՎԱՆ ԱՐԱԲԿԻՐ Պաշտպանված,Պաշտպանված,Պաշտպանված,12/04/2021,Այլ,Պաշտպանված
154,https://registry.cpcarmenia.am/declaration/?id=1_1_1_102005,ՆԻԿՈԼԱՅ ԲԱՐՍԵՂՅԱՆ ԳԱԳԻԿԻ,2.,ՆԻԿՈԼԱՅ ԲԱՐՍԵՂՅԱՆ ԳԱԳԻԿԻ,"Ավտոտնակը (տրանսպորտային միջոցների կայանման համար հողամասի վրա կառուցված առանձին շինությունը), ավտոհանգրվանը,ավտոկայանատեղին",Համատեղ,,Պաշտպանված,Պաշտպանված,Պաշտպանված,Հայաստանի Հանրապետություն ԵՐԵՎԱՆ ԱՐԱԲԿԻՐ Պաշտպանված,Պաշտպանված,Պաշտպանված,19/02/2020,Գնում,Պաշտպանված
155,https://registry.cpcarmenia.am/declaration/?id=1_1_1_102005,ՆԻԿՈԼԱՅ ԲԱՐՍԵՂՅԱՆ ԳԱԳԻԿԻ,3.,ՆԻԿՈԼԱՅ ԲԱՐՍԵՂՅԱՆ ԳԱԳԻԿԻ,"Ավտոտնակը (տրանսպորտային միջոցների կայանման համար հողամասի վրա կառուցված առանձին շինությունը), ավտոհանգրվանը,ավտոկայանատեղին",Համատեղ,,Պաշտպանված,Պաշտպանված,Պաշտպանված,Հայաստանի Հանրապետություն ԵՐԵՎԱՆ ԱՐԱԲԿԻՐ Պաշտպանված,Պաշտպանված,Պաշտպանված,12/04/2021,Այլ,Պաշտպանված
156,https://registry.cpcarmenia.am/declaration/?id=1_1_1_102005,ՆԻԿՈԼԱՅ ԲԱՐՍԵՂՅԱՆ ԳԱԳԻԿԻ,4.,ՆԻԿՈԼԱՅ ԲԱՐՍԵՂՅԱՆ ԳԱԳԻԿԻ,"Բնակարանը` բազմաբնակարան բնակելի շենքում ֆիզիկական անձանց բնակության համար նախատեսված, իրավունքների պետական գրանցումն իրականացնող լիազոր մարմնում առանձին ծածկագրով գրանցված և համարակալված տարածքը",Միանձնյա,,Պաշտպանված,Պաշտպանված,Պաշտպանված,Հայաստանի Հանրապետություն ԵՐԵՎԱՆ ԿԵՆՏՐՈՆ Պաշտպանված,Պաշտպանված,Պաշտպանված,30/04/2003,Գնում,Պաշտպանված
157,https://registry.cpcarmenia.am/declaration/?id=1_1_1_102005,ՆԻԿՈԼԱՅ ԲԱՐՍԵՂՅԱՆ ԳԱԳԻԿԻ,5.,ՆԻԿՈԼԱՅ ԲԱՐՍԵՂՅԱՆ ԳԱԳԻԿԻ,"Բնակարանը` բազմաբնակարան բնակելի շենքում ֆիզիկական անձանց բնակության համար նախատեսված, իրավունքների պետական գրանցումն իրականացնող լիազոր մարմնում առանձին ծածկագրով գրանցված և համարակալված տարածքը",Համատեղ,,Պաշտպանված,Պաշտպանված,Պաշտպանված,Ռուսաստանի Դաշնություն Պաշտպանված,Պաշտպանված,Պաշտպանված,08/11/2019,Գնում,Պաշտպանված
158,https://registry.cpcarmenia.am/declaration/?id=1_1_1_105411,ԱՐՏԱՇԵՍ ՄԱԻԼՅԱՆ ՍԱՄՎԵԼԻ,1.,ԱՐՏԱՇԵՍ ՄԱԻԼՅԱՆ ՍԱՄՎԵԼԻ,Հողամաս,Միանձնյա,,Պաշտպանված,Պաշտպանված,Պաշտպանված,Հայաստանի Հանրապետություն ԿՈՏԱՅՔ ԳԵՏԱՄԵՋ Պաշտպանված,Պաշտպանված,Պաշտպանված,02/11/2009,Նվիրատվություն,Պաշտպանված
159,https://registry.cpcarmenia.am/declaration/?id=1_1_1_105411,ԱՐՏԱՇԵՍ ՄԱԻԼՅԱՆ ՍԱՄՎԵԼԻ,2.,ԱՐՏԱՇԵՍ ՄԱԻԼՅԱՆ ՍԱՄՎԵԼԻ,Հողամաս,Միանձնյա,,Պաշտպանված,Պաշտպանված,Պաշտպանված,Հայաստանի Հանրապետություն ԱՐԱԳԱԾՈՏՆ ԱՇՏԱՐԱԿ Պաշտպանված,Պաշտպանված,Պաշտպանված,02/11/2009,Նվիրատվություն,Պաշտպանված
160,https://registry.cpcarmenia.am/declaration/?id=1_1_1_105411,ԱՐՏԱՇԵՍ ՄԱԻԼՅԱՆ ՍԱՄՎԵԼԻ,3.,ԱՐՏԱՇԵՍ ՄԱԻԼՅԱՆ ՍԱՄՎԵԼԻ,"Բնակարանը` բազմաբնակարան բնակելի շենքում ֆիզիկական անձանց բնակության համար նախատեսված, իրավունքների պետական գրանցումն իրականացնող լիազոր մարմնում առանձին ծածկագրով գրանցված և համարակալված տարածքը",Միանձնյա,,Պաշտպանված,Պաշտպանված,Պաշտպանված,Հայաստանի Հանրապետություն ԵՐԵՎԱՆ ԱՋԱՓՆՅԱԿ Պաշտպանված,Պաշտպանված,Պաշտպանված,24/08/2007,Նվիրատվություն,Պաշտպանված
161,https://registry.cpcarmenia.am/declaration/?id=1_1_1_105416,ԷԴԻԿ ՀԱԿՈԲՅԱՆ ԱՐՄԵՆԱԿԻ,1.,ԷԴԻԿ ՀԱԿՈԲՅԱՆ ԱՐՄԵՆԱԿԻ,Հողամաս,Համատեղ,,Պաշտպանված,Պաշտպանված,Պաշտպանված,Հայաստանի Հանրապետություն ԿՈՏԱՅՔ ՋՐՎԵԺ Պաշտպանված,Պաշտպանված,Պաշտպանված,21/03/2019,Գնում,Պաշտպանված
162,https://registry.cpcarmenia.am/declaration/?id=1_1_1_105416,ԷԴԻԿ ՀԱԿՈԲՅԱՆ ԱՐՄԵՆԱԿԻ,2.,ԷԴԻԿ ՀԱԿՈԲՅԱՆ ԱՐՄԵՆԱԿԻ,"Հայաստանի Հանրապետության օրենսդրության համաձայն նոր կառուցված, ձեռք բերված և անշարժ գույքի կադաստր վարող լիազոր մարմնի կողմից հաշվառված ու գնահատված այն շինությունները, որոնք դեռևս չեն ստացել իրավունքների պետական գրանցում, ինչպես նաև սեփականության կամ հողօգտագործման իրավունք ունեցող անձանց կողմից այդ հողամաuի վրա ինքնակամ կառուցված շենքերը և շինությունները, այդ թվում՝ բազմաբնակարան շենքերում կամ շենքերին կից ինքնակամ կառույցները",Համատեղ,,Պաշտպանված,Պաշտպանված,Պաշտպանված,Հայաստանի Հանրապետություն ԿՈՏԱՅՔ ՋՐՎԵԺ Պաշտպանված,Պաշտպանված,Պաշտպանված,04/12/2020,Այլ,Պաշտպանված
163,https://registry.cpcarmenia.am/declaration/?id=1_1_2_105428,ԳԱԳԻԿ ՄԱՐԿՈՍՅԱՆ ԳԱՐՈՒՆԻ,1.,ԳԱԳԻԿ ՄԱՐԿՈՍՅԱՆ ԳԱՐՈՒՆԻ,"Բնակարանը` բազմաբնակարան բնակելի շենքում ֆիզիկական անձանց բնակության համար նախատեսված, իրավունքների պետական գրանցումն իրականացնող լիազոր մարմնում առանձին ծածկագրով գրանցված և համարակալված տարածքը",Համատեղ,,Պաշտպանված,Պաշտպանված,Պաշտպանված,Հայաստանի Հանրապետություն ԵՐԵՎԱՆ Նոր-Նորք Պաշտպանված,Պաշտպանված,Պաշտպանված,10/06/2015,Գնում,Պաշտպանված
164,https://registry.cpcarmenia.am/declaration/?id=1_1_2_105428,ԳԱԳԻԿ ՄԱՐԿՈՍՅԱՆ ԳԱՐՈՒՆԻ,2.,ԳԱԳԻԿ ՄԱՐԿՈՍՅԱՆ ԳԱՐՈՒՆԻ,"Բնակարանը` բազմաբնակարան բնակելի շենքում ֆիզիկական անձանց բնակության համար նախատեսված, իրավունքների պետական գրանցումն իրականացնող լիազոր մարմնում առանձին ծածկագրով գրանցված և համարակալված տարածքը",Համատեղ,,Պաշտպանված,Պաշտպանված,Պաշտպանված,Հայաստանի Հանրապետություն ԵՐԵՎԱՆ Կենտրոն Պաշտպանված,Պաշտպանված,Պաշտպանված,24/10/2017,Գնում,Պաշտպանված
165,https://registry.cpcarmenia.am/declaration/?id=1_1_2_105428,ԳԱԳԻԿ ՄԱՐԿՈՍՅԱՆ ԳԱՐՈՒՆԻ,3.,ԳԱԳԻԿ ՄԱՐԿՈՍՅԱՆ ԳԱՐՈՒՆԻ,Հողամաս,Միանձնյա,,Պաշտպանված,Պաշտպանված,Պաշտպանված,Հայաստանի Հանրապետություն ԿՈՏԱՅՔ Գառնի Պաշտպանված,Պաշտպանված,Պաշտպանված,12/05/2017,Ժառանգություն,Պաշտպանված
166,https://registry.cpcarmenia.am/declaration/?id=1_1_2_105428,ԳԱԳԻԿ ՄԱՐԿՈՍՅԱՆ ԳԱՐՈՒՆԻ,4.,ԳԱԳԻԿ ՄԱՐԿՈՍՅԱՆ ԳԱՐՈՒՆԻ,"Անհատական բնակելի տունը` հողամասի վրա կառուցված, իր տնտեսական շինություններով",Միանձնյա,,Պաշտպանված,Պաշտպանված,Պաշտպանված,Հայաստանի Հանրապետություն ԵՐԵՎԱՆ Նորք-Մարաշ Պաշտպանված,Պաշտպանված,Պաշտպանված,25/08/2017,Ժառանգություն,Պաշտպանված
167,https://registry.cpcarmenia.am/declaration/?id=1_1_2_105425,ԱՐԱՄ ՍԱՐԳՍՅԱՆ ՅՈՒՐԱՅԻ,1.,ԱՐԱՄ ՍԱՐԳՍՅԱՆ ՅՈՒՐԱՅԻ,"Բնակարանը` բազմաբնակարան բնակելի շենքում ֆիզիկական անձանց բնակության համար նախատեսված, իրավունքների պետական գրանցումն իրականացնող լիազոր մարմնում առանձին ծածկագրով գրանցված և համարակալված տարածքը",Միանձնյա,,Պաշտպանված,Պաշտպանված,Պաշտպանված,Հայաստանի Հանրապետություն ԵՐԵՎԱՆ Աջափնյակ Պաշտպանված,Պաշտպանված,Պաշտպանված,27/12/2021,Այլ,Պաշտպանված
168,https://registry.cpcarmenia.am/declaration/?id=1_1_2_105418,ՀՈՎՀԱՆՆԵՍ ԵՆՈՔՅԱՆ ԿԵՆՍԱԲԵՐԻ,1.,ՀՈՎՀԱՆՆԵՍ ԵՆՈՔՅԱՆ ԿԵՆՍԱԲԵՐԻ,Հողամաս,Միանձնյա,,Պաշտպանված,Պաշտպանված,Պաշտպանված,Հայաստանի Հանրապետություն ԵՐԵՎԱՆ ՄԱԼԱԹԻԱ-ՍԵԲԱՍՏԻԱ Պաշտպանված,Պաշտպանված,Պաշտպանված,03/09/2020,Այլ,Պաշտպանված
169,https://registry.cpcarmenia.am/declaration/?id=1_1_2_105418,ՀՈՎՀԱՆՆԵՍ ԵՆՈՔՅԱՆ ԿԵՆՍԱԲԵՐԻ,2.,ՀՈՎՀԱՆՆԵՍ ԵՆՈՔՅԱՆ ԿԵՆՍԱԲԵՐԻ,"Հասարակական նշանակության շինությունը (բնակչության սոցիալական սպասարկման, ինչպես նաև վարչական ու հասարակական կազմակերպությունների տեղակայման համար նախատեսված շինությունը)",Միանձնյա,,Պաշտպանված,Պաշտպանված,Պաշտպանված,Հայաստանի Հանրապետություն ԵՐԵՎԱՆ ՄԱԼԱԹԻԱ-ՍԵԲԱՍՏԻԱ Պաշտպանված,Պաշտպանված,Պաշտպանված,01/04/2005,Ժառանգություն,Պաշտպանված
170,https://registry.cpcarmenia.am/declaration/?id=1_1_2_105418,ՀՈՎՀԱՆՆԵՍ ԵՆՈՔՅԱՆ ԿԵՆՍԱԲԵՐԻ,3.,ՀՈՎՀԱՆՆԵՍ ԵՆՈՔՅԱՆ ԿԵՆՍԱԲԵՐԻ,"Հայաստանի Հանրապետության օրենսդրության համաձայն նոր կառուցված, ձեռք բերված և անշարժ գույքի կադաստր վարող լիազոր մարմնի կողմից հաշվառված ու գնահատված այն շինությունները, որոնք դեռևս չեն ստացել իրավունքների պետական գրանցում, ինչպես նաև սեփականության կամ հողօգտագործման իրավունք ունեցող անձանց կողմից այդ հողամաuի վրա ինքնակամ կառուցված շենքերը և շինությունները, այդ թվում՝ բազմաբնակարան շենքերում կամ շենքերին կից ինքնակամ կառույցները",Միանձնյա,,Պաշտպանված,Պաշտպանված,Պաշտպանված,Հայաստանի Հանրապետություն ԵՐԵՎԱՆ ՄԱԼԱԹԻԱ-ՍԵԲԱՍՏԻԱ Պաշտպանված,Պաշտպանված,Պաշտպանված,01/04/2005,Ժառանգություն,Պաշտպանված
171,https://registry.cpcarmenia.am/declaration/?id=1_1_2_105418,ՀՈՎՀԱՆՆԵՍ ԵՆՈՔՅԱՆ ԿԵՆՍԱԲԵՐԻ,4.,ՀՈՎՀԱՆՆԵՍ ԵՆՈՔՅԱՆ ԿԵՆՍԱԲԵՐԻ,Հողամաս,Միանձնյա,,Պաշտպանված,Պաշտպանված,Պաշտպանված,Հայաստանի Հանրապետություն ԵՐԵՎԱՆ ՄԱԼԱԹԻԱ-ՍԵԲԱՍՏԻԱ Պաշտպանված,Պաշտպանված,Պաշտպանված,03/09/2020,Այլ,Պաշտպանված
172,https://registry.cpcarmenia.am/declaration/?id=1_1_2_105418,ՀՈՎՀԱՆՆԵՍ ԵՆՈՔՅԱՆ ԿԵՆՍԱԲԵՐԻ,5.,ՀՈՎՀԱՆՆԵՍ ԵՆՈՔՅԱՆ ԿԵՆՍԱԲԵՐԻ,Հողամաս,Բաժնային,1/2,Պաշտպանված,Պաշտպանված,Պաշտպանված,Ռուսաստանի Դաշնություն Պաշտպանված,Պաշտպանված,Պաշտպանված,06/09/2016,Գնում,Պաշտպանված
173,https://registry.cpcarmenia.am/declaration/?id=1_1_2_105435,ԶԱՐՈՒՀԻ ՍԱՐԳՍՅԱՆ ԳԵՈՐԳԻԻ,1.,ԶԱՐՈՒՀԻ ՍԱՐԳՍՅԱՆ ԳԵՈՐԳԻԻ,"Հայաստանի Հանրապետության օրենսդրության համաձայն նոր կառուցված, ձեռք բերված և անշարժ գույքի կադաստր վարող լիազոր մարմնի կողմից հաշվառված ու գնահատված այն շինությունները, որոնք դեռևս չեն ստացել իրավունքների պետական գրանցում, ինչպես նաև սեփականության կամ հողօգտագործման իրավունք ունեցող անձանց կողմից այդ հողամաuի վրա ինքնակամ կառուցված շենքերը և շինությունները, այդ թվում՝ բազմաբնակարան շենքերում կամ շենքերին կից ինքնակամ կառույցները",Միանձնյա,,Պաշտպանված,Պաշտպանված,Պաշտպանված,Հայաստանի Հանրապետություն ԵՐԵՎԱՆ ԱՐԱԲԿԻՐ Պաշտպանված,Պաշտպանված,Պաշտպանված,03/07/2014,Նվիրատվություն,Պաշտպանված
174,https://registry.cpcarmenia.am/declaration/?id=1_1_1_105431,ՀՈՎԻԿ ՆԻԿՈՂՈՍՅԱՆ ԱՇՈՏԻ,1.,ՀՈՎԻԿ ՆԻԿՈՂՈՍՅԱՆ ԱՇՈՏԻ,Հողին ամրակայված այլ անշարժ գույք,Բաժնային,1/7,Պաշտպանված,Պաշտպանված,Պաշտպանված,Հայաստանի Հանրապետություն ԱՐԱԳԱԾՈՏՆ ՈՍԿԵՎԱԶ Պաշտպանված,Պաշտպանված,Պաշտպանված,27/09/2016,Նվիրատվություն,Պաշտպանված
175,https://registry.cpcarmenia.am/declaration/?id=1_1_1_105431,ՀՈՎԻԿ ՆԻԿՈՂՈՍՅԱՆ ԱՇՈՏԻ,2.,ՀՈՎԻԿ ՆԻԿՈՂՈՍՅԱՆ ԱՇՈՏԻ,"Ավտոտնակը (տրանսպորտային միջոցների կայանման համար հողամասի վրա կառուցված առանձին շինությունը), ավտոհանգրվանը,ավտոկայանատեղին",Բաժնային,1/7,Պաշտպանված,Պաշտպանված,Պաշտպանված,Հայաստանի Հանրապետություն ԱՐԱԳԱԾՈՏՆ ՈՍԿԵՎԱԶ Պաշտպանված,Պաշտպանված,Պաշտպանված,27/09/2016,Նվիրատվություն,Պաշտպանված
176,https://registry.cpcarmenia.am/declaration/?id=1_1_1_105431,ՀՈՎԻԿ ՆԻԿՈՂՈՍՅԱՆ ԱՇՈՏԻ,3.,ՀՈՎԻԿ ՆԻԿՈՂՈՍՅԱՆ ԱՇՈՏԻ,Արտադրական նշանակության շինությունը (արդյունաբերական և գյուղատնտեսական արտադրությունների տեղակայման և նրանց մեջ տեխնոլոգիական սարքավորումների շահագործման համար անհրաժեշտ պայմաններն ապահովող շինությունը),Բաժնային,1/7,Պաշտպանված,Պաշտպանված,Պաշտպանված,Հայաստանի Հանրապետություն ԱՐԱԳԱԾՈՏՆ ՈՍԿԵՎԱԶ Պաշտպանված,Պաշտպանված,Պաշտպանված,27/09/2016,Նվիրատվություն,Պաշտպանված
177,https://registry.cpcarmenia.am/declaration/?id=1_1_1_105431,ՀՈՎԻԿ ՆԻԿՈՂՈՍՅԱՆ ԱՇՈՏԻ,4.,ՀՈՎԻԿ ՆԻԿՈՂՈՍՅԱՆ ԱՇՈՏԻ,"Հայաստանի Հանրապետության օրենսդրության համաձայն նոր կառուցված, ձեռք բերված և անշարժ գույքի կադաստր վարող լիազոր մարմնի կողմից հաշվառված ու գնահատված այն շինությունները, որոնք դեռևս չեն ստացել իրավունքների պետական գրանցում, ինչպես նաև սեփականության կամ հողօգտագործման իրավունք ունեցող անձանց կողմից այդ հողամաuի վրա ինքնակամ կառուցված շենքերը և շինությունները, այդ թվում՝ բազմաբնակարան շենքերում կամ շենքերին կից ինքնակամ կառույցները",Բաժնային,1/7,Պաշտպանված,Պաշտպանված,Պաշտպանված,Հայաստանի Հանրապետություն ԱՐԱԳԱԾՈՏՆ ՈՍԿԵՎԱԶ Պաշտպանված,Պաշտպանված,Պաշտպանված,27/09/2016,Նվիրատվություն,Պաշտպանված
178,https://registry.cpcarmenia.am/declaration/?id=1_1_1_105431,ՀՈՎԻԿ ՆԻԿՈՂՈՍՅԱՆ ԱՇՈՏԻ,5.,ՀՈՎԻԿ ՆԻԿՈՂՈՍՅԱՆ ԱՇՈՏԻ,Հողին ամրակայված այլ անշարժ գույք,Բաժնային,1/7,Պաշտպանված,Պաշտպանված,Պաշտպանված,Հայաստանի Հանրապետություն ԱՐԱԳԱԾՈՏՆ ՈՍԿԵՎԱԶ Պաշտպանված,Պաշտպանված,Պաշտպանված,27/09/2016,Նվիրատվություն,Պաշտպանված
179,https://registry.cpcarmenia.am/declaration/?id=1_1_1_105431,ՀՈՎԻԿ ՆԻԿՈՂՈՍՅԱՆ ԱՇՈՏԻ,6.,ՀՈՎԻԿ ՆԻԿՈՂՈՍՅԱՆ ԱՇՈՏԻ,Արտադրական նշանակության շինությունը (արդյունաբերական և գյուղատնտեսական արտադրությունների տեղակայման և նրանց մեջ տեխնոլոգիական սարքավորումների շահագործման համար անհրաժեշտ պայմաններն ապահովող շինությունը),Բաժնային,1/7,Պաշտպանված,Պաշտպանված,Պաշտպանված,Հայաստանի Հանրապետություն ԱՐԱԳԱԾՈՏՆ ՈՍԿԵՎԱԶ Պաշտպանված,Պաշտպանված,Պաշտպանված,27/09/2016,Նվիրատվություն,Պաշտպանված
180,https://registry.cpcarmenia.am/declaration/?id=1_1_1_105431,ՀՈՎԻԿ ՆԻԿՈՂՈՍՅԱՆ ԱՇՈՏԻ,7.,ՀՈՎԻԿ ՆԻԿՈՂՈՍՅԱՆ ԱՇՈՏԻ,Հողամաս,Բաժնային,1/7,Պաշտպանված,Պաշտպանված,Պաշտպանված,Հայաստանի Հանրապետություն ԱՐԱԳԱԾՈՏՆ ՈՍԿԵՎԱԶ Պաշտպանված,Պաշտպանված,Պաշտպանված,27/09/2016,Նվիրատվություն,Պաշտպանված
181,https://registry.cpcarmenia.am/declaration/?id=1_1_1_105431,ՀՈՎԻԿ ՆԻԿՈՂՈՍՅԱՆ ԱՇՈՏԻ,8.,ՀՈՎԻԿ ՆԻԿՈՂՈՍՅԱՆ ԱՇՈՏԻ,Հողամաս,Բաժնային,1/7,Պաշտպանված,Պաշտպանված,Պաշտպանված,Հայաստանի Հանրապետություն ԱՐԱԳԱԾՈՏՆ ՈՍԿԵՎԱԶ Պաշտպանված,Պաշտպանված,Պաշտպանված,27/09/2016,Նվիրատվություն,Պաշտպանված
182,https://registry.cpcarmenia.am/declaration/?id=1_1_1_105410,ԱՐԱՄ ՊՈՂՈՍՅԱՆ ՎԼԱԴԻՄԻՐԻ,1.,ԱՐԱՄ ՊՈՂՈՍՅԱՆ ՎԼԱԴԻՄԻՐԻ,"Բնակարանը` բազմաբնակարան բնակելի շենքում ֆիզիկական անձանց բնակության համար նախատեսված, իրավունքների պետական գրանցումն իրականացնող լիազոր մարմնում առանձին ծածկագրով գրանցված և համարակալված տարածքը",Միանձնյա,,Պաշտպանված,Պաշտպանված,Պաշտպանված,Հայաստանի Հանրապետություն ԱՐԱՐԱՏ Արարատ Պաշտպանված,Պաշտպանված,Պաշտպանված,30/05/2019,Ժառանգություն,Պաշտպանված
183,https://registry.cpcarmenia.am/declaration/?id=1_1_1_105427,ՄՈՒՇԵՂ ԲԱԲԱՅԱՆ ԱՎԵՏԻՔԻ,1.,ՄՈՒՇԵՂ ԲԱԲԱՅԱՆ ԱՎԵՏԻՔԻ,Հողամաս,Միանձնյա,,Պաշտպանված,Պաշտպանված,Պաշտպանված,Հայաստանի Հանրապետություն ԵՐԵՎԱՆ ՆՈՒԲԱՐԱՇԵՆ Պաշտպանված,Պաշտպանված,Պաշտպանված,14/08/2006,Գնում,Պաշտպանված
184,https://registry.cpcarmenia.am/declaration/?id=1_1_1_105427,ՄՈՒՇԵՂ ԲԱԲԱՅԱՆ ԱՎԵՏԻՔԻ,2.,ՄՈՒՇԵՂ ԲԱԲԱՅԱՆ ԱՎԵՏԻՔԻ,"Բնակարանը` բազմաբնակարան բնակելի շենքում ֆիզիկական անձանց բնակության համար նախատեսված, իրավունքների պետական գրանցումն իրականացնող լիազոր մարմնում առանձին ծածկագրով գրանցված և համարակալված տարածքը",Համատեղ,,Պաշտպանված,Պաշտպանված,Պաշտպանված,Հայաստանի Հանրապետություն ԵՐԵՎԱՆ ՆՈՒԲԱՐԱՇԵՆ Պաշտպանված,Պաշտպանված,Պաշտպանված,09/04/2001,Գնում,Պաշտպանված
185,https://registry.cpcarmenia.am/declaration/?id=1_1_1_105427,ՄՈՒՇԵՂ ԲԱԲԱՅԱՆ ԱՎԵՏԻՔԻ,3.,ՄՈՒՇԵՂ ԲԱԲԱՅԱՆ ԱՎԵՏԻՔԻ,Հողամաս,Միանձնյա,,Պաշտպանված,Պաշտպանված,Պաշտպանված,Հայաստանի Հանրապետություն ԵՐԵՎԱՆ ՆՈՒԲԱՐԱՇԵՆ Պաշտպանված,Պաշտպանված,Պաշտպանված,14/08/2006,Գնում,Պաշտպանված
186,https://registry.cpcarmenia.am/declaration/?id=1_1_1_105427,ՄՈՒՇԵՂ ԲԱԲԱՅԱՆ ԱՎԵՏԻՔԻ,4.,ՄՈՒՇԵՂ ԲԱԲԱՅԱՆ ԱՎԵՏԻՔԻ,"Անհատական բնակելի տունը` հողամասի վրա կառուցված, իր տնտեսական շինություններով",Միանձնյա,,Պաշտպանված,Պաշտպանված,Պաշտպանված,Հայաստանի Հանրապետություն ԵՐԵՎԱՆ ՆՈՒԲԱՐԱՇԵՆ Պաշտպանված,Պաշտպանված,Պաշտպանված,11/07/2016,Նվիրատվություն,Պաշտպանված
187,https://registry.cpcarmenia.am/declaration/?id=1_1_1_105414,ՍԱՍՈՒՆ ԽԱՉԱՏՐՅԱՆ ՄՀԵՐԻ,1.,ՍԱՍՈՒՆ ԽԱՉԱՏՐՅԱՆ ՄՀԵՐԻ,"Բնակարանը` բազմաբնակարան բնակելի շենքում ֆիզիկական անձանց բնակության համար նախատեսված, իրավունքների պետական գրանցումն իրականացնող լիազոր մարմնում առանձին ծածկագրով գրանցված և համարակալված տարածքը",Միանձնյա,,Պաշտպանված,Պաշտպանված,Պաշտպանված,Հայաստանի Հանրապետություն ԵՐԵՎԱՆ ՔԱՆԱՔԵՌ-ԶԵՅԹՈՒՆ Պաշտպանված,Պաշտպանված,Պաշտպանված,08/04/2005,Նվիրատվություն,Պաշտպանված
188,https://registry.cpcarmenia.am/declaration/?id=1_1_1_105414,ՍԱՍՈՒՆ ԽԱՉԱՏՐՅԱՆ ՄՀԵՐԻ,2.,ՍԱՍՈՒՆ ԽԱՉԱՏՐՅԱՆ ՄՀԵՐԻ,"Բնակարանը` բազմաբնակարան բնակելի շենքում ֆիզիկական անձանց բնակության համար նախատեսված, իրավունքների պետական գրանցումն իրականացնող լիազոր մարմնում առանձին ծածկագրով գրանցված և համարակալված տարածքը",Համատեղ,,Պաշտպանված,Պաշտպանված,Պաշտպանված,Հայաստանի Հանրապետություն ԵՐԵՎԱՆ ՔԱՆԱՔԵՌ-ԶԵՅԹՈՒՆ Պաշտպանված,Պաշտպանված,Պաշտպանված,26/07/2021,Գնում,Պաշտպանված
189,https://registry.cpcarmenia.am/declaration/?id=1_1_1_105414,ՍԱՍՈՒՆ ԽԱՉԱՏՐՅԱՆ ՄՀԵՐԻ,3.,ՍԱՍՈՒՆ ԽԱՉԱՏՐՅԱՆ ՄՀԵՐԻ,"Բազմաբնակարան շենքի ոչ բնակելի տարածքը (բազմաբնակարան շենքում բնակարան, հասարակական, արտադրական նշանակության շինություն չհամարվող, իրավունքների պետական գրանցումն իրականացնող լիազորված մարմնում առանձին ծածկագրով գրանցված և համարակալված տարածքը",Համատեղ,,Պաշտպանված,Պաշտպանված,Պաշտպանված,Հայաստանի Հանրապետություն ԵՐԵՎԱՆ ՔԱՆԱՔԵՌ-ԶԵՅԹՈՒՆ Պաշտպանված,Պաշտպանված,Պաշտպանված,29/01/2019,Գնում,Պաշտպանված
190,https://registry.cpcarmenia.am/declaration/?id=1_1_1_105414,ՍԱՍՈՒՆ ԽԱՉԱՏՐՅԱՆ ՄՀԵՐԻ,4.,ՍԱՍՈՒՆ ԽԱՉԱՏՐՅԱՆ ՄՀԵՐԻ,Հողամաս,Միանձնյա,,Պաշտպանված,Պաշտպանված,Պաշտպանված,Հայաստանի Հանրապետություն ԵՐԵՎԱՆ ՔԱՆԱՔԵՌ-ԶԵՅԹՈՒՆ Պաշտպանված,Պաշտպանված,Պաշտպանված,17/12/2013,Գնում,Պաշտպանված
191,https://registry.cpcarmenia.am/declaration/?id=1_1_2_105398,ԱՐՏԱԿ ՊՈՂՈՍՅԱՆ ՄԿՐՏԻՉԻ,Տվյալներ չկան,,,,,,,,,,,,,
192,https://registry.cpcarmenia.am/declaration/?id=1_1_2_105433,ԱՆԻ ՄԽԻԿՅԱՆ ՎԱՐԴԱՆԻ,Տվյալներ չկան,,,,,,,,,,,,,
193,https://registry.cpcarmenia.am/declaration/?id=1_1_1_105268,ԼԻԼԻԹ ԱԼԵՔՍԱՆՅԱՆ ԿԱՐԵՆԻ,1.,ԼԻԼԻԹ ԱԼԵՔՍԱՆՅԱՆ ԿԱՐԵՆԻ,"Բնակարանը` բազմաբնակարան բնակելի շենքում ֆիզիկական անձանց բնակության համար նախատեսված, իրավունքների պետական գրանցումն իրականացնող լիազոր մարմնում առանձին ծածկագրով գրանցված և համարակալված տարածքը",Բաժնային,1/4,Պաշտպանված,Պաշտպանված,Պաշտպանված,Հայաստանի Հանրապետություն ԳԵՂԱՐՔՈՒՆԻՔ ՍԵՎԱՆ Պաշտպանված,Պաշտպանված,Պաշտպանված,26/05/2017,Նվիրատվություն,Պաշտպանված
194,https://registry.cpcarmenia.am/declaration/?id=1_1_1_105268,ԼԻԼԻԹ ԱԼԵՔՍԱՆՅԱՆ ԿԱՐԵՆԻ,2.,ԼԻԼԻԹ ԱԼԵՔՍԱՆՅԱՆ ԿԱՐԵՆԻ,"Բնակարանը` բազմաբնակարան բնակելի շենքում ֆիզիկական անձանց բնակության համար նախատեսված, իրավունքների պետական գրանցումն իրականացնող լիազոր մարմնում առանձին ծածկագրով գրանցված և համարակալված տարածքը",Բաժնային,1/3,Պաշտպանված,Պաշտպանված,Պաշտպանված,Հայաստանի Հանրապետություն ԵՐԵՎԱՆ ԱՐԱԲԿԻՐ Պաշտպանված,Պաշտպանված,Պաշտպանված,29/03/2018,Գնում,Պաշտպանված
195,https://registry.cpcarmenia.am/declaration/?id=1_1_1_105266,ՀԱՅԿՈՒՀԻ ՀԱՐՈՒԹՅՈՒՆՅԱՆ ՀԱՅԿԻ,1.,ՀԱՅԿՈՒՀԻ ՀԱՐՈՒԹՅՈՒՆՅԱՆ ՀԱՅԿԻ,"Անհատական բնակելի տունը` հողամասի վրա կառուցված, իր տնտեսական շինություններով",Համատեղ,,Պաշտպանված,Պաշտպանված,Պաշտպանված,Հայաստանի Հանրապետություն ԼՈՌԻ ՎԱՆԱՁՈՐ Պաշտպանված,Պաշտպանված,Պաշտպանված,18/03/1997,Այլ,Պաշտպանված
196,https://registry.cpcarmenia.am/declaration/?id=1_1_1_105266,ՀԱՅԿՈՒՀԻ ՀԱՐՈՒԹՅՈՒՆՅԱՆ ՀԱՅԿԻ,2.,ՀԱՅԿՈՒՀԻ ՀԱՐՈՒԹՅՈՒՆՅԱՆ ՀԱՅԿԻ,"Բնակարանը` բազմաբնակարան բնակելի շենքում ֆիզիկական անձանց բնակության համար նախատեսված, իրավունքների պետական գրանցումն իրականացնող լիազոր մարմնում առանձին ծածկագրով գրանցված և համարակալված տարածքը",Միանձնյա,,Պաշտպանված,Պաշտպանված,Պաշտպանված,Հայաստանի Հանրապետություն ԵՐԵՎԱՆ ԱՐԱԲԿԻՐ Պաշտպանված,Պաշտպանված,Պաշտպանված,27/08/2009,Գնում,Պաշտպանված
197,https://registry.cpcarmenia.am/declaration/?id=1_1_2_103431,ԱՐԵՎԻԿ ԹՈՐՈՍՅԱՆ ՇԻՐԱԿԻ,Տվյալներ չկան,,,,,,,,,,,,,
198,https://registry.cpcarmenia.am/declaration/?id=1_1_1_105259,ՆԱՐԵԿ ՀԱՄԲԱՐՁՈՒՄՅԱՆ ԳԱԳԻԿԻ,1.,ՆԱՐԵԿ ՀԱՄԲԱՐՁՈՒՄՅԱՆ ԳԱԳԻԿԻ,Ավտոկայանատեղի,Համատեղ,,Պաշտպանված,Պաշտպանված,Պաշտպանված,Հայաստանի Հանրապետություն ԵՐԵՎԱՆ ԱՐԱԲԿԻՐ Պաշտպանված,Պաշտպանված,Պաշտպանված,30/08/2017,Գնում,Պաշտպանված
199,https://registry.cpcarmenia.am/declaration/?id=1_1_1_105259,ՆԱՐԵԿ ՀԱՄԲԱՐՁՈՒՄՅԱՆ ԳԱԳԻԿԻ,2.,ՆԱՐԵԿ ՀԱՄԲԱՐՁՈՒՄՅԱՆ ԳԱԳԻԿԻ,"Բնակարանը` բազմաբնակարան բնակելի շենքում ֆիզիկական անձանց բնակության համար նախատեսված, իրավունքների պետական գրանցումն իրականացնող լիազոր մարմնում առանձին ծածկագրով գրանցված և համարակալված տարածքը",Համատեղ,,Պաշտպանված,Պաշտպանված,Պաշտպանված,Հայաստանի Հանրապետություն ԿՈՏԱՅՔ ԱԲՈՎՅԱՆ Պաշտպանված,Պաշտպանված,Պաշտպանված,25/05/2001,Այլ,Պաշտպանված
200,https://registry.cpcarmenia.am/declaration/?id=1_1_1_105259,ՆԱՐԵԿ ՀԱՄԲԱՐՁՈՒՄՅԱՆ ԳԱԳԻԿԻ,3.,ՆԱՐԵԿ ՀԱՄԲԱՐՁՈՒՄՅԱՆ ԳԱԳԻԿԻ,"Բնակարանը` բազմաբնակարան բնակելի շենքում ֆիզիկական անձանց բնակության համար նախատեսված, իրավունքների պետական գրանցումն իրականացնող լիազոր մարմնում առանձին ծածկագրով գրանցված և համարակալված տարածքը",Համատեղ,,Պաշտպանված,Պաշտպանված,Պաշտպանված,Հայաստանի Հանրապետություն ԵՐԵՎԱՆ ԱՐԱԲԿԻՐ Պաշտպանված,Պաշտպանված,Պաշտպանված,30/08/2017,Գնում,Պաշտպանված
201,https://registry.cpcarmenia.am/declaration/?id=1_1_1_105259,ՆԱՐԵԿ ՀԱՄԲԱՐՁՈՒՄՅԱՆ ԳԱԳԻԿԻ,4.,ՆԱՐԵԿ ՀԱՄԲԱՐՁՈՒՄՅԱՆ ԳԱԳԻԿԻ,"Բնակարանը` բազմաբնակարան բնակելի շենքում ֆիզիկական անձանց բնակության համար նախատեսված, իրավունքների պետական գրանցումն իրականացնող լիազոր մարմնում առանձին ծածկագրով գրանցված և համարակալված տարածքը",Միանձնյա,,Պաշտպանված,Պաշտպանված,Պաշտպանված,Վրաստան Պաշտպանված,Պաշտպանված,Պաշտպանված,17/04/2019,Գնում,Պաշտպանված
202,https://registry.cpcarmenia.am/declaration/?id=1_1_2_105270,ՆԱՐԻՆԵ ՄԿՐՏՉՅԱՆ ՆՎԵՐԻ,1.,ՆԱՐԻՆԵ ՄԿՐՏՉՅԱՆ ՆՎԵՐԻ,"Բնակարանը` բազմաբնակարան բնակելի շենքում ֆիզիկական անձանց բնակության համար նախատեսված, իրավունքների պետական գրանցումն իրականացնող լիազոր մարմնում առանձին ծածկագրով գրանցված և համարակալված տարածքը",Համատեղ,,Պաշտպանված,Պաշտպանված,Պաշտպանված,Հայաստանի Հանրապետություն ԱՐՄԱՎԻՐ Նորապատ Պաշտպանված,Պաշտպանված,Պաշտպանված,01/01/1997,Այլ,Պաշտպանված
203,https://registry.cpcarmenia.am/declaration/?id=1_1_2_105270,ՆԱՐԻՆԵ ՄԿՐՏՉՅԱՆ ՆՎԵՐԻ,2.,ՆԱՐԻՆԵ ՄԿՐՏՉՅԱՆ ՆՎԵՐԻ,"Բնակարանը` բազմաբնակարան բնակելի շենքում ֆիզիկական անձանց բնակության համար նախատեսված, իրավունքների պետական գրանցումն իրականացնող լիազոր մարմնում առանձին ծածկագրով գրանցված և համարակալված տարածքը",Միանձնյա,,Պաշտպանված,Պաշտպանված,Պաշտպանված,Հայաստանի Հանրապետություն ԱՐՄԱՎԻՐ Նորապատ Պաշտպանված,Պաշտպանված,Պաշտպանված,01/01/2006,Գնում,Պաշտպանված
204,https://registry.cpcarmenia.am/declaration/?id=1_1_2_105270,ՆԱՐԻՆԵ ՄԿՐՏՉՅԱՆ ՆՎԵՐԻ,3.,ՆԱՐԻՆԵ ՄԿՐՏՉՅԱՆ ՆՎԵՐԻ,"Բնակարանը` բազմաբնակարան բնակելի շենքում ֆիզիկական անձանց բնակության համար նախատեսված, իրավունքների պետական գրանցումն իրականացնող լիազոր մարմնում առանձին ծածկագրով գրանցված և համարակալված տարածքը",Միանձնյա,,Պաշտպանված,Պաշտպանված,Պաշտպանված,Հայաստանի Հանրապետություն ԵՐԵՎԱՆ Երևան Պաշտպանված,Պաշտպանված,Պաշտպանված,01/01/2015,Գնում,Պաշտպանված
205,https://registry.cpcarmenia.am/declaration/?id=1_1_2_105260,ՆԱԻՐԻ ՄԻՐԶՈՅԱՆ ՀԱՄԼԵՏԻ,1.,ՆԱԻՐԻ ՄԻՐԶՈՅԱՆ ՀԱՄԼԵՏԻ,"Բնակարանը` բազմաբնակարան բնակելի շենքում ֆիզիկական անձանց բնակության համար նախատեսված, իրավունքների պետական գրանցումն իրականացնող լիազոր մարմնում առանձին ծածկագրով գրանցված և համարակալված տարածքը",Միանձնյա,,Պաշտպանված,Պաշտպանված,Պաշտպանված,Հայաստանի Հանրապետություն ԵՐԵՎԱՆ ԿԵՆՏՐՈՆ Պաշտպանված,Պաշտպանված,Պաշտպանված,17/04/2019,Գնում,Պաշտպանված
206,https://registry.cpcarmenia.am/declaration/?id=1_1_1_105265,ՄԱՐԻԱՄ ԳԱԼՍՏՅԱՆ ԿԱՐԵՆԻ,1.,ՄԱՐԻԱՄ ԳԱԼՍՏՅԱՆ ԿԱՐԵՆԻ,"Բնակարանը` բազմաբնակարան բնակելի շենքում ֆիզիկական անձանց բնակության համար նախատեսված, իրավունքների պետական գրանցումն իրականացնող լիազոր մարմնում առանձին ծածկագրով գրանցված և համարակալված տարածքը",Բաժնային,1/6,Պաշտպանված,Պաշտպանված,Պաշտպանված,Հայաստանի Հանրապետություն ԵՐԵՎԱՆ ԱՋԱՓՆՅԱԿ Պաշտպանված,Պաշտպանված,Պաշտպանված,21/12/1995,Այլ,Պաշտպանված
207,https://registry.cpcarmenia.am/declaration/?id=1_1_2_105264,ԱՆՆԱ ՄԱՐՏԻՐՈՍՅԱՆ ՀԱՅԿԻ,1.,ԱՆՆԱ ՄԱՐՏԻՐՈՍՅԱՆ ՀԱՅԿԻ,"Անհատական բնակելի տունը` հողամասի վրա կառուցված, իր տնտեսական շինություններով",Համատեղ,,Պաշտպանված,Պաշտպանված,Պաշտպանված,Հայաստանի Հանրապետություն ԱՐԱՐԱՏ Գեղանիստ Պաշտպանված,Պաշտպանված,Պաշտպանված,27/11/2000,Ժառանգություն,Պաշտպանված
208,https://registry.cpcarmenia.am/declaration/?id=1_1_2_105264,ԱՆՆԱ ՄԱՐՏԻՐՈՍՅԱՆ ՀԱՅԿԻ,2.,ԱՆՆԱ ՄԱՐՏԻՐՈՍՅԱՆ ՀԱՅԿԻ,Հողամաս,Համատեղ,,Պաշտպանված,Պաշտպանված,Պաշտպանված,Հայաստանի Հանրապետություն ԱՐԱՐԱՏ Գեղանիստ Պաշտպանված,Պաշտպանված,Պաշտպանված,25/03/2003,Այլ,Պաշտպանված
209,https://registry.cpcarmenia.am/declaration/?id=1_1_2_105267,ԾՈՎԻՆԱՐ ՄԱՐԳԱՐՅԱՆ ՀԵՆՐԻԿԻ,Տվյալներ չկան,,,,,,,,,,,,,
