,Unnamed: 0,Unnamed: 0.1,name,data-id,link,declaration-type,institution,position,tables_amount
0,0,0,ԱՐԹՈՒՐ ԲՈՒԼՂԱԴԱՐՅԱՆ ՖԻԼԻՊԻ,1_2_2_135912,https://registry.cpcarmenia.am/declaration/?id=1_2_2_135912,"ՊԱՇՏՈՆԱՏԱՐ ԱՆՁԻ ԸՆՏԱՆԻՔԻ ԱՆԴԱՄԻ` 2022 ԹՎԱԿԱՆԻ ԳՈՒՅՔԻ, ԵԿԱՄՈՒՏՆԵՐԻ ԵՎ ԾԱԽՍԵՐԻ ՀԱՅՏԱՐԱՐԱԳԻՐ",Դատախազություն,Գլխավոր դատախազության ապօրինի ծագում ունեցող գույքի բռնագանձման գործերով վարչության դատախազ,43
1,1,1,ԱՆԱՀԻՏ ՇԱՀՆԱԶԱՐՅԱՆ ՀՐԱՉԻԿԻ,1_2_2_135913,https://registry.cpcarmenia.am/declaration/?id=1_2_2_135913,"ՊԱՇՏՈՆԱՏԱՐ ԱՆՁԻ ԸՆՏԱՆԻՔԻ ԱՆԴԱՄԻ` 2022 ԹՎԱԿԱՆԻ ԳՈՒՅՔԻ, ԵԿԱՄՈՒՏՆԵՐԻ ԵՎ ԾԱԽՍԵՐԻ ՀԱՅՏԱՐԱՐԱԳԻՐ",Դատախազություն,Գլխավոր դատախազության ապօրինի ծագում ունեցող գույքի բռնագանձման գործերով վարչության դատախազ,43
2,2,2,ՄՈՎՍԵՍ ԲՈՒԼՂԱԴԱՐՅԱՆ ԱՐԹՈՒՐԻ,1_2_2_135914,https://registry.cpcarmenia.am/declaration/?id=1_2_2_135914,"ՊԱՇՏՈՆԱՏԱՐ ԱՆՁԻ ԸՆՏԱՆԻՔԻ ԱՆԴԱՄԻ` 2022 ԹՎԱԿԱՆԻ ԳՈՒՅՔԻ, ԵԿԱՄՈՒՏՆԵՐԻ ԵՎ ԾԱԽՍԵՐԻ ՀԱՅՏԱՐԱՐԱԳԻՐ",Դատախազություն,Գլխավոր դատախազության ապօրինի ծագում ունեցող գույքի բռնագանձման գործերով վարչության դատախազ,43
3,3,3,ԳԵՎՈՐԳ ՔՈՉԱՐՅԱՆ ԱՐՄԵՆԻ,1_1_1_103749,https://registry.cpcarmenia.am/declaration/?id=1_1_1_103749,"ՊԱՇՏՈՆԱՏԱՐ ԱՆՁԻ` 2022 ԹՎԱԿԱՆԻ ԳՈՒՅՔԻ, ԵԿԱՄՈՒՏՆԵՐԻ, ԾԱԽՍԵՐԻ ԵՎ ՇԱՀԵՐԻ ՀԱՅՏԱՐԱՐԱԳԻՐ",Դատախազություն,Գլխավոր դատախազության ապօրինի ծագում ունեցող գույքի բռնագանձման գործերով վարչության դատախազ,52
4,4,4,ԳՈՀԱՐ ԱԼԼԱՀՎԵՐԴՅԱՆ ՌՈՄԱՅԻ,1_2_2_104145,https://registry.cpcarmenia.am/declaration/?id=1_2_2_104145,"ՊԱՇՏՈՆԱՏԱՐ ԱՆՁԻ ԸՆՏԱՆԻՔԻ ԱՆԴԱՄԻ` 2022 ԹՎԱԿԱՆԻ ԳՈՒՅՔԻ, ԵԿԱՄՈՒՏՆԵՐԻ ԵՎ ԾԱԽՍԵՐԻ ՀԱՅՏԱՐԱՐԱԳԻՐ",Դատախազություն,Գլխավոր դատախազության ապօրինի ծագում ունեցող գույքի բռնագանձման գործերով վարչության դատախազ,43
5,5,5,ԱՐՏԱՇԵՍ ՀԱՐՈՒԹՅՈՒՆՅԱՆ ՀԱՄԼԵՏԻ,1_1_1_103912,https://registry.cpcarmenia.am/declaration/?id=1_1_1_103912,"ՊԱՇՏՈՆԱՏԱՐ ԱՆՁԻ` 2022 ԹՎԱԿԱՆԻ ԳՈՒՅՔԻ, ԵԿԱՄՈՒՏՆԵՐԻ, ԾԱԽՍԵՐԻ ԵՎ ՇԱՀԵՐԻ ՀԱՅՏԱՐԱՐԱԳԻՐ",Դատախազություն,Գլխավոր դատախազության ապօրինի ծագում ունեցող գույքի բռնագանձման գործերով վարչության դատախազ,52
6,6,6,ՍԻՐՈ ԱՄԻՐԽԱՆՅԱՆ ՀՐԱՉԻ,1_1_1_103884,https://registry.cpcarmenia.am/declaration/?id=1_1_1_103884,"ՊԱՇՏՈՆԱՏԱՐ ԱՆՁԻ` 2022 ԹՎԱԿԱՆԻ ԳՈՒՅՔԻ, ԵԿԱՄՈՒՏՆԵՐԻ, ԾԱԽՍԵՐԻ ԵՎ ՇԱՀԵՐԻ ՀԱՅՏԱՐԱՐԱԳԻՐ",Դատախազություն,Գլխավոր դատախազության ապօրինի ծագում ունեցող գույքի բռնագանձման գործերով վարչության պետ,52
7,7,7,ՌՈՒԶԱՆՆԱ ԽՈՒԴԱՎԵՐԴՅԱՆ ՌՈԲԵՐՏԻ,1_1_1_104148,https://registry.cpcarmenia.am/declaration/?id=1_1_1_104148,"ՊԱՇՏՈՆԱՏԱՐ ԱՆՁԻ` 2022 ԹՎԱԿԱՆԻ ԳՈՒՅՔԻ, ԵԿԱՄՈՒՏՆԵՐԻ, ԾԱԽՍԵՐԻ ԵՎ ՇԱՀԵՐԻ ՀԱՅՏԱՐԱՐԱԳԻՐ",Դատախազություն,Գլխավոր դատախազության ապօրինի ծագում ունեցող գույքի բռնագանձման գործերով վարչության դատախազ,52
8,8,8,ՍՐԲՈՒՀԻ ԳԱԼՅԱՆ ՀՈՎՀԱՆՆԵՍԻ,1_1_1_103969,https://registry.cpcarmenia.am/declaration/?id=1_1_1_103969,"ՊԱՇՏՈՆԱՏԱՐ ԱՆՁԻ` 2022 ԹՎԱԿԱՆԻ ԳՈՒՅՔԻ, ԵԿԱՄՈՒՏՆԵՐԻ, ԾԱԽՍԵՐԻ ԵՎ ՇԱՀԵՐԻ ՀԱՅՏԱՐԱՐԱԳԻՐ",Դատախազություն,Գլխավոր դատախազի՝ ապօրինի ծագում ունեցող գույքի բռնագանձմանն ուղղված գործառույթների ոլորտը համակարգող տեղակալ,52
9,9,9,ՀԱՐՈՒԹՅՈՒՆ ՀԱՐՈՒԹՅՈՒՆՅԱՆ ՀԱՄԼԵՏԻ,1_2_2_136052,https://registry.cpcarmenia.am/declaration/?id=1_2_2_136052,"ՊԱՇՏՈՆԱՏԱՐ ԱՆՁԻ ԸՆՏԱՆԻՔԻ ԱՆԴԱՄԻ` 2022 ԹՎԱԿԱՆԻ ԳՈՒՅՔԻ, ԵԿԱՄՈՒՏՆԵՐԻ ԵՎ ԾԱԽՍԵՐԻ ՀԱՅՏԱՐԱՐԱԳԻՐ",Դատախազություն,Գլխավոր դատախազության ապօրինի ծագում ունեցող գույքի բռնագանձման գործերով վարչության դատախազ,43
10,10,10,ՀԱՄԼԵՏ ՀԱՐՈՒԹՅՈՒՆՅԱՆ ՀԱՐՈՒԹՅՈՒՆԻ,1_1_1_103614,https://registry.cpcarmenia.am/declaration/?id=1_1_1_103614,"ՊԱՇՏՈՆԱՏԱՐ ԱՆՁԻ` 2022 ԹՎԱԿԱՆԻ ԳՈՒՅՔԻ, ԵԿԱՄՈՒՏՆԵՐԻ, ԾԱԽՍԵՐԻ ԵՎ ՇԱՀԵՐԻ ՀԱՅՏԱՐԱՐԱԳԻՐ",Դատախազություն,Գլխավոր դատախազության ապօրինի ծագում ունեցող գույքի բռնագանձման գործերով վարչության դատախազ,52
11,11,11,ԷԼԵՆ ՀԱՐՈՒԹՅՈՒՆՅԱՆ ՀԱՐՈՒԹՅՈՒՆԻ,1_2_2_136054,https://registry.cpcarmenia.am/declaration/?id=1_2_2_136054,"ՊԱՇՏՈՆԱՏԱՐ ԱՆՁԻ ԸՆՏԱՆԻՔԻ ԱՆԴԱՄԻ` 2022 ԹՎԱԿԱՆԻ ԳՈՒՅՔԻ, ԵԿԱՄՈՒՏՆԵՐԻ ԵՎ ԾԱԽՍԵՐԻ ՀԱՅՏԱՐԱՐԱԳԻՐ",Դատախազություն,Գլխավոր դատախազության ապօրինի ծագում ունեցող գույքի բռնագանձման գործերով վարչության դատախազ,43
12,12,12,ՆԱԻՐԱ ԱՐՏԱՇԵՍՅԱՆ ՄԿՐՏԻՉԻ,1_1_1_104049,https://registry.cpcarmenia.am/declaration/?id=1_1_1_104049,"ՊԱՇՏՈՆԱՏԱՐ ԱՆՁԻ` 2022 ԹՎԱԿԱՆԻ ԳՈՒՅՔԻ, ԵԿԱՄՈՒՏՆԵՐԻ, ԾԱԽՍԵՐԻ ԵՎ ՇԱՀԵՐԻ ՀԱՅՏԱՐԱՐԱԳԻՐ",Դատախազություն,Գլխավոր դատախազության ապօրինի ծագում ունեցող գույքի բռնագանձման գործերով վարչության դատախազ,52
13,13,13,ՋԻՎԱՆ ԿԻՐԱԿՈՍՅԱՆ ԲԵՆԻԿԻ,1_2_2_103608,https://registry.cpcarmenia.am/declaration/?id=1_2_2_103608,"ՊԱՇՏՈՆԱՏԱՐ ԱՆՁԻ ԸՆՏԱՆԻՔԻ ԱՆԴԱՄԻ` 2022 ԹՎԱԿԱՆԻ ԳՈՒՅՔԻ, ԵԿԱՄՈՒՏՆԵՐԻ ԵՎ ԾԱԽՍԵՐԻ ՀԱՅՏԱՐԱՐԱԳԻՐ",Դատախազություն,Գլխավոր դատախազության ապօրինի ծագում ունեցող գույքի բռնագանձման գործերով վարչության դատախազ,43
14,14,14,ՄԻՀՐԱՆ ԲՈՒԼՂԱԴԱՐՅԱՆ ԱՐԹՈՒՐԻ,1_1_1_103759,https://registry.cpcarmenia.am/declaration/?id=1_1_1_103759,"ՊԱՇՏՈՆԱՏԱՐ ԱՆՁԻ` 2022 ԹՎԱԿԱՆԻ ԳՈՒՅՔԻ, ԵԿԱՄՈՒՏՆԵՐԻ, ԾԱԽՍԵՐԻ ԵՎ ՇԱՀԵՐԻ ՀԱՅՏԱՐԱՐԱԳԻՐ",Դատախազություն,Գլխավոր դատախազության ապօրինի ծագում ունեցող գույքի բռնագանձման գործերով վարչության դատախազ,52
15,15,15,ՆԵԼԼԻ ՏԵՐ-ԹՈՐՈՍՅԱՆ ՏԻԳՐԱՆԻ,1_1_1_103950,https://registry.cpcarmenia.am/declaration/?id=1_1_1_103950,"ՊԱՇՏՈՆԱՏԱՐ ԱՆՁԻ` 2022 ԹՎԱԿԱՆԻ ԳՈՒՅՔԻ, ԵԿԱՄՈՒՏՆԵՐԻ, ԾԱԽՍԵՐԻ ԵՎ ՇԱՀԵՐԻ ՀԱՅՏԱՐԱՐԱԳԻՐ",Դատախազություն,Գլխավոր դատախազության ապօրինի ծագում ունեցող գույքի բռնագանձման գործերով վարչության դատախազ,52
16,16,16,ՏԻԳՐԱՆ ՏԵՐ-ԹՈՐՈՍՅԱՆ ՍՈՒՐԵՆԻ,1_2_2_136121,https://registry.cpcarmenia.am/declaration/?id=1_2_2_136121,"ՊԱՇՏՈՆԱՏԱՐ ԱՆՁԻ ԸՆՏԱՆԻՔԻ ԱՆԴԱՄԻ` 2022 ԹՎԱԿԱՆԻ ԳՈՒՅՔԻ, ԵԿԱՄՈՒՏՆԵՐԻ ԵՎ ԾԱԽՍԵՐԻ ՀԱՅՏԱՐԱՐԱԳԻՐ",Դատախազություն,Գլխավոր դատախազության ապօրինի ծագում ունեցող գույքի բռնագանձման գործերով վարչության դատախազ,43
17,17,17,ՏԻԳՐԱՆ ԵՆՈՔՅԱՆ ԱՂՎԱՆԻ,1_1_1_103834,https://registry.cpcarmenia.am/declaration/?id=1_1_1_103834,"ՊԱՇՏՈՆԱՏԱՐ ԱՆՁԻ` 2022 ԹՎԱԿԱՆԻ ԳՈՒՅՔԻ, ԵԿԱՄՈՒՏՆԵՐԻ, ԾԱԽՍԵՐԻ ԵՎ ՇԱՀԵՐԻ ՀԱՅՏԱՐԱՐԱԳԻՐ",Դատախազություն,Գլխավոր դատախազության ապօրինի ծագում ունեցող գույքի բռնագանձման գործերով վարչության պետի տեղակալ,52
18,18,18,ՄԱՐԱ ՀԱՐՈՒԹՅՈՒՆՅԱՆ ԱԼՄԱՐՏԻ,1_2_2_136053,https://registry.cpcarmenia.am/declaration/?id=1_2_2_136053,"ՊԱՇՏՈՆԱՏԱՐ ԱՆՁԻ ԸՆՏԱՆԻՔԻ ԱՆԴԱՄԻ` 2022 ԹՎԱԿԱՆԻ ԳՈՒՅՔԻ, ԵԿԱՄՈՒՏՆԵՐԻ ԵՎ ԾԱԽՍԵՐԻ ՀԱՅՏԱՐԱՐԱԳԻՐ",Դատախազություն,Գլխավոր դատախազության ապօրինի ծագում ունեցող գույքի բռնագանձման գործերով վարչության դատախազ,43
19,19,19,ՋԻՎԱՆ ԿԻՐԱԿՈՍՅԱՆ ԲԵՆԻԿԻ,2_2_2_127113,https://registry.cpcarmenia.am/declaration/?id=2_2_2_127113,"ՊԱՇՏՈՆԱՏԱՐ ԱՆՁԻ ԸՆՏԱՆԻՔԻ ԱՆԴԱՄԻ` ՊԱՇՏՈՆԱՏԱՐ ԱՆՁԻ ՊԱՇՏՈՆԵԱԿԱՆ ՊԱՐՏԱԿԱՆՈՒԹՅՈՒՆՆԵՐՆ ՍՏԱՆՁՆԵԼՈՒ ԿԱՄ ԴԱԴԱՐԵՑՆԵԼՈՒ ՕՐՎԱ ԴՐՈՒԹՅԱՄԲ ԱՌԿԱ ԳՈՒՅՔԻ, ԵԿԱՄՈՒՏՆԵՐԻ ԵՎ ԾԱԽՍԵՐԻ ՀԱՅՏԱՐԱՐԱԳԻՐ",Դատախազություն,ՀՀ գլխավոր դատախազության ապօրինի ծագում ունեցող գույքի բռնագանձման գործերով վարչության դատախազ,25
20,20,20,ՆԱԻՐԱ ԱՐՏԱՇԵՍՅԱՆ ՄԿՐՏԻՉԻ,2_1_1_127017,https://registry.cpcarmenia.am/declaration/?id=2_1_1_127017,"ՊԱՇՏՈՆԱՏԱՐ ԱՆՁԻ ՊԱՇՏՈՆԵԱԿԱՆ ՊԱՐՏԱԿԱՆՈՒԹՅՈՒՆՆԵՐՆ ՍՏԱՆՁՆԵԼՈՒ ԿԱՄ ԴԱԴԱՐԵՑՆԵԼՈՒ ՕՐՎԱ ԴՐՈՒԹՅԱՄԲ ԱՌԿԱ ԳՈՒՅՔԻ, ԵԿԱՄՈՒՏՆԵՐԻ, ԾԱԽՍԵՐԻ ԵՎ ՇԱՀԵՐԻ ՀԱՅՏԱՐԱՐԱԳԻՐ",Դատախազություն,ՀՀ գլխավոր դատախազության ապօրինի ծագում ունեցող գույքի բռնագանձման գործերով վարչության դատախազ,34
21,21,21,ԷԼԵՆ ՀԱՐՈՒԹՅՈՒՆՅԱՆ ՀԱՐՈՒԹՅՈՒՆԻ,2_2_2_126515,https://registry.cpcarmenia.am/declaration/?id=2_2_2_126515,"ՊԱՇՏՈՆԱՏԱՐ ԱՆՁԻ ԸՆՏԱՆԻՔԻ ԱՆԴԱՄԻ` ՊԱՇՏՈՆԱՏԱՐ ԱՆՁԻ ՊԱՇՏՈՆԵԱԿԱՆ ՊԱՐՏԱԿԱՆՈՒԹՅՈՒՆՆԵՐՆ ՍՏԱՆՁՆԵԼՈՒ ԿԱՄ ԴԱԴԱՐԵՑՆԵԼՈՒ ՕՐՎԱ ԴՐՈՒԹՅԱՄԲ ԱՌԿԱ ԳՈՒՅՔԻ, ԵԿԱՄՈՒՏՆԵՐԻ ԵՎ ԾԱԽՍԵՐԻ ՀԱՅՏԱՐԱՐԱԳԻՐ",Դատախազություն,ՀՀ գլխավոր դատախազության ապօրինի ծագում ունեցող գույքի բռնագանձման գործերով վարչության դատախազ,25
22,22,22,ՄԱՐԱ ՀԱՐՈՒԹՅՈՒՆՅԱՆ ԱԼՄԱՐՏԻ,2_2_2_126514,https://registry.cpcarmenia.am/declaration/?id=2_2_2_126514,"ՊԱՇՏՈՆԱՏԱՐ ԱՆՁԻ ԸՆՏԱՆԻՔԻ ԱՆԴԱՄԻ` ՊԱՇՏՈՆԱՏԱՐ ԱՆՁԻ ՊԱՇՏՈՆԵԱԿԱՆ ՊԱՐՏԱԿԱՆՈՒԹՅՈՒՆՆԵՐՆ ՍՏԱՆՁՆԵԼՈՒ ԿԱՄ ԴԱԴԱՐԵՑՆԵԼՈՒ ՕՐՎԱ ԴՐՈՒԹՅԱՄԲ ԱՌԿԱ ԳՈՒՅՔԻ, ԵԿԱՄՈՒՏՆԵՐԻ ԵՎ ԾԱԽՍԵՐԻ ՀԱՅՏԱՐԱՐԱԳԻՐ",Դատախազություն,ՀՀ գլխավոր դատախազության ապօրինի ծագում ունեցող գույքի բռնագանձման գործերով վարչության դատախազ,25
23,23,23,ՀԱՐՈՒԹՅՈՒՆ ՀԱՐՈՒԹՅՈՒՆՅԱՆ ՀԱՄԼԵՏԻ,2_2_2_126474,https://registry.cpcarmenia.am/declaration/?id=2_2_2_126474,"ՊԱՇՏՈՆԱՏԱՐ ԱՆՁԻ ԸՆՏԱՆԻՔԻ ԱՆԴԱՄԻ` ՊԱՇՏՈՆԱՏԱՐ ԱՆՁԻ ՊԱՇՏՈՆԵԱԿԱՆ ՊԱՐՏԱԿԱՆՈՒԹՅՈՒՆՆԵՐՆ ՍՏԱՆՁՆԵԼՈՒ ԿԱՄ ԴԱԴԱՐԵՑՆԵԼՈՒ ՕՐՎԱ ԴՐՈՒԹՅԱՄԲ ԱՌԿԱ ԳՈՒՅՔԻ, ԵԿԱՄՈՒՏՆԵՐԻ ԵՎ ԾԱԽՍԵՐԻ ՀԱՅՏԱՐԱՐԱԳԻՐ",Դատախազություն,ՀՀ գլխավոր դատախազության ապօրինի ծագում ունեցող գույքի բռնագանձման գործերով վարչության դատախազ,25
24,24,24,ՀԱՄԼԵՏ ՀԱՐՈՒԹՅՈՒՆՅԱՆ ՀԱՐՈՒԹՅՈՒՆԻ,2_1_1_126449,https://registry.cpcarmenia.am/declaration/?id=2_1_1_126449,"ՊԱՇՏՈՆԱՏԱՐ ԱՆՁԻ ՊԱՇՏՈՆԵԱԿԱՆ ՊԱՐՏԱԿԱՆՈՒԹՅՈՒՆՆԵՐՆ ՍՏԱՆՁՆԵԼՈՒ ԿԱՄ ԴԱԴԱՐԵՑՆԵԼՈՒ ՕՐՎԱ ԴՐՈՒԹՅԱՄԲ ԱՌԿԱ ԳՈՒՅՔԻ, ԵԿԱՄՈՒՏՆԵՐԻ, ԾԱԽՍԵՐԻ ԵՎ ՇԱՀԵՐԻ ՀԱՅՏԱՐԱՐԱԳԻՐ",Դատախազություն,ՀՀ գլխավոր դատախազության ապօրինի ծագում ունեցող գույքի բռնագանձման գործերով վարչության դատախազ,34
25,25,25,ԱՆՆԱ ԱԲՈՎՅԱՆ ՍԵՐՅՈԺԱՅԻ,2_2_2_122031,https://registry.cpcarmenia.am/declaration/?id=2_2_2_122031,"ՊԱՇՏՈՆԱՏԱՐ ԱՆՁԻ ԸՆՏԱՆԻՔԻ ԱՆԴԱՄԻ` ՊԱՇՏՈՆԱՏԱՐ ԱՆՁԻ ՊԱՇՏՈՆԵԱԿԱՆ ՊԱՐՏԱԿԱՆՈՒԹՅՈՒՆՆԵՐՆ ՍՏԱՆՁՆԵԼՈՒ ԿԱՄ ԴԱԴԱՐԵՑՆԵԼՈՒ ՕՐՎԱ ԴՐՈՒԹՅԱՄԲ ԱՌԿԱ ԳՈՒՅՔԻ, ԵԿԱՄՈՒՏՆԵՐԻ ԵՎ ԾԱԽՍԵՐԻ ՀԱՅՏԱՐԱՐԱԳԻՐ",Դատախազություն,ՀՀ գլխավոր դատախազի՝ ապօրինի ծագում ունեցող գույքի բռնագանձմանն ուղղված գործառույթների ոլորտը համակարգող տեղակալի օգանական,25
26,26,26,ՀԱԿՈԲ ԽՈՒԴԱՎԵՐԴՅԱՆ ՌՈԲԵՐՏԻ,2_2_2_122036,https://registry.cpcarmenia.am/declaration/?id=2_2_2_122036,"ՊԱՇՏՈՆԱՏԱՐ ԱՆՁԻ ԸՆՏԱՆԻՔԻ ԱՆԴԱՄԻ` ՊԱՇՏՈՆԱՏԱՐ ԱՆՁԻ ՊԱՇՏՈՆԵԱԿԱՆ ՊԱՐՏԱԿԱՆՈՒԹՅՈՒՆՆԵՐՆ ՍՏԱՆՁՆԵԼՈՒ ԿԱՄ ԴԱԴԱՐԵՑՆԵԼՈՒ ՕՐՎԱ ԴՐՈՒԹՅԱՄԲ ԱՌԿԱ ԳՈՒՅՔԻ, ԵԿԱՄՈՒՏՆԵՐԻ ԵՎ ԾԱԽՍԵՐԻ ՀԱՅՏԱՐԱՐԱԳԻՐ",Դատախազություն,ՀՀ գլխավոր դատախազի՝ ապօրինի ծագում ունեցող գույքի բռնագանձմանն ուղղված գործառույթների ոլորտը համակարգող տեղակալի օգանական,25
27,27,27,ՌՈԲԵՐՏ ԽՈՒԴԱՎԵՐԴՅԱՆ ՀԱԿՈԲԻ,2_2_2_122034,https://registry.cpcarmenia.am/declaration/?id=2_2_2_122034,"ՊԱՇՏՈՆԱՏԱՐ ԱՆՁԻ ԸՆՏԱՆԻՔԻ ԱՆԴԱՄԻ` ՊԱՇՏՈՆԱՏԱՐ ԱՆՁԻ ՊԱՇՏՈՆԵԱԿԱՆ ՊԱՐՏԱԿԱՆՈՒԹՅՈՒՆՆԵՐՆ ՍՏԱՆՁՆԵԼՈՒ ԿԱՄ ԴԱԴԱՐԵՑՆԵԼՈՒ ՕՐՎԱ ԴՐՈՒԹՅԱՄԲ ԱՌԿԱ ԳՈՒՅՔԻ, ԵԿԱՄՈՒՏՆԵՐԻ ԵՎ ԾԱԽՍԵՐԻ ՀԱՅՏԱՐԱՐԱԳԻՐ",Դատախազություն,ՀՀ գլխավոր դատախազի՝ ապօրինի ծագում ունեցող գույքի բռնագանձմանն ուղղված գործառույթների ոլորտը համակարգող տեղակալի օգանական,25
28,28,28,ՎԻՐԱԲ ՀԱՄԲԱՐՁՈՒՄՅԱՆ ՌՈՒԲԻԿԻ,3_1_2_122119,https://registry.cpcarmenia.am/declaration/?id=3_1_2_122119,"ՊԱՇՏՈՆԱՏԱՐ ԱՆՁԻ ՊԱՇՏՈՆԵԱԿԱՆ ՊԱՐՏԱԿԱՆՈՒԹՅՈՒՆՆԵՐՆ ՍՏԱՆՁՆԵԼՈՒ ԿԱՄ ԴԱԴԱՐԵՑՆԵԼՈՒ ՕՐՎԱ ԴՐՈՒԹՅԱՄԲ ԱՌԿԱ ԳՈՒՅՔԻ, ԵԿԱՄՈՒՏՆԵՐԻ ԵՎ ԾԱԽՍԵՐԻ ՀԱՅՏԱՐԱՐԱԳԻՐ",Դատախազություն,ՀՀ գլխավոր դատախազի՝ ապօրինի ծագում ունեցող գույքի բռնագանձմանն ուղղված գործառույթների ոլորտը համակարգող տեղակալի օգանական,36
29,29,29,ՌՈՒԶԱՆՆԱ ԽՈՒԴԱՎԵՐԴՅԱՆ ՌՈԲԵՐՏԻ,2_1_2_121834,https://registry.cpcarmenia.am/declaration/?id=2_1_2_121834,"ՊԱՇՏՈՆԱՏԱՐ ԱՆՁԻ ՊԱՇՏՈՆԵԱԿԱՆ ՊԱՐՏԱԿԱՆՈՒԹՅՈՒՆՆԵՐՆ ՍՏԱՆՁՆԵԼՈՒ ԿԱՄ ԴԱԴԱՐԵՑՆԵԼՈՒ ՕՐՎԱ ԴՐՈՒԹՅԱՄԲ ԱՌԿԱ ԳՈՒՅՔԻ, ԵԿԱՄՈՒՏՆԵՐԻ ԵՎ ԾԱԽՍԵՐԻ ՀԱՅՏԱՐԱՐԱԳԻՐ",Դատախազություն,ՀՀ գլխավոր դատախազի՝ ապօրինի ծագում ունեցող գույքի բռնագանձմանն ուղղված գործառույթների ոլորտը համակարգող տեղակալի օգանական,27
30,30,30,ՄԱՐԻԱՄ ԹՈՐՈՍՅԱՆ ԱՐՄԵՆԻ,3_2_2_122125,https://registry.cpcarmenia.am/declaration/?id=3_2_2_122125,"ՊԱՇՏՈՆԱՏԱՐ ԱՆՁԻ ԸՆՏԱՆԻՔԻ ԱՆԴԱՄԻ` ՊԱՇՏՈՆԱՏԱՐ ԱՆՁԻ ՊԱՇՏՈՆԵԱԿԱՆ ՊԱՐՏԱԿԱՆՈՒԹՅՈՒՆՆԵՐՆ ՍՏԱՆՁՆԵԼՈՒ ԿԱՄ ԴԱԴԱՐԵՑՆԵԼՈՒ ՕՐՎԱ ԴՐՈՒԹՅԱՄԲ ԱՌԿԱ ԳՈՒՅՔԻ, ԵԿԱՄՈՒՏՆԵՐԻ ԵՎ ԾԱԽՍԵՐԻ ՀԱՅՏԱՐԱՐԱԳԻՐ",Դատախազություն,ՀՀ գլխավոր դատախազի՝ ապօրինի ծագում ունեցող գույքի բռնագանձմանն ուղղված գործառույթների ոլորտը համակարգող տեղակալի օգանական,34
31,31,31,ՄԵՐՈՒԺԱՆ ՀԱՄԲԱՐՁՈՒՄՅԱՆ ՌՈՒԲԻԿԻ,3_2_2_122124,https://registry.cpcarmenia.am/declaration/?id=3_2_2_122124,"ՊԱՇՏՈՆԱՏԱՐ ԱՆՁԻ ԸՆՏԱՆԻՔԻ ԱՆԴԱՄԻ` ՊԱՇՏՈՆԱՏԱՐ ԱՆՁԻ ՊԱՇՏՈՆԵԱԿԱՆ ՊԱՐՏԱԿԱՆՈՒԹՅՈՒՆՆԵՐՆ ՍՏԱՆՁՆԵԼՈՒ ԿԱՄ ԴԱԴԱՐԵՑՆԵԼՈՒ ՕՐՎԱ ԴՐՈՒԹՅԱՄԲ ԱՌԿԱ ԳՈՒՅՔԻ, ԵԿԱՄՈՒՏՆԵՐԻ ԵՎ ԾԱԽՍԵՐԻ ՀԱՅՏԱՐԱՐԱԳԻՐ",Դատախազություն,ՀՀ գլխավոր դատախազի՝ ապօրինի ծագում ունեցող գույքի բռնագանձմանն ուղղված գործառույթների ոլորտը համակարգող տեղակալի օգանական,34
32,32,32,ԼԵՆԱ ԽԱՉԱՏՐՅԱՆ ՎՐԵԺԻ,3_2_2_122123,https://registry.cpcarmenia.am/declaration/?id=3_2_2_122123,"ՊԱՇՏՈՆԱՏԱՐ ԱՆՁԻ ԸՆՏԱՆԻՔԻ ԱՆԴԱՄԻ` ՊԱՇՏՈՆԱՏԱՐ ԱՆՁԻ ՊԱՇՏՈՆԵԱԿԱՆ ՊԱՐՏԱԿԱՆՈՒԹՅՈՒՆՆԵՐՆ ՍՏԱՆՁՆԵԼՈՒ ԿԱՄ ԴԱԴԱՐԵՑՆԵԼՈՒ ՕՐՎԱ ԴՐՈՒԹՅԱՄԲ ԱՌԿԱ ԳՈՒՅՔԻ, ԵԿԱՄՈՒՏՆԵՐԻ ԵՎ ԾԱԽՍԵՐԻ ՀԱՅՏԱՐԱՐԱԳԻՐ",Դատախազություն,ՀՀ գլխավոր դատախազի՝ ապօրինի ծագում ունեցող գույքի բռնագանձմանն ուղղված գործառույթների ոլորտը համակարգող տեղակալի օգանական,34
33,33,33,ՌՈՒԲԻԿ ՀԱՄԲԱՐՁՈՒՄՅԱՆ ԳԱԼՈՒՍՏԻ,3_2_2_122122,https://registry.cpcarmenia.am/declaration/?id=3_2_2_122122,"ՊԱՇՏՈՆԱՏԱՐ ԱՆՁԻ ԸՆՏԱՆԻՔԻ ԱՆԴԱՄԻ` ՊԱՇՏՈՆԱՏԱՐ ԱՆՁԻ ՊԱՇՏՈՆԵԱԿԱՆ ՊԱՐՏԱԿԱՆՈՒԹՅՈՒՆՆԵՐՆ ՍՏԱՆՁՆԵԼՈՒ ԿԱՄ ԴԱԴԱՐԵՑՆԵԼՈՒ ՕՐՎԱ ԴՐՈՒԹՅԱՄԲ ԱՌԿԱ ԳՈՒՅՔԻ, ԵԿԱՄՈՒՏՆԵՐԻ ԵՎ ԾԱԽՍԵՐԻ ՀԱՅՏԱՐԱՐԱԳԻՐ",Դատախազություն,ՀՀ գլխավոր դատախազի՝ ապօրինի ծագում ունեցող գույքի բռնագանձմանն ուղղված գործառույթների ոլորտը համակարգող տեղակալի օգանական,34
34,34,34,ԽԱՉԻԿ ՂԱԶԱՐՅԱՆ ԿԱՐԱՊԵՏԻ,1_1_1_101925,https://registry.cpcarmenia.am/declaration/?id=1_1_1_101925,"ՊԱՇՏՈՆԱՏԱՐ ԱՆՁԻ` 2022 ԹՎԱԿԱՆԻ ԳՈՒՅՔԻ, ԵԿԱՄՈՒՏՆԵՐԻ, ԾԱԽՍԵՐԻ ԵՎ ՇԱՀԵՐԻ ՀԱՅՏԱՐԱՐԱԳԻՐ",Հակակոռուպցիոն դատարան,Հակակոռուպցիոն դատարանի կոռուպցիոն հանցագործությունների վերաբերյալ վարույթներով մասնագիտացմամբ դատավոր,52
35,35,35,ՍՈՖՅԱ ՎԱՐԴԱՆՅԱՆ ԳԵՐԱՍԻՄԻ,1_2_2_103009,https://registry.cpcarmenia.am/declaration/?id=1_2_2_103009,"ՊԱՇՏՈՆԱՏԱՐ ԱՆՁԻ ԸՆՏԱՆԻՔԻ ԱՆԴԱՄԻ` 2022 ԹՎԱԿԱՆԻ ԳՈՒՅՔԻ, ԵԿԱՄՈՒՏՆԵՐԻ ԵՎ ԾԱԽՍԵՐԻ ՀԱՅՏԱՐԱՐԱԳԻՐ",Հակակոռուպցիոն դատարան,Հակակոռուպցիոն դատարանի կոռուպցիոն հանցագործությունների վերաբերյալ վարույթներով մասնագիտացմամբ դատավոր,43
36,36,36,ՎԱՀԵ ԴՈԼՄԱԶՅԱՆ ԱՐՍԵՆԻ,1_1_1_102188,https://registry.cpcarmenia.am/declaration/?id=1_1_1_102188,"ՊԱՇՏՈՆԱՏԱՐ ԱՆՁԻ` 2022 ԹՎԱԿԱՆԻ ԳՈՒՅՔԻ, ԵԿԱՄՈՒՏՆԵՐԻ, ԾԱԽՍԵՐԻ ԵՎ ՇԱՀԵՐԻ ՀԱՅՏԱՐԱՐԱԳԻՐ",Հակակոռուպցիոն դատարան,Հակակոռուպցիոն դատարանի կոռուպցիոն հանցագործությունների վերաբերյալ վարույթներով մասնագիտացմամբ դատավոր,52
37,37,37,ԳԵՂԵՑԻԿ ԲԱԼՅԱՆ ԱՐԱՅԻԿԻ,1_1_2_101859,https://registry.cpcarmenia.am/declaration/?id=1_1_2_101859,"ՊԱՇՏՈՆԱՏԱՐ ԱՆՁԻ` 2022 ԹՎԱԿԱՆԻ ԳՈՒՅՔԻ, ԵԿԱՄՈՒՏՆԵՐԻ ԵՎ ԾԱԽՍԵՐԻ ՀԱՅՏԱՐԱՐԱԳԻՐ",Հակակոռուպցիոն դատարան,Դատավորի օգնական,45
38,38,38,ԱՐԱՅԻԿ ԲԱԼՅԱՆ ՖԵԼԻՔՍԻ,1_2_2_136598,https://registry.cpcarmenia.am/declaration/?id=1_2_2_136598,"ՊԱՇՏՈՆԱՏԱՐ ԱՆՁԻ ԸՆՏԱՆԻՔԻ ԱՆԴԱՄԻ` 2022 ԹՎԱԿԱՆԻ ԳՈՒՅՔԻ, ԵԿԱՄՈՒՏՆԵՐԻ ԵՎ ԾԱԽՍԵՐԻ ՀԱՅՏԱՐԱՐԱԳԻՐ",Հակակոռուպցիոն դատարան,Դատավորի օգնական,43
39,39,39,ԳԱՅԱՆԵ ՍԱՐԳՍՅԱՆ ՎՈՎԻԿԻ,1_2_2_137061,https://registry.cpcarmenia.am/declaration/?id=1_2_2_137061,"ՊԱՇՏՈՆԱՏԱՐ ԱՆՁԻ ԸՆՏԱՆԻՔԻ ԱՆԴԱՄԻ` 2022 ԹՎԱԿԱՆԻ ԳՈՒՅՔԻ, ԵԿԱՄՈՒՏՆԵՐԻ ԵՎ ԾԱԽՍԵՐԻ ՀԱՅՏԱՐԱՐԱԳԻՐ",Հակակոռուպցիոն դատարան,Դատավորի օգնական,43
40,40,40,ԱՆԻ ԲԱԼՅԱՆ ԱՐԱՅԻԿԻ,1_2_2_136599,https://registry.cpcarmenia.am/declaration/?id=1_2_2_136599,"ՊԱՇՏՈՆԱՏԱՐ ԱՆՁԻ ԸՆՏԱՆԻՔԻ ԱՆԴԱՄԻ` 2022 ԹՎԱԿԱՆԻ ԳՈՒՅՔԻ, ԵԿԱՄՈՒՏՆԵՐԻ ԵՎ ԾԱԽՍԵՐԻ ՀԱՅՏԱՐԱՐԱԳԻՐ",Հակակոռուպցիոն դատարան,Դատավորի օգնական,43
41,41,41,ԱԼՎԻՆԱ ՄԱՐՏԻՐՈՍՅԱՆ ՍՄԲԱՏԻ,1_1_2_102544,https://registry.cpcarmenia.am/declaration/?id=1_1_2_102544,"ՊԱՇՏՈՆԱՏԱՐ ԱՆՁԻ` 2022 ԹՎԱԿԱՆԻ ԳՈՒՅՔԻ, ԵԿԱՄՈՒՏՆԵՐԻ ԵՎ ԾԱԽՍԵՐԻ ՀԱՅՏԱՐԱՐԱԳԻՐ",Հակակոռուպցիոն դատարան,Դատավորի օգնական,45
42,42,42,ԱՐՈՒՍՅԱԿ ԿԱՐԱՊԵՏՅԱՆ ԱԼԵՔՍԱՆԴՐԻ,1_2_2_136606,https://registry.cpcarmenia.am/declaration/?id=1_2_2_136606,"ՊԱՇՏՈՆԱՏԱՐ ԱՆՁԻ ԸՆՏԱՆԻՔԻ ԱՆԴԱՄԻ` 2022 ԹՎԱԿԱՆԻ ԳՈՒՅՔԻ, ԵԿԱՄՈՒՏՆԵՐԻ ԵՎ ԾԱԽՍԵՐԻ ՀԱՅՏԱՐԱՐԱԳԻՐ",Հակակոռուպցիոն դատարան,Դատավորի օգնական,43
43,43,43,ՍԱՐԳԻՍ ՂԱԼԹԱԽՉՅԱՆ ԽԱՉԱՏՈՒՐԻ,1_2_2_102090,https://registry.cpcarmenia.am/declaration/?id=1_2_2_102090,"ՊԱՇՏՈՆԱՏԱՐ ԱՆՁԻ ԸՆՏԱՆԻՔԻ ԱՆԴԱՄԻ` 2022 ԹՎԱԿԱՆԻ ԳՈՒՅՔԻ, ԵԿԱՄՈՒՏՆԵՐԻ ԵՎ ԾԱԽՍԵՐԻ ՀԱՅՏԱՐԱՐԱԳԻՐ",Հակակոռուպցիոն դատարան,Դատավորի օգնական,43
44,44,44,ԼԻԼԻԹ ԲԱԴԱԼՅԱՆ ՅՈՒՐԻԻ,1_1_2_102837,https://registry.cpcarmenia.am/declaration/?id=1_1_2_102837,"ՊԱՇՏՈՆԱՏԱՐ ԱՆՁԻ` 2022 ԹՎԱԿԱՆԻ ԳՈՒՅՔԻ, ԵԿԱՄՈՒՏՆԵՐԻ ԵՎ ԾԱԽՍԵՐԻ ՀԱՅՏԱՐԱՐԱԳԻՐ",Հակակոռուպցիոն դատարան,Դատավորի օգնական,45
45,45,45,ԼԻԼԻ ԴՐՄԵՅԱՆ ՄԱՄԻԿՈՆԻ,1_1_1_102747,https://registry.cpcarmenia.am/declaration/?id=1_1_1_102747,"ՊԱՇՏՈՆԱՏԱՐ ԱՆՁԻ` 2022 ԹՎԱԿԱՆԻ ԳՈՒՅՔԻ, ԵԿԱՄՈՒՏՆԵՐԻ, ԾԱԽՍԵՐԻ ԵՎ ՇԱՀԵՐԻ ՀԱՅՏԱՐԱՐԱԳԻՐ",Հակակոռուպցիոն դատարան,Հակակոռուպցիոն դատարանի հակակոռուպցիոն քաղաքացիական գործերով մասնագիտացմամբ դատավոր,52
46,46,46,ԶԱՐՈՒՀԻ ՍՈՒՎԱՐՅԱՆ ԿՈՆՍՏԱՆՏԻՆԻ,1_1_2_101848,https://registry.cpcarmenia.am/declaration/?id=1_1_2_101848,"ՊԱՇՏՈՆԱՏԱՐ ԱՆՁԻ` 2022 ԹՎԱԿԱՆԻ ԳՈՒՅՔԻ, ԵԿԱՄՈՒՏՆԵՐԻ ԵՎ ԾԱԽՍԵՐԻ ՀԱՅՏԱՐԱՐԱԳԻՐ",Հակակոռուպցիոն դատարան,Դատավորի օգնական,45
47,47,47,ԿԱՐԱՊԵՏ ԲԱԴԱԼՅԱՆ ՍԵՐՅՈԺԱՅԻ,1_1_1_102308,https://registry.cpcarmenia.am/declaration/?id=1_1_1_102308,"ՊԱՇՏՈՆԱՏԱՐ ԱՆՁԻ` 2022 ԹՎԱԿԱՆԻ ԳՈՒՅՔԻ, ԵԿԱՄՈՒՏՆԵՐԻ, ԾԱԽՍԵՐԻ ԵՎ ՇԱՀԵՐԻ ՀԱՅՏԱՐԱՐԱԳԻՐ",Հակակոռուպցիոն դատարան,Հակակոռուպցիոն դատարանի հակակոռուպցիոն քաղաքացիական գործերով մասնագիտացմամբ դատավոր,52
48,48,48,ՄԻԼԵՆԱ ՄԵՍՐՈՊՅԱՆ ՍԻՐԵԿԱՆԻ,1_1_2_102666,https://registry.cpcarmenia.am/declaration/?id=1_1_2_102666,"ՊԱՇՏՈՆԱՏԱՐ ԱՆՁԻ` 2022 ԹՎԱԿԱՆԻ ԳՈՒՅՔԻ, ԵԿԱՄՈՒՏՆԵՐԻ ԵՎ ԾԱԽՍԵՐԻ ՀԱՅՏԱՐԱՐԱԳԻՐ",Հակակոռուպցիոն դատարան,Դատավորի օգնական,45
49,49,49,ՌՈՒԴԻԿ ՀՈՎՀԱՆՆԻՍՅԱՆ ՍԱՄՎԵԼԻ,1_2_2_135592,https://registry.cpcarmenia.am/declaration/?id=1_2_2_135592,"ՊԱՇՏՈՆԱՏԱՐ ԱՆՁԻ ԸՆՏԱՆԻՔԻ ԱՆԴԱՄԻ` 2022 ԹՎԱԿԱՆԻ ԳՈՒՅՔԻ, ԵԿԱՄՈՒՏՆԵՐԻ ԵՎ ԾԱԽՍԵՐԻ ՀԱՅՏԱՐԱՐԱԳԻՐ",Հակակոռուպցիոն դատարան,Հակակոռուպցիոն դատարանի կոռուպցիոն հանցագործությունների վերաբերյալ վարույթներով մասնագիտացմամբ դատավոր,43
50,50,50,ՀԱՅԿՈՒՇ ՀԱՐՈՅԱՆ ԱՐԱՄԻ,1_1_2_102653,https://registry.cpcarmenia.am/declaration/?id=1_1_2_102653,"ՊԱՇՏՈՆԱՏԱՐ ԱՆՁԻ` 2022 ԹՎԱԿԱՆԻ ԳՈՒՅՔԻ, ԵԿԱՄՈՒՏՆԵՐԻ ԵՎ ԾԱԽՍԵՐԻ ՀԱՅՏԱՐԱՐԱԳԻՐ",Հակակոռուպցիոն դատարան,Դատավորի օգնական,45
51,51,51,ԳՅՈՒԼՆԱՐԱ ՍԻՐԵԿԱՆՅԱՆ ՎՈԼՈԴՅԱՅԻ,1_2_2_137418,https://registry.cpcarmenia.am/declaration/?id=1_2_2_137418,"ՊԱՇՏՈՆԱՏԱՐ ԱՆՁԻ ԸՆՏԱՆԻՔԻ ԱՆԴԱՄԻ` 2022 ԹՎԱԿԱՆԻ ԳՈՒՅՔԻ, ԵԿԱՄՈՒՏՆԵՐԻ ԵՎ ԾԱԽՍԵՐԻ ՀԱՅՏԱՐԱՐԱԳԻՐ",Հակակոռուպցիոն դատարան,Դատավորի օգնական,43
52,52,52,ՍԻՐԵԿԱՆ ՄԵՍՐՈՊՅԱՆ ՊԱՊԻԿԻ,1_2_2_137417,https://registry.cpcarmenia.am/declaration/?id=1_2_2_137417,"ՊԱՇՏՈՆԱՏԱՐ ԱՆՁԻ ԸՆՏԱՆԻՔԻ ԱՆԴԱՄԻ` 2022 ԹՎԱԿԱՆԻ ԳՈՒՅՔԻ, ԵԿԱՄՈՒՏՆԵՐԻ ԵՎ ԾԱԽՍԵՐԻ ՀԱՅՏԱՐԱՐԱԳԻՐ",Հակակոռուպցիոն դատարան,Դատավորի օգնական,43
53,53,53,ԱՐԱՄ ԳՐԻԳՈՐՅԱՆ ԳՐԻՇԱՅԻ,1_1_1_101984,https://registry.cpcarmenia.am/declaration/?id=1_1_1_101984,"ՊԱՇՏՈՆԱՏԱՐ ԱՆՁԻ` 2022 ԹՎԱԿԱՆԻ ԳՈՒՅՔԻ, ԵԿԱՄՈՒՏՆԵՐԻ, ԾԱԽՍԵՐԻ ԵՎ ՇԱՀԵՐԻ ՀԱՅՏԱՐԱՐԱԳԻՐ",Հակակոռուպցիոն դատարան,Հակակոռուպցիոն դատարանի կոռուպցիոն հանցագործությունների վերաբերյալ վարույթներով մասնագիտացմամբ դատավոր,52
54,54,54,ԷԼՄԻՐԱ ԳԱՍՊԱՐՅԱՆ ԳՐԻԳՈՐԻ,1_2_2_136325,https://registry.cpcarmenia.am/declaration/?id=1_2_2_136325,"ՊԱՇՏՈՆԱՏԱՐ ԱՆՁԻ ԸՆՏԱՆԻՔԻ ԱՆԴԱՄԻ` 2022 ԹՎԱԿԱՆԻ ԳՈՒՅՔԻ, ԵԿԱՄՈՒՏՆԵՐԻ ԵՎ ԾԱԽՍԵՐԻ ՀԱՅՏԱՐԱՐԱԳԻՐ",Հակակոռուպցիոն դատարան,Դատավորի օգնական,43
55,55,55,ՆՎԵՐ ՆԻԿՈԼԱՅԱՆ ՖԼՈՐԱՆՍԻ,1_2_2_136324,https://registry.cpcarmenia.am/declaration/?id=1_2_2_136324,"ՊԱՇՏՈՆԱՏԱՐ ԱՆՁԻ ԸՆՏԱՆԻՔԻ ԱՆԴԱՄԻ` 2022 ԹՎԱԿԱՆԻ ԳՈՒՅՔԻ, ԵԿԱՄՈՒՏՆԵՐԻ ԵՎ ԾԱԽՍԵՐԻ ՀԱՅՏԱՐԱՐԱԳԻՐ",Հակակոռուպցիոն դատարան,Դատավորի օգնական,43
56,56,56,ՍԱՐԳԻՍ ԴԱԴՈՅԱՆ ՍԻՄՈՆԻ,1_1_1_102035,https://registry.cpcarmenia.am/declaration/?id=1_1_1_102035,"ՊԱՇՏՈՆԱՏԱՐ ԱՆՁԻ` 2022 ԹՎԱԿԱՆԻ ԳՈՒՅՔԻ, ԵԿԱՄՈՒՏՆԵՐԻ, ԾԱԽՍԵՐԻ ԵՎ ՇԱՀԵՐԻ ՀԱՅՏԱՐԱՐԱԳԻՐ",Հակակոռուպցիոն դատարան,Հակակոռուպցիոն դատարանի կոռուպցիոն հանցագործությունների վերաբերյալ վարույթներով մասնագիտացմամբ դատավոր,52
57,57,57,ԴԱՎԻԹ ՆԻԿՈԼԱՅԱՆ ՆՎԵՐԻ,1_2_2_136323,https://registry.cpcarmenia.am/declaration/?id=1_2_2_136323,"ՊԱՇՏՈՆԱՏԱՐ ԱՆՁԻ ԸՆՏԱՆԻՔԻ ԱՆԴԱՄԻ` 2022 ԹՎԱԿԱՆԻ ԳՈՒՅՔԻ, ԵԿԱՄՈՒՏՆԵՐԻ ԵՎ ԾԱԽՍԵՐԻ ՀԱՅՏԱՐԱՐԱԳԻՐ",Հակակոռուպցիոն դատարան,Դատավորի օգնական,43
58,58,58,ՀԱՅԿՈՒՀԻ ՆԻԿՈԼԱՅԱՆ ՆՎԵՐԻ,1_1_2_102448,https://registry.cpcarmenia.am/declaration/?id=1_1_2_102448,"ՊԱՇՏՈՆԱՏԱՐ ԱՆՁԻ` 2022 ԹՎԱԿԱՆԻ ԳՈՒՅՔԻ, ԵԿԱՄՈՒՏՆԵՐԻ ԵՎ ԾԱԽՍԵՐԻ ՀԱՅՏԱՐԱՐԱԳԻՐ",Հակակոռուպցիոն դատարան,Դատավորի օգնական,45
59,59,59,ԱՇԽԱՐՈՒՀԻ ՄԱՆՈՒԿՅԱՆ ՄԵՍՐՈՊԻ,1_2_2_137211,https://registry.cpcarmenia.am/declaration/?id=1_2_2_137211,"ՊԱՇՏՈՆԱՏԱՐ ԱՆՁԻ ԸՆՏԱՆԻՔԻ ԱՆԴԱՄԻ` 2022 ԹՎԱԿԱՆԻ ԳՈՒՅՔԻ, ԵԿԱՄՈՒՏՆԵՐԻ ԵՎ ԾԱԽՍԵՐԻ ՀԱՅՏԱՐԱՐԱԳԻՐ",Հակակոռուպցիոն դատարան,Հակակոռուպցիոն դատարանի կոռուպցիոն հանցագործությունների վերաբերյալ վարույթներով մասնագիտացմամբ դատավոր,43
60,60,60,ՆԱՐԻՆԵ ԱՎԱԳՅԱՆ ԱՇՈՏԻ,1_1_1_102570,https://registry.cpcarmenia.am/declaration/?id=1_1_1_102570,"ՊԱՇՏՈՆԱՏԱՐ ԱՆՁԻ` 2022 ԹՎԱԿԱՆԻ ԳՈՒՅՔԻ, ԵԿԱՄՈՒՏՆԵՐԻ, ԾԱԽՍԵՐԻ ԵՎ ՇԱՀԵՐԻ ՀԱՅՏԱՐԱՐԱԳԻՐ",Հակակոռուպցիոն դատարան,Հակակոռուպցիոն դատարանի հակակոռուպցիոն քաղաքացիական գործերով մասնագիտացմամբ դատավոր,52
61,61,61,ՀԱՍՄԻԿ ԱԶԱՏՅԱՆ ԲԱԲԿԵՆԻ,1_2_2_102828,https://registry.cpcarmenia.am/declaration/?id=1_2_2_102828,"ՊԱՇՏՈՆԱՏԱՐ ԱՆՁԻ ԸՆՏԱՆԻՔԻ ԱՆԴԱՄԻ` 2022 ԹՎԱԿԱՆԻ ԳՈՒՅՔԻ, ԵԿԱՄՈՒՏՆԵՐԻ ԵՎ ԾԱԽՍԵՐԻ ՀԱՅՏԱՐԱՐԱԳԻՐ",Հակակոռուպցիոն դատարան,Հակակոռուպցիոն դատարանի հակակոռուպցիոն քաղաքացիական գործերով մասնագիտացմամբ դատավոր,43
62,62,62,ՎԱՐԴԳԵՍ ՍԱՐԳՍՅԱՆ ԱՐԱՅԻԿԻ,1_1_1_102237,https://registry.cpcarmenia.am/declaration/?id=1_1_1_102237,"ՊԱՇՏՈՆԱՏԱՐ ԱՆՁԻ` 2022 ԹՎԱԿԱՆԻ ԳՈՒՅՔԻ, ԵԿԱՄՈՒՏՆԵՐԻ, ԾԱԽՍԵՐԻ ԵՎ ՇԱՀԵՐԻ ՀԱՅՏԱՐԱՐԱԳԻՐ",Հակակոռուպցիոն դատարան,Հակակոռուպցիոն դատարանի կոռուպցիոն հանցագործությունների վերաբերյալ վարույթներով մասնագիտացմամբ դատավոր,52
63,63,63,ՆԱՐԱ ԳՐԻԳՈՐՅԱՆ ԱՐԾՐՈՒՆԻ,1_2_2_103002,https://registry.cpcarmenia.am/declaration/?id=1_2_2_103002,"ՊԱՇՏՈՆԱՏԱՐ ԱՆՁԻ ԸՆՏԱՆԻՔԻ ԱՆԴԱՄԻ` 2022 ԹՎԱԿԱՆԻ ԳՈՒՅՔԻ, ԵԿԱՄՈՒՏՆԵՐԻ ԵՎ ԾԱԽՍԵՐԻ ՀԱՅՏԱՐԱՐԱԳԻՐ",Հակակոռուպցիոն դատարան,Հակակոռուպցիոն դատարանի կոռուպցիոն հանցագործությունների վերաբերյալ վարույթներով մասնագիտացմամբ դատավոր,43
64,64,64,ՎԻՈԼԵՏԱ ԳՐԻԳՈՐՅԱՆ ԳՐԻՇԱՅԻ,1_2_2_136520,https://registry.cpcarmenia.am/declaration/?id=1_2_2_136520,"ՊԱՇՏՈՆԱՏԱՐ ԱՆՁԻ ԸՆՏԱՆԻՔԻ ԱՆԴԱՄԻ` 2022 ԹՎԱԿԱՆԻ ԳՈՒՅՔԻ, ԵԿԱՄՈՒՏՆԵՐԻ ԵՎ ԾԱԽՍԵՐԻ ՀԱՅՏԱՐԱՐԱԳԻՐ",Հակակոռուպցիոն դատարան,Հակակոռուպցիոն դատարանի կոռուպցիոն հանցագործությունների վերաբերյալ վարույթներով մասնագիտացմամբ դատավոր,43
65,65,65,ՄԵՐԻ ԳՐԻԳՈՐՅԱՆ ԱՐԱՄԻ,1_2_2_110483,https://registry.cpcarmenia.am/declaration/?id=1_2_2_110483,"ՊԱՇՏՈՆԱՏԱՐ ԱՆՁԻ ԸՆՏԱՆԻՔԻ ԱՆԴԱՄԻ` 2022 ԹՎԱԿԱՆԻ ԳՈՒՅՔԻ, ԵԿԱՄՈՒՏՆԵՐԻ ԵՎ ԾԱԽՍԵՐԻ ՀԱՅՏԱՐԱՐԱԳԻՐ",Հակակոռուպցիոն դատարան,Հակակոռուպցիոն դատարանի կոռուպցիոն հանցագործությունների վերաբերյալ վարույթներով մասնագիտացմամբ դատավոր,43
66,66,66,ԳՐԻԳՈՐ ԳՐԻԳՈՐՅԱՆ ԱՐԱՄԻ,1_2_2_136519,https://registry.cpcarmenia.am/declaration/?id=1_2_2_136519,"ՊԱՇՏՈՆԱՏԱՐ ԱՆՁԻ ԸՆՏԱՆԻՔԻ ԱՆԴԱՄԻ` 2022 ԹՎԱԿԱՆԻ ԳՈՒՅՔԻ, ԵԿԱՄՈՒՏՆԵՐԻ ԵՎ ԾԱԽՍԵՐԻ ՀԱՅՏԱՐԱՐԱԳԻՐ",Հակակոռուպցիոն դատարան,Հակակոռուպցիոն դատարանի կոռուպցիոն հանցագործությունների վերաբերյալ վարույթներով մասնագիտացմամբ դատավոր,43
67,67,67,ՄԵՐԻ ՄՈՍԻՆՅԱՆ ԱՂԱԲԵԿԻ,1_1_1_102953,https://registry.cpcarmenia.am/declaration/?id=1_1_1_102953,"ՊԱՇՏՈՆԱՏԱՐ ԱՆՁԻ` 2022 ԹՎԱԿԱՆԻ ԳՈՒՅՔԻ, ԵԿԱՄՈՒՏՆԵՐԻ, ԾԱԽՍԵՐԻ ԵՎ ՇԱՀԵՐԻ ՀԱՅՏԱՐԱՐԱԳԻՐ",Հակակոռուպցիոն դատարան,Հակակոռուպցիոն դատարանի կոռուպցիոն հանցագործությունների վերաբերյալ վարույթներով մասնագիտացմամբ դատավոր,52
68,68,68,ՌՈՒԶԱՆՆԱ ԴԱՎԹՅԱՆ ԱՐԱՄԱՅԻՍԻ,1_2_2_136027,https://registry.cpcarmenia.am/declaration/?id=1_2_2_136027,"ՊԱՇՏՈՆԱՏԱՐ ԱՆՁԻ ԸՆՏԱՆԻՔԻ ԱՆԴԱՄԻ` 2022 ԹՎԱԿԱՆԻ ԳՈՒՅՔԻ, ԵԿԱՄՈՒՏՆԵՐԻ ԵՎ ԾԱԽՍԵՐԻ ՀԱՅՏԱՐԱՐԱԳԻՐ",Հակակոռուպցիոն դատարան,Հակակոռուպցիոն դատարանի կոռուպցիոն հանցագործությունների վերաբերյալ վարույթներով մասնագիտացմամբ դատավոր,43
69,69,69,ՍԱՄՎԵԼ ԴԱՎԹՅԱՆ ՎԱՐՇԱՄԻ,1_2_2_136021,https://registry.cpcarmenia.am/declaration/?id=1_2_2_136021,"ՊԱՇՏՈՆԱՏԱՐ ԱՆՁԻ ԸՆՏԱՆԻՔԻ ԱՆԴԱՄԻ` 2022 ԹՎԱԿԱՆԻ ԳՈՒՅՔԻ, ԵԿԱՄՈՒՏՆԵՐԻ ԵՎ ԾԱԽՍԵՐԻ ՀԱՅՏԱՐԱՐԱԳԻՐ",Հակակոռուպցիոն դատարան,Հակակոռուպցիոն դատարանի կոռուպցիոն հանցագործությունների վերաբերյալ վարույթներով մասնագիտացմամբ դատավոր,43
70,70,70,ՄԱՐԳԱՐԻՏԱ ՀՈՎՀԱՆՆԻՍՅԱՆ ՎԱՍԻԼԻ,1_2_2_102638,https://registry.cpcarmenia.am/declaration/?id=1_2_2_102638,"ՊԱՇՏՈՆԱՏԱՐ ԱՆՁԻ ԸՆՏԱՆԻՔԻ ԱՆԴԱՄԻ` 2022 ԹՎԱԿԱՆԻ ԳՈՒՅՔԻ, ԵԿԱՄՈՒՏՆԵՐԻ ԵՎ ԾԱԽՍԵՐԻ ՀԱՅՏԱՐԱՐԱԳԻՐ",Հակակոռուպցիոն դատարան,Հակակոռուպցիոն դատարանի կոռուպցիոն հանցագործությունների վերաբերյալ վարույթներով մասնագիտացմամբ դատավոր,43
71,71,71,ՍՈՒՐԵՆ ԽԱՉԱՏՐՅԱՆ ԵՐՎԱՆԴԻ,1_1_1_102128,https://registry.cpcarmenia.am/declaration/?id=1_1_1_102128,"ՊԱՇՏՈՆԱՏԱՐ ԱՆՁԻ` 2022 ԹՎԱԿԱՆԻ ԳՈՒՅՔԻ, ԵԿԱՄՈՒՏՆԵՐԻ, ԾԱԽՍԵՐԻ ԵՎ ՇԱՀԵՐԻ ՀԱՅՏԱՐԱՐԱԳԻՐ",Հակակոռուպցիոն դատարան,Հակակոռուպցիոն դատարանի կոռուպցիոն հանցագործությունների վերաբերյալ վարույթներով մասնագիտացմամբ դատավոր,52
72,72,72,ՀԱՄԼԵՏ ՀՈՎՀԱՆՆԻՍՅԱՆ ԲՈՒՂԴԱՆԻ,1_2_2_130965,https://registry.cpcarmenia.am/declaration/?id=1_2_2_130965,"ՊԱՇՏՈՆԱՏԱՐ ԱՆՁԻ ԸՆՏԱՆԻՔԻ ԱՆԴԱՄԻ` 2022 ԹՎԱԿԱՆԻ ԳՈՒՅՔԻ, ԵԿԱՄՈՒՏՆԵՐԻ ԵՎ ԾԱԽՍԵՐԻ ՀԱՅՏԱՐԱՐԱԳԻՐ",Հակակոռուպցիոն դատարան,Հակակոռուպցիոն դատարանի կոռուպցիոն հանցագործությունների վերաբերյալ վարույթներով մասնագիտացմամբ դատավոր,43
73,73,73,ԳԻՎԻ ՀՈՎՀԱՆՆԻՍՅԱՆ ՀԱՄԼԵՏԻ,1_1_1_101964,https://registry.cpcarmenia.am/declaration/?id=1_1_1_101964,"ՊԱՇՏՈՆԱՏԱՐ ԱՆՁԻ` 2022 ԹՎԱԿԱՆԻ ԳՈՒՅՔԻ, ԵԿԱՄՈՒՏՆԵՐԻ, ԾԱԽՍԵՐԻ ԵՎ ՇԱՀԵՐԻ ՀԱՅՏԱՐԱՐԱԳԻՐ",Հակակոռուպցիոն դատարան,Հակակոռուպցիոն դատարանի կոռուպցիոն հանցագործությունների վերաբերյալ վարույթներով մասնագիտացմամբ դատավոր,52
74,74,74,ԱՐՄԻՆԵ ՊԵՏՐՈՍՅԱՆ ՀԱՐՈՒԹՅՈՒՆԻ,3_2_2_130778,https://registry.cpcarmenia.am/declaration/?id=3_2_2_130778,"ՊԱՇՏՈՆԱՏԱՐ ԱՆՁԻ ԸՆՏԱՆԻՔԻ ԱՆԴԱՄԻ` ՊԱՇՏՈՆԱՏԱՐ ԱՆՁԻ ՊԱՇՏՈՆԵԱԿԱՆ ՊԱՐՏԱԿԱՆՈՒԹՅՈՒՆՆԵՐՆ ՍՏԱՆՁՆԵԼՈՒ ԿԱՄ ԴԱԴԱՐԵՑՆԵԼՈՒ ՕՐՎԱ ԴՐՈՒԹՅԱՄԲ ԱՌԿԱ ԳՈՒՅՔԻ, ԵԿԱՄՈՒՏՆԵՐԻ ԵՎ ԾԱԽՍԵՐԻ ՀԱՅՏԱՐԱՐԱԳԻՐ",Հակակոռուպցիոն դատարան,Հակակոռուպցիոն դատարանի կոռուպցիոն հանցագործությունների վերաբերյալ վարույթներով մասնագիտացմամբ դատավոր,34
75,75,75,ԱՇԽԵՆ ՂԱՐՍԼՅԱՆ ՌՈՒԲԵՆԻ,1_1_1_102691,https://registry.cpcarmenia.am/declaration/?id=1_1_1_102691,"ՊԱՇՏՈՆԱՏԱՐ ԱՆՁԻ` 2022 ԹՎԱԿԱՆԻ ԳՈՒՅՔԻ, ԵԿԱՄՈՒՏՆԵՐԻ, ԾԱԽՍԵՐԻ ԵՎ ՇԱՀԵՐԻ ՀԱՅՏԱՐԱՐԱԳԻՐ",Հակակոռուպցիոն դատարան,Հակակոռուպցիոն դատարանի հակակոռուպցիոն քաղաքացիական գործերով մասնագիտացմամբ դատավոր,52
76,76,76,ԱՐՄԻՆԵ ՊԵՏՐՈՍՅԱՆ ՀԱՐՈՒԹՅՈՒՆԻ,2_2_2_130779,https://registry.cpcarmenia.am/declaration/?id=2_2_2_130779,"ՊԱՇՏՈՆԱՏԱՐ ԱՆՁԻ ԸՆՏԱՆԻՔԻ ԱՆԴԱՄԻ` ՊԱՇՏՈՆԱՏԱՐ ԱՆՁԻ ՊԱՇՏՈՆԵԱԿԱՆ ՊԱՐՏԱԿԱՆՈՒԹՅՈՒՆՆԵՐՆ ՍՏԱՆՁՆԵԼՈՒ ԿԱՄ ԴԱԴԱՐԵՑՆԵԼՈՒ ՕՐՎԱ ԴՐՈՒԹՅԱՄԲ ԱՌԿԱ ԳՈՒՅՔԻ, ԵԿԱՄՈՒՏՆԵՐԻ ԵՎ ԾԱԽՍԵՐԻ ՀԱՅՏԱՐԱՐԱԳԻՐ",Հակակոռուպցիոն դատարան,Հակակոռուպցիոն դատարանի կոռուպցիոն հանցագործությունների վերաբերյալ վարույթներով մասնագիտացմամբ դատավոր,25
77,77,77,ԼԻԴԱ ՄԻՔԱՅԵԼՅԱՆ ՎԱՐԴԱՆԻ,1_2_2_102887,https://registry.cpcarmenia.am/declaration/?id=1_2_2_102887,"ՊԱՇՏՈՆԱՏԱՐ ԱՆՁԻ ԸՆՏԱՆԻՔԻ ԱՆԴԱՄԻ` 2022 ԹՎԱԿԱՆԻ ԳՈՒՅՔԻ, ԵԿԱՄՈՒՏՆԵՐԻ ԵՎ ԾԱԽՍԵՐԻ ՀԱՅՏԱՐԱՐԱԳԻՐ",Հակակոռուպցիոն դատարան,Հակակոռուպցիոն դատարանի կոռուպցիոն հանցագործությունների վերաբերյալ վարույթներով մասնագիտացմամբ դատավոր,43
78,78,78,ԱՐՄԻՆԵ ՊԵՏՐՈՍՅԱՆ ՀԱՐՈՒԹՅՈՒՆԻ,1_2_2_102671,https://registry.cpcarmenia.am/declaration/?id=1_2_2_102671,"ՊԱՇՏՈՆԱՏԱՐ ԱՆՁԻ ԸՆՏԱՆԻՔԻ ԱՆԴԱՄԻ` 2022 ԹՎԱԿԱՆԻ ԳՈՒՅՔԻ, ԵԿԱՄՈՒՏՆԵՐԻ ԵՎ ԾԱԽՍԵՐԻ ՀԱՅՏԱՐԱՐԱԳԻՐ",Հակակոռուպցիոն դատարան,Հակակոռուպցիոն դատարանի կոռուպցիոն հանցագործությունների վերաբերյալ վարույթներով մասնագիտացմամբ դատավոր,43
79,79,79,ՏԻԳՐԱՆ ԴԱՎԹՅԱՆ ՍԱՄՎԵԼԻ,1_1_1_101924,https://registry.cpcarmenia.am/declaration/?id=1_1_1_101924,"ՊԱՇՏՈՆԱՏԱՐ ԱՆՁԻ` 2022 ԹՎԱԿԱՆԻ ԳՈՒՅՔԻ, ԵԿԱՄՈՒՏՆԵՐԻ, ԾԱԽՍԵՐԻ ԵՎ ՇԱՀԵՐԻ ՀԱՅՏԱՐԱՐԱԳԻՐ",Հակակոռուպցիոն դատարան,Հակակոռուպցիոն դատարանի կոռուպցիոն հանցագործությունների վերաբերյալ վարույթներով մասնագիտացմամբ դատավոր,52
80,80,80,ԽԱՉԻԿ ՂԱԶԱՐՅԱՆ ԿԱՐԱՊԵՏԻ,2_1_1_128594,https://registry.cpcarmenia.am/declaration/?id=2_1_1_128594,"ՊԱՇՏՈՆԱՏԱՐ ԱՆՁԻ ՊԱՇՏՈՆԵԱԿԱՆ ՊԱՐՏԱԿԱՆՈՒԹՅՈՒՆՆԵՐՆ ՍՏԱՆՁՆԵԼՈՒ ԿԱՄ ԴԱԴԱՐԵՑՆԵԼՈՒ ՕՐՎԱ ԴՐՈՒԹՅԱՄԲ ԱՌԿԱ ԳՈՒՅՔԻ, ԵԿԱՄՈՒՏՆԵՐԻ, ԾԱԽՍԵՐԻ ԵՎ ՇԱՀԵՐԻ ՀԱՅՏԱՐԱՐԱԳԻՐ",Հակակոռուպցիոն դատարան,ՀՀ Հակակոռուպցիոն դատարանի կոռուպցիոն հանցագործությունների վերաբերյալ վարույթներով մասնագիտացմամբ դատավոր,34
81,81,81,ԷԼՄԻՐԱ ԳԱՍՊԱՐՅԱՆ ԳՐԻԳՈՐԻ,2_2_2_128477,https://registry.cpcarmenia.am/declaration/?id=2_2_2_128477,"ՊԱՇՏՈՆԱՏԱՐ ԱՆՁԻ ԸՆՏԱՆԻՔԻ ԱՆԴԱՄԻ` ՊԱՇՏՈՆԱՏԱՐ ԱՆՁԻ ՊԱՇՏՈՆԵԱԿԱՆ ՊԱՐՏԱԿԱՆՈՒԹՅՈՒՆՆԵՐՆ ՍՏԱՆՁՆԵԼՈՒ ԿԱՄ ԴԱԴԱՐԵՑՆԵԼՈՒ ՕՐՎԱ ԴՐՈՒԹՅԱՄԲ ԱՌԿԱ ԳՈՒՅՔԻ, ԵԿԱՄՈՒՏՆԵՐԻ ԵՎ ԾԱԽՍԵՐԻ ՀԱՅՏԱՐԱՐԱԳԻՐ",Հակակոռուպցիոն դատարան,Դատավորի օգնական,25
82,82,82,ՆՎԵՐ ՆԻԿՈԼԱՅԱՆ ՖԼՈՐԱՆՍԻ,2_2_2_128475,https://registry.cpcarmenia.am/declaration/?id=2_2_2_128475,"ՊԱՇՏՈՆԱՏԱՐ ԱՆՁԻ ԸՆՏԱՆԻՔԻ ԱՆԴԱՄԻ` ՊԱՇՏՈՆԱՏԱՐ ԱՆՁԻ ՊԱՇՏՈՆԵԱԿԱՆ ՊԱՐՏԱԿԱՆՈՒԹՅՈՒՆՆԵՐՆ ՍՏԱՆՁՆԵԼՈՒ ԿԱՄ ԴԱԴԱՐԵՑՆԵԼՈՒ ՕՐՎԱ ԴՐՈՒԹՅԱՄԲ ԱՌԿԱ ԳՈՒՅՔԻ, ԵԿԱՄՈՒՏՆԵՐԻ ԵՎ ԾԱԽՍԵՐԻ ՀԱՅՏԱՐԱՐԱԳԻՐ",Հակակոռուպցիոն դատարան,Դատավորի օգնական,25
83,83,83,ՀԱՅԿՈՒՀԻ ՆԻԿՈԼԱՅԱՆ ՆՎԵՐԻ,2_1_2_128326,https://registry.cpcarmenia.am/declaration/?id=2_1_2_128326,"ՊԱՇՏՈՆԱՏԱՐ ԱՆՁԻ ՊԱՇՏՈՆԵԱԿԱՆ ՊԱՐՏԱԿԱՆՈՒԹՅՈՒՆՆԵՐՆ ՍՏԱՆՁՆԵԼՈՒ ԿԱՄ ԴԱԴԱՐԵՑՆԵԼՈՒ ՕՐՎԱ ԴՐՈՒԹՅԱՄԲ ԱՌԿԱ ԳՈՒՅՔԻ, ԵԿԱՄՈՒՏՆԵՐԻ ԵՎ ԾԱԽՍԵՐԻ ՀԱՅՏԱՐԱՐԱԳԻՐ",Հակակոռուպցիոն դատարան,Դատավորի օգնական,27
84,84,84,ԴԱՎԻԹ ՆԻԿՈԼԱՅԱՆ ՆՎԵՐԻ,2_2_2_128478,https://registry.cpcarmenia.am/declaration/?id=2_2_2_128478,"ՊԱՇՏՈՆԱՏԱՐ ԱՆՁԻ ԸՆՏԱՆԻՔԻ ԱՆԴԱՄԻ` ՊԱՇՏՈՆԱՏԱՐ ԱՆՁԻ ՊԱՇՏՈՆԵԱԿԱՆ ՊԱՐՏԱԿԱՆՈՒԹՅՈՒՆՆԵՐՆ ՍՏԱՆՁՆԵԼՈՒ ԿԱՄ ԴԱԴԱՐԵՑՆԵԼՈՒ ՕՐՎԱ ԴՐՈՒԹՅԱՄԲ ԱՌԿԱ ԳՈՒՅՔԻ, ԵԿԱՄՈՒՏՆԵՐԻ ԵՎ ԾԱԽՍԵՐԻ ՀԱՅՏԱՐԱՐԱԳԻՐ",Հակակոռուպցիոն դատարան,Դատավորի օգնական,25
85,85,85,ԼԻԼԻ ԴՐՄԵՅԱՆ ՄԱՄԻԿՈՆԻ,2_1_1_128325,https://registry.cpcarmenia.am/declaration/?id=2_1_1_128325,"ՊԱՇՏՈՆԱՏԱՐ ԱՆՁԻ ՊԱՇՏՈՆԵԱԿԱՆ ՊԱՐՏԱԿԱՆՈՒԹՅՈՒՆՆԵՐՆ ՍՏԱՆՁՆԵԼՈՒ ԿԱՄ ԴԱԴԱՐԵՑՆԵԼՈՒ ՕՐՎԱ ԴՐՈՒԹՅԱՄԲ ԱՌԿԱ ԳՈՒՅՔԻ, ԵԿԱՄՈՒՏՆԵՐԻ, ԾԱԽՍԵՐԻ ԵՎ ՇԱՀԵՐԻ ՀԱՅՏԱՐԱՐԱԳԻՐ",Հակակոռուպցիոն դատարան,ՀՀ Հակակոռուպցիոն դատարանի հակակոռուպցիոն քաղաքացիական գործերով մասնագիտացմամբ դատավոր,34
86,86,86,ՍԱՐԳԻՍ ԴԱԴՈՅԱՆ ՍԻՄՈՆԻ,2_1_1_127093,https://registry.cpcarmenia.am/declaration/?id=2_1_1_127093,"ՊԱՇՏՈՆԱՏԱՐ ԱՆՁԻ ՊԱՇՏՈՆԵԱԿԱՆ ՊԱՐՏԱԿԱՆՈՒԹՅՈՒՆՆԵՐՆ ՍՏԱՆՁՆԵԼՈՒ ԿԱՄ ԴԱԴԱՐԵՑՆԵԼՈՒ ՕՐՎԱ ԴՐՈՒԹՅԱՄԲ ԱՌԿԱ ԳՈՒՅՔԻ, ԵԿԱՄՈՒՏՆԵՐԻ, ԾԱԽՍԵՐԻ ԵՎ ՇԱՀԵՐԻ ՀԱՅՏԱՐԱՐԱԳԻՐ",Հակակոռուպցիոն դատարան,ՀՀ Հակակոռուպցիոն դատարանի կոռուպցիոն հանցագործությունների վերաբերյալ վարույթներով մասնագիտացմամբ դատավոր,34
87,87,87,ԱԶԱՏ ԽՈՒՄԱՐՅԱՆ ԳԵՎՈՐԳԻ,2_1_2_126780,https://registry.cpcarmenia.am/declaration/?id=2_1_2_126780,"ՊԱՇՏՈՆԱՏԱՐ ԱՆՁԻ ՊԱՇՏՈՆԵԱԿԱՆ ՊԱՐՏԱԿԱՆՈՒԹՅՈՒՆՆԵՐՆ ՍՏԱՆՁՆԵԼՈՒ ԿԱՄ ԴԱԴԱՐԵՑՆԵԼՈՒ ՕՐՎԱ ԴՐՈՒԹՅԱՄԲ ԱՌԿԱ ԳՈՒՅՔԻ, ԵԿԱՄՈՒՏՆԵՐԻ ԵՎ ԾԱԽՍԵՐԻ ՀԱՅՏԱՐԱՐԱԳԻՐ",Հակակոռուպցիոն դատարան,Դատավորի օգնական,27
88,88,88,ԱՐԱՅԻԿ ԲԱԼՅԱՆ ՖԵԼԻՔՍԻ,2_2_2_127073,https://registry.cpcarmenia.am/declaration/?id=2_2_2_127073,"ՊԱՇՏՈՆԱՏԱՐ ԱՆՁԻ ԸՆՏԱՆԻՔԻ ԱՆԴԱՄԻ` ՊԱՇՏՈՆԱՏԱՐ ԱՆՁԻ ՊԱՇՏՈՆԵԱԿԱՆ ՊԱՐՏԱԿԱՆՈՒԹՅՈՒՆՆԵՐՆ ՍՏԱՆՁՆԵԼՈՒ ԿԱՄ ԴԱԴԱՐԵՑՆԵԼՈՒ ՕՐՎԱ ԴՐՈՒԹՅԱՄԲ ԱՌԿԱ ԳՈՒՅՔԻ, ԵԿԱՄՈՒՏՆԵՐԻ ԵՎ ԾԱԽՍԵՐԻ ՀԱՅՏԱՐԱՐԱԳԻՐ",Հակակոռուպցիոն դատարան,Դատավորի օգնական,25
89,89,89,ԱՆԻ ԲԱԼՅԱՆ ԱՐԱՅԻԿԻ,2_2_2_126764,https://registry.cpcarmenia.am/declaration/?id=2_2_2_126764,"ՊԱՇՏՈՆԱՏԱՐ ԱՆՁԻ ԸՆՏԱՆԻՔԻ ԱՆԴԱՄԻ` ՊԱՇՏՈՆԱՏԱՐ ԱՆՁԻ ՊԱՇՏՈՆԵԱԿԱՆ ՊԱՐՏԱԿԱՆՈՒԹՅՈՒՆՆԵՐՆ ՍՏԱՆՁՆԵԼՈՒ ԿԱՄ ԴԱԴԱՐԵՑՆԵԼՈՒ ՕՐՎԱ ԴՐՈՒԹՅԱՄԲ ԱՌԿԱ ԳՈՒՅՔԻ, ԵԿԱՄՈՒՏՆԵՐԻ ԵՎ ԾԱԽՍԵՐԻ ՀԱՅՏԱՐԱՐԱԳԻՐ",Հակակոռուպցիոն դատարան,Դատավորի օգնական,25
90,90,90,ԱՆԻ ԲԱԼՅԱՆ ԱՐԱՅԻԿԻ,2_2_2_127087,https://registry.cpcarmenia.am/declaration/?id=2_2_2_127087,"ՊԱՇՏՈՆԱՏԱՐ ԱՆՁԻ ԸՆՏԱՆԻՔԻ ԱՆԴԱՄԻ` ՊԱՇՏՈՆԱՏԱՐ ԱՆՁԻ ՊԱՇՏՈՆԵԱԿԱՆ ՊԱՐՏԱԿԱՆՈՒԹՅՈՒՆՆԵՐՆ ՍՏԱՆՁՆԵԼՈՒ ԿԱՄ ԴԱԴԱՐԵՑՆԵԼՈՒ ՕՐՎԱ ԴՐՈՒԹՅԱՄԲ ԱՌԿԱ ԳՈՒՅՔԻ, ԵԿԱՄՈՒՏՆԵՐԻ ԵՎ ԾԱԽՍԵՐԻ ՀԱՅՏԱՐԱՐԱԳԻՐ",Հակակոռուպցիոն դատարան,Դատավորի օգնական,25
91,91,91,ԳԱՅԱՆԵ ՍԱՐԳՍՅԱՆ ՎՈՎԻԿԻ,2_2_2_127067,https://registry.cpcarmenia.am/declaration/?id=2_2_2_127067,"ՊԱՇՏՈՆԱՏԱՐ ԱՆՁԻ ԸՆՏԱՆԻՔԻ ԱՆԴԱՄԻ` ՊԱՇՏՈՆԱՏԱՐ ԱՆՁԻ ՊԱՇՏՈՆԵԱԿԱՆ ՊԱՐՏԱԿԱՆՈՒԹՅՈՒՆՆԵՐՆ ՍՏԱՆՁՆԵԼՈՒ ԿԱՄ ԴԱԴԱՐԵՑՆԵԼՈՒ ՕՐՎԱ ԴՐՈՒԹՅԱՄԲ ԱՌԿԱ ԳՈՒՅՔԻ, ԵԿԱՄՈՒՏՆԵՐԻ ԵՎ ԾԱԽՍԵՐԻ ՀԱՅՏԱՐԱՐԱԳԻՐ",Հակակոռուպցիոն դատարան,Դատավորի օգնական,25
92,92,92,ԳԵՂԵՑԻԿ ԲԱԼՅԱՆ ԱՐԱՅԻԿԻ,2_1_2_126763,https://registry.cpcarmenia.am/declaration/?id=2_1_2_126763,"ՊԱՇՏՈՆԱՏԱՐ ԱՆՁԻ ՊԱՇՏՈՆԵԱԿԱՆ ՊԱՐՏԱԿԱՆՈՒԹՅՈՒՆՆԵՐՆ ՍՏԱՆՁՆԵԼՈՒ ԿԱՄ ԴԱԴԱՐԵՑՆԵԼՈՒ ՕՐՎԱ ԴՐՈՒԹՅԱՄԲ ԱՌԿԱ ԳՈՒՅՔԻ, ԵԿԱՄՈՒՏՆԵՐԻ ԵՎ ԾԱԽՍԵՐԻ ՀԱՅՏԱՐԱՐԱԳԻՐ",Հակակոռուպցիոն դատարան,Դատավորի օգնական,27
93,93,93,ԳԵՎՈՐԳ ՈՍԿԱՆՅԱՆ ԿՈՐՅՈՒՆԻ,2_1_2_126683,https://registry.cpcarmenia.am/declaration/?id=2_1_2_126683,"ՊԱՇՏՈՆԱՏԱՐ ԱՆՁԻ ՊԱՇՏՈՆԵԱԿԱՆ ՊԱՐՏԱԿԱՆՈՒԹՅՈՒՆՆԵՐՆ ՍՏԱՆՁՆԵԼՈՒ ԿԱՄ ԴԱԴԱՐԵՑՆԵԼՈՒ ՕՐՎԱ ԴՐՈՒԹՅԱՄԲ ԱՌԿԱ ԳՈՒՅՔԻ, ԵԿԱՄՈՒՏՆԵՐԻ ԵՎ ԾԱԽՍԵՐԻ ՀԱՅՏԱՐԱՐԱԳԻՐ",Հակակոռուպցիոն դատարան,Դատավորի օգնական,27
94,94,94,ԼԻԼԻԹ ԲԱԴԱԼՅԱՆ ՅՈՒՐԻԻ,2_1_2_127007,https://registry.cpcarmenia.am/declaration/?id=2_1_2_127007,"ՊԱՇՏՈՆԱՏԱՐ ԱՆՁԻ ՊԱՇՏՈՆԵԱԿԱՆ ՊԱՐՏԱԿԱՆՈՒԹՅՈՒՆՆԵՐՆ ՍՏԱՆՁՆԵԼՈՒ ԿԱՄ ԴԱԴԱՐԵՑՆԵԼՈՒ ՕՐՎԱ ԴՐՈՒԹՅԱՄԲ ԱՌԿԱ ԳՈՒՅՔԻ, ԵԿԱՄՈՒՏՆԵՐԻ ԵՎ ԾԱԽՍԵՐԻ ՀԱՅՏԱՐԱՐԱԳԻՐ",Հակակոռուպցիոն դատարան,Դատավորի օգնական,27
95,95,95,ԼԻԱՆԱ ԱՄԻՐՅԱՆ ՏԻԳՐԱՆԻ,2_2_2_127005,https://registry.cpcarmenia.am/declaration/?id=2_2_2_127005,"ՊԱՇՏՈՆԱՏԱՐ ԱՆՁԻ ԸՆՏԱՆԻՔԻ ԱՆԴԱՄԻ` ՊԱՇՏՈՆԱՏԱՐ ԱՆՁԻ ՊԱՇՏՈՆԵԱԿԱՆ ՊԱՐՏԱԿԱՆՈՒԹՅՈՒՆՆԵՐՆ ՍՏԱՆՁՆԵԼՈՒ ԿԱՄ ԴԱԴԱՐԵՑՆԵԼՈՒ ՕՐՎԱ ԴՐՈՒԹՅԱՄԲ ԱՌԿԱ ԳՈՒՅՔԻ, ԵԿԱՄՈՒՏՆԵՐԻ ԵՎ ԾԱԽՍԵՐԻ ՀԱՅՏԱՐԱՐԱԳԻՐ",Հակակոռուպցիոն դատարան,Դատավորի օգնական,25
96,96,96,ՌՈՒԴԻԿ ՀՈՎՀԱՆՆԻՍՅԱՆ ՍԱՄՎԵԼԻ,2_2_2_126784,https://registry.cpcarmenia.am/declaration/?id=2_2_2_126784,"ՊԱՇՏՈՆԱՏԱՐ ԱՆՁԻ ԸՆՏԱՆԻՔԻ ԱՆԴԱՄԻ` ՊԱՇՏՈՆԱՏԱՐ ԱՆՁԻ ՊԱՇՏՈՆԵԱԿԱՆ ՊԱՐՏԱԿԱՆՈՒԹՅՈՒՆՆԵՐՆ ՍՏԱՆՁՆԵԼՈՒ ԿԱՄ ԴԱԴԱՐԵՑՆԵԼՈՒ ՕՐՎԱ ԴՐՈՒԹՅԱՄԲ ԱՌԿԱ ԳՈՒՅՔԻ, ԵԿԱՄՈՒՏՆԵՐԻ ԵՎ ԾԱԽՍԵՐԻ ՀԱՅՏԱՐԱՐԱԳԻՐ",Հակակոռուպցիոն դատարան,Հակակոռուպցիոն դատարանի կոռուպցիոն հանցագործությունների վերաբերյալ վարույթներով մասնագիտացմամբ դատավոր,25
97,97,97,ՌՈՒԴԻԿ ՀՈՎՀԱՆՆԻՍՅԱՆ ՍԱՄՎԵԼԻ,2_2_2_127064,https://registry.cpcarmenia.am/declaration/?id=2_2_2_127064,"ՊԱՇՏՈՆԱՏԱՐ ԱՆՁԻ ԸՆՏԱՆԻՔԻ ԱՆԴԱՄԻ` ՊԱՇՏՈՆԱՏԱՐ ԱՆՁԻ ՊԱՇՏՈՆԵԱԿԱՆ ՊԱՐՏԱԿԱՆՈՒԹՅՈՒՆՆԵՐՆ ՍՏԱՆՁՆԵԼՈՒ ԿԱՄ ԴԱԴԱՐԵՑՆԵԼՈՒ ՕՐՎԱ ԴՐՈՒԹՅԱՄԲ ԱՌԿԱ ԳՈՒՅՔԻ, ԵԿԱՄՈՒՏՆԵՐԻ ԵՎ ԾԱԽՍԵՐԻ ՀԱՅՏԱՐԱՐԱԳԻՐ",Հակակոռուպցիոն դատարան,ՀՀ Հակակոռուպցիոն դատարանի կոռուպցիոն հանցագործությունների վերաբերյալ վարույթներով մասնագիտացմամբ դատավոր,25
98,98,98,ԱԶՆԻՎ ՄԻՆԱՍՅԱՆ ԻՆՈՅԻ,2_2_2_127003,https://registry.cpcarmenia.am/declaration/?id=2_2_2_127003,"ՊԱՇՏՈՆԱՏԱՐ ԱՆՁԻ ԸՆՏԱՆԻՔԻ ԱՆԴԱՄԻ` ՊԱՇՏՈՆԱՏԱՐ ԱՆՁԻ ՊԱՇՏՈՆԵԱԿԱՆ ՊԱՐՏԱԿԱՆՈՒԹՅՈՒՆՆԵՐՆ ՍՏԱՆՁՆԵԼՈՒ ԿԱՄ ԴԱԴԱՐԵՑՆԵԼՈՒ ՕՐՎԱ ԴՐՈՒԹՅԱՄԲ ԱՌԿԱ ԳՈՒՅՔԻ, ԵԿԱՄՈՒՏՆԵՐԻ ԵՎ ԾԱԽՍԵՐԻ ՀԱՅՏԱՐԱՐԱԳԻՐ",Հակակոռուպցիոն դատարան,Դատավորի օգնական,25
99,99,99,ԼԻԼԻԹ ՍԵԴՐԱԿՅԱՆ ԽԱՉԱՏՈՒՐԻ,2_2_2_126883,https://registry.cpcarmenia.am/declaration/?id=2_2_2_126883,"ՊԱՇՏՈՆԱՏԱՐ ԱՆՁԻ ԸՆՏԱՆԻՔԻ ԱՆԴԱՄԻ` ՊԱՇՏՈՆԱՏԱՐ ԱՆՁԻ ՊԱՇՏՈՆԵԱԿԱՆ ՊԱՐՏԱԿԱՆՈՒԹՅՈՒՆՆԵՐՆ ՍՏԱՆՁՆԵԼՈՒ ԿԱՄ ԴԱԴԱՐԵՑՆԵԼՈՒ ՕՐՎԱ ԴՐՈՒԹՅԱՄԲ ԱՌԿԱ ԳՈՒՅՔԻ, ԵԿԱՄՈՒՏՆԵՐԻ ԵՎ ԾԱԽՍԵՐԻ ՀԱՅՏԱՐԱՐԱԳԻՐ",Հակակոռուպցիոն դատարան,Դատավորի օգնական,25
100,100,100,ՍՈՆԱ ԱՄԻՐՅԱՆ ՏԻԳՐԱՆԻ,2_1_2_126759,https://registry.cpcarmenia.am/declaration/?id=2_1_2_126759,"ՊԱՇՏՈՆԱՏԱՐ ԱՆՁԻ ՊԱՇՏՈՆԵԱԿԱՆ ՊԱՐՏԱԿԱՆՈՒԹՅՈՒՆՆԵՐՆ ՍՏԱՆՁՆԵԼՈՒ ԿԱՄ ԴԱԴԱՐԵՑՆԵԼՈՒ ՕՐՎԱ ԴՐՈՒԹՅԱՄԲ ԱՌԿԱ ԳՈՒՅՔԻ, ԵԿԱՄՈՒՏՆԵՐԻ ԵՎ ԾԱԽՍԵՐԻ ՀԱՅՏԱՐԱՐԱԳԻՐ",Հակակոռուպցիոն դատարան,Դատավորի օգնական,27
101,101,101,ՀԱՄԼԵՏ ՀՈՎՀԱՆՆԻՍՅԱՆ ԲՈՒՂԴԱՆԻ,2_2_2_126686,https://registry.cpcarmenia.am/declaration/?id=2_2_2_126686,"ՊԱՇՏՈՆԱՏԱՐ ԱՆՁԻ ԸՆՏԱՆԻՔԻ ԱՆԴԱՄԻ` ՊԱՇՏՈՆԱՏԱՐ ԱՆՁԻ ՊԱՇՏՈՆԵԱԿԱՆ ՊԱՐՏԱԿԱՆՈՒԹՅՈՒՆՆԵՐՆ ՍՏԱՆՁՆԵԼՈՒ ԿԱՄ ԴԱԴԱՐԵՑՆԵԼՈՒ ՕՐՎԱ ԴՐՈՒԹՅԱՄԲ ԱՌԿԱ ԳՈՒՅՔԻ, ԵԿԱՄՈՒՏՆԵՐԻ ԵՎ ԾԱԽՍԵՐԻ ՀԱՅՏԱՐԱՐԱԳԻՐ",Հակակոռուպցիոն դատարան,ՀՀ Հակակոռուպցիոն դատարանի կոռուպցիոն հանցագործությունների վերաբերյալ վարույթներով մասնագիտացմամբ դատավոր,25
102,102,102,ԳԻՎԻ ՀՈՎՀԱՆՆԻՍՅԱՆ ՀԱՄԼԵՏԻ,2_1_1_126661,https://registry.cpcarmenia.am/declaration/?id=2_1_1_126661,"ՊԱՇՏՈՆԱՏԱՐ ԱՆՁԻ ՊԱՇՏՈՆԵԱԿԱՆ ՊԱՐՏԱԿԱՆՈՒԹՅՈՒՆՆԵՐՆ ՍՏԱՆՁՆԵԼՈՒ ԿԱՄ ԴԱԴԱՐԵՑՆԵԼՈՒ ՕՐՎԱ ԴՐՈՒԹՅԱՄԲ ԱՌԿԱ ԳՈՒՅՔԻ, ԵԿԱՄՈՒՏՆԵՐԻ, ԾԱԽՍԵՐԻ ԵՎ ՇԱՀԵՐԻ ՀԱՅՏԱՐԱՐԱԳԻՐ",Հակակոռուպցիոն դատարան,ՀՀ Հակակոռուպցիոն դատարանի կոռուպցիոն հանցագործությունների վերաբերյալ վարույթներով մասնագիտացմամբ դատավոր,34
103,103,103,ՄԵՐԻ ՄՈՍԻՆՅԱՆ ԱՂԱԲԵԿԻ,2_1_1_126640,https://registry.cpcarmenia.am/declaration/?id=2_1_1_126640,"ՊԱՇՏՈՆԱՏԱՐ ԱՆՁԻ ՊԱՇՏՈՆԵԱԿԱՆ ՊԱՐՏԱԿԱՆՈՒԹՅՈՒՆՆԵՐՆ ՍՏԱՆՁՆԵԼՈՒ ԿԱՄ ԴԱԴԱՐԵՑՆԵԼՈՒ ՕՐՎԱ ԴՐՈՒԹՅԱՄԲ ԱՌԿԱ ԳՈՒՅՔԻ, ԵԿԱՄՈՒՏՆԵՐԻ, ԾԱԽՍԵՐԻ ԵՎ ՇԱՀԵՐԻ ՀԱՅՏԱՐԱՐԱԳԻՐ",Հակակոռուպցիոն դատարան,ՀՀ Հակակոռուպցիոն դատարանի կոռուպցիոն հանցագործությունների վերաբերյալ վարույթներով մասնագիտացմամբ դատավոր,34
104,104,104,ՀԱՅԿՈՒՇ ՀԱՐՈՅԱՆ ԱՐԱՄԻ,2_1_2_126748,https://registry.cpcarmenia.am/declaration/?id=2_1_2_126748,"ՊԱՇՏՈՆԱՏԱՐ ԱՆՁԻ ՊԱՇՏՈՆԵԱԿԱՆ ՊԱՐՏԱԿԱՆՈՒԹՅՈՒՆՆԵՐՆ ՍՏԱՆՁՆԵԼՈՒ ԿԱՄ ԴԱԴԱՐԵՑՆԵԼՈՒ ՕՐՎԱ ԴՐՈՒԹՅԱՄԲ ԱՌԿԱ ԳՈՒՅՔԻ, ԵԿԱՄՈՒՏՆԵՐԻ ԵՎ ԾԱԽՍԵՐԻ ՀԱՅՏԱՐԱՐԱԳԻՐ",Հակակոռուպցիոն դատարան,Դատավորի օգնական,27
105,105,105,ԱՇԽԵՆ ՂԱՐՍԼՅԱՆ ՌՈՒԲԵՆԻ,2_1_1_126639,https://registry.cpcarmenia.am/declaration/?id=2_1_1_126639,"ՊԱՇՏՈՆԱՏԱՐ ԱՆՁԻ ՊԱՇՏՈՆԵԱԿԱՆ ՊԱՐՏԱԿԱՆՈՒԹՅՈՒՆՆԵՐՆ ՍՏԱՆՁՆԵԼՈՒ ԿԱՄ ԴԱԴԱՐԵՑՆԵԼՈՒ ՕՐՎԱ ԴՐՈՒԹՅԱՄԲ ԱՌԿԱ ԳՈՒՅՔԻ, ԵԿԱՄՈՒՏՆԵՐԻ, ԾԱԽՍԵՐԻ ԵՎ ՇԱՀԵՐԻ ՀԱՅՏԱՐԱՐԱԳԻՐ",Հակակոռուպցիոն դատարան,ՀՀ Հակակոռուպցիոն դատարանի հակակոռուպցիոն քաղաքացիական գործերով մասնագիտացմամբ դատավոր,34
106,106,106,ԱՐՏԱԿ ԹԱԴԵՎՈՍՅԱՆ ՎԱՀՐԱՄԻ,1_1_1_105401,https://registry.cpcarmenia.am/declaration/?id=1_1_1_105401,"ՊԱՇՏՈՆԱՏԱՐ ԱՆՁԻ` 2022 ԹՎԱԿԱՆԻ ԳՈՒՅՔԻ, ԵԿԱՄՈՒՏՆԵՐԻ, ԾԱԽՍԵՐԻ ԵՎ ՇԱՀԵՐԻ ՀԱՅՏԱՐԱՐԱԳԻՐ",Հակակոռուպցիոն կոմիտե,Հակակոռուպցիոն կոմիտեի ներքին անվտանգության վարչության հատկապես կարևոր գործերով ավագ քննիչ,52
107,107,107,ՎՈԼՈԴՅԱ ՍԻՄՈՆՅԱՆ ՄՈՒՇԵՂԻ,1_1_1_105403,https://registry.cpcarmenia.am/declaration/?id=1_1_1_105403,"ՊԱՇՏՈՆԱՏԱՐ ԱՆՁԻ` 2022 ԹՎԱԿԱՆԻ ԳՈՒՅՔԻ, ԵԿԱՄՈՒՏՆԵՐԻ, ԾԱԽՍԵՐԻ ԵՎ ՇԱՀԵՐԻ ՀԱՅՏԱՐԱՐԱԳԻՐ",Հակակոռուպցիոն կոմիտե,Հակակոռուպցիոն կոմիտեի ներքին անվտանգության վարչության հատկապես կարևոր գործերով ավագ քննիչ,52
108,108,108,ՀՐԱՆՈՒՇ ԳՐԻԳՈՐՅԱՆ ՄԿՐՏՉԻ,1_2_2_138010,https://registry.cpcarmenia.am/declaration/?id=1_2_2_138010,"ՊԱՇՏՈՆԱՏԱՐ ԱՆՁԻ ԸՆՏԱՆԻՔԻ ԱՆԴԱՄԻ` 2022 ԹՎԱԿԱՆԻ ԳՈՒՅՔԻ, ԵԿԱՄՈՒՏՆԵՐԻ ԵՎ ԾԱԽՍԵՐԻ ՀԱՅՏԱՐԱՐԱԳԻՐ",Հակակոռուպցիոն կոմիտե,Հակակոռուպցիոն կոմիտեի ներքին անվտանգության վարչության հատկապես կարևոր գործերով ավագ քննիչ,43
109,109,109,ՋՈՒԼԻԵՏՏԱ ԳԵՎՈՐԳՅԱՆ ԱՇՈՏԻ,1_2_2_105699,https://registry.cpcarmenia.am/declaration/?id=1_2_2_105699,"ՊԱՇՏՈՆԱՏԱՐ ԱՆՁԻ ԸՆՏԱՆԻՔԻ ԱՆԴԱՄԻ` 2022 ԹՎԱԿԱՆԻ ԳՈՒՅՔԻ, ԵԿԱՄՈՒՏՆԵՐԻ ԵՎ ԾԱԽՍԵՐԻ ՀԱՅՏԱՐԱՐԱԳԻՐ",Հակակոռուպցիոն կոմիտե,Հակակոռուպցիոն կոմիտեի ներքին անվտանգության վարչության հատկապես կարևոր գործերով ավագ քննիչ,43
110,110,110,ԱՐՄԱՆ ՄԱՆՈՒՉԱՐՅԱՆ ԱՊԵՏՆԱԿԻ,1_1_1_105412,https://registry.cpcarmenia.am/declaration/?id=1_1_1_105412,"ՊԱՇՏՈՆԱՏԱՐ ԱՆՁԻ` 2022 ԹՎԱԿԱՆԻ ԳՈՒՅՔԻ, ԵԿԱՄՈՒՏՆԵՐԻ, ԾԱԽՍԵՐԻ ԵՎ ՇԱՀԵՐԻ ՀԱՅՏԱՐԱՐԱԳԻՐ",Հակակոռուպցիոն կոմիտե,Հակակոռուպցիոն կոմիտեի քննչական երրորդ վարչության հատկապես կարևոր գործերով ավագ քննիչ,52
111,111,111,ԱՐՓԻՆԵ ԲԱԴԱԼՅԱՆ ԳԵՎՈՐԳԻ,1_2_2_138131,https://registry.cpcarmenia.am/declaration/?id=1_2_2_138131,"ՊԱՇՏՈՆԱՏԱՐ ԱՆՁԻ ԸՆՏԱՆԻՔԻ ԱՆԴԱՄԻ` 2022 ԹՎԱԿԱՆԻ ԳՈՒՅՔԻ, ԵԿԱՄՈՒՏՆԵՐԻ ԵՎ ԾԱԽՍԵՐԻ ՀԱՅՏԱՐԱՐԱԳԻՐ",Հակակոռուպցիոն կոմիտե,Հակակոռուպցիոն կոմիտեի ներքին անվտանգության վարչության հատկապես կարևոր գործերով ավագ քննիչ,43
112,112,112,ՄԱՐԳԱՐԻՏԱ ՊՈՂՈՍՅԱՆ ՍԱՄՎԵԼԻ,1_2_2_110490,https://registry.cpcarmenia.am/declaration/?id=1_2_2_110490,"ՊԱՇՏՈՆԱՏԱՐ ԱՆՁԻ ԸՆՏԱՆԻՔԻ ԱՆԴԱՄԻ` 2022 ԹՎԱԿԱՆԻ ԳՈՒՅՔԻ, ԵԿԱՄՈՒՏՆԵՐԻ ԵՎ ԾԱԽՍԵՐԻ ՀԱՅՏԱՐԱՐԱԳԻՐ",Հակակոռուպցիոն կոմիտե,Հակակոռուպցիոն կոմիտեի քննչական երրորդ վարչության հատկապես կարևոր գործերով ավագ քննիչ,43
113,113,113,ՄԱՐԻՆԱ ՕՀԱՆՋԱՆՅԱՆ ԱՇՈՏԻ,1_1_2_105434,https://registry.cpcarmenia.am/declaration/?id=1_1_2_105434,"ՊԱՇՏՈՆԱՏԱՐ ԱՆՁԻ` 2022 ԹՎԱԿԱՆԻ ԳՈՒՅՔԻ, ԵԿԱՄՈՒՏՆԵՐԻ ԵՎ ԾԱԽՍԵՐԻ ՀԱՅՏԱՐԱՐԱԳԻՐ",Հակակոռուպցիոն կոմիտե,Հակակոռուպցիոն կոմիտեի նախագահի մամուլի քարտուղար,45
114,114,114,ԱՆԱՀԻՏ ՍԻՄՈՆՅԱՆ ՎԱՐՇԱՄԻ,1_2_2_137924,https://registry.cpcarmenia.am/declaration/?id=1_2_2_137924,"ՊԱՇՏՈՆԱՏԱՐ ԱՆՁԻ ԸՆՏԱՆԻՔԻ ԱՆԴԱՄԻ` 2022 ԹՎԱԿԱՆԻ ԳՈՒՅՔԻ, ԵԿԱՄՈՒՏՆԵՐԻ ԵՎ ԾԱԽՍԵՐԻ ՀԱՅՏԱՐԱՐԱԳԻՐ",Հակակոռուպցիոն կոմիտե,Հակակոռուպցիոն կոմիտեի ներքին անվտանգության վարչության հատկապես կարևոր գործերով ավագ քննիչ,43
115,115,115,ՄԿՐՏԻՉ ՆԱԶԱՐՅԱՆ ՍԵՐԳՈՅԻ,1_2_2_109509,https://registry.cpcarmenia.am/declaration/?id=1_2_2_109509,"ՊԱՇՏՈՆԱՏԱՐ ԱՆՁԻ ԸՆՏԱՆԻՔԻ ԱՆԴԱՄԻ` 2022 ԹՎԱԿԱՆԻ ԳՈՒՅՔԻ, ԵԿԱՄՈՒՏՆԵՐԻ ԵՎ ԾԱԽՍԵՐԻ ՀԱՅՏԱՐԱՐԱԳԻՐ",Հակակոռուպցիոն կոմիտե,Հակակոռուպցիոն կոմիտեի քննչական երրորդ վարչության քննիչ,43
116,116,116,ԼԻԱՆԱ ՍԱՆԹՐՈՍՅԱՆ ՏԻԳՐԱՆԻ,1_1_1_105436,https://registry.cpcarmenia.am/declaration/?id=1_1_1_105436,"ՊԱՇՏՈՆԱՏԱՐ ԱՆՁԻ` 2022 ԹՎԱԿԱՆԻ ԳՈՒՅՔԻ, ԵԿԱՄՈՒՏՆԵՐԻ, ԾԱԽՍԵՐԻ ԵՎ ՇԱՀԵՐԻ ՀԱՅՏԱՐԱՐԱԳԻՐ",Հակակոռուպցիոն կոմիտե,Հակակոռուպցիոն կոմիտեի ներքին անվտանգության վարչության ավագ քննիչ,52
117,117,117,ԱՐՓԻՆԵ ՍԱՀԱԿՅԱՆ ՀԱԿՈԲԻ,1_2_2_134524,https://registry.cpcarmenia.am/declaration/?id=1_2_2_134524,"ՊԱՇՏՈՆԱՏԱՐ ԱՆՁԻ ԸՆՏԱՆԻՔԻ ԱՆԴԱՄԻ` 2022 ԹՎԱԿԱՆԻ ԳՈՒՅՔԻ, ԵԿԱՄՈՒՏՆԵՐԻ ԵՎ ԾԱԽՍԵՐԻ ՀԱՅՏԱՐԱՐԱԳԻՐ",Հակակոռուպցիոն կոմիտե,Հակակոռուպցիոն կոմիտեի քննչական առաջին վարչության պետ,43
118,118,118,ՄԱՐԳԱՐԻՏ ՄՈՎՍԻՍՅԱՆ ՄՈՎՍԵՍԻ,1_2_2_134526,https://registry.cpcarmenia.am/declaration/?id=1_2_2_134526,"ՊԱՇՏՈՆԱՏԱՐ ԱՆՁԻ ԸՆՏԱՆԻՔԻ ԱՆԴԱՄԻ` 2022 ԹՎԱԿԱՆԻ ԳՈՒՅՔԻ, ԵԿԱՄՈՒՏՆԵՐԻ ԵՎ ԾԱԽՍԵՐԻ ՀԱՅՏԱՐԱՐԱԳԻՐ",Հակակոռուպցիոն կոմիտե,Հակակոռուպցիոն կոմիտեի քննչական առաջին վարչության պետ,43
119,119,119,ՀԱՅԿ ՊՈՂՈՍՅԱՆ ՖՐՈՒՆԶԻԿԻ,1_2_2_134525,https://registry.cpcarmenia.am/declaration/?id=1_2_2_134525,"ՊԱՇՏՈՆԱՏԱՐ ԱՆՁԻ ԸՆՏԱՆԻՔԻ ԱՆԴԱՄԻ` 2022 ԹՎԱԿԱՆԻ ԳՈՒՅՔԻ, ԵԿԱՄՈՒՏՆԵՐԻ ԵՎ ԾԱԽՍԵՐԻ ՀԱՅՏԱՐԱՐԱԳԻՐ",Հակակոռուպցիոն կոմիտե,Հակակոռուպցիոն կոմիտեի քննչական առաջին վարչության պետ,43
120,120,120,ԷԴԳԱՐ ՊՈՂՈՍՅԱՆ ՀԱՅԿԻ,1_1_1_105423,https://registry.cpcarmenia.am/declaration/?id=1_1_1_105423,"ՊԱՇՏՈՆԱՏԱՐ ԱՆՁԻ` 2022 ԹՎԱԿԱՆԻ ԳՈՒՅՔԻ, ԵԿԱՄՈՒՏՆԵՐԻ, ԾԱԽՍԵՐԻ ԵՎ ՇԱՀԵՐԻ ՀԱՅՏԱՐԱՐԱԳԻՐ",Հակակոռուպցիոն կոմիտե,Հակակոռուպցիոն կոմիտեի քննչական առաջին վարչության պետ,52
121,121,121,ՍԵՐԳԵՅ ԱՌԱՔԵԼՅԱՆ ԳԱԳԻԿԻ,1_1_1_105400,https://registry.cpcarmenia.am/declaration/?id=1_1_1_105400,"ՊԱՇՏՈՆԱՏԱՐ ԱՆՁԻ` 2022 ԹՎԱԿԱՆԻ ԳՈՒՅՔԻ, ԵԿԱՄՈՒՏՆԵՐԻ, ԾԱԽՍԵՐԻ ԵՎ ՇԱՀԵՐԻ ՀԱՅՏԱՐԱՐԱԳԻՐ",Հակակոռուպցիոն կոմիտե,Հակակոռուպցիոն կոմիտեի ներքին անվտանգության վարչության հատկապես կարևոր գործերով ավագ քննիչ,52
122,122,122,ՄԱՐԳԱՐԻՏ ԱՎԵՏԻՍՅԱՆ ՍԱՇԱՅԻ,1_2_2_136478,https://registry.cpcarmenia.am/declaration/?id=1_2_2_136478,"ՊԱՇՏՈՆԱՏԱՐ ԱՆՁԻ ԸՆՏԱՆԻՔԻ ԱՆԴԱՄԻ` 2022 ԹՎԱԿԱՆԻ ԳՈՒՅՔԻ, ԵԿԱՄՈՒՏՆԵՐԻ ԵՎ ԾԱԽՍԵՐԻ ՀԱՅՏԱՐԱՐԱԳԻՐ",Հակակոռուպցիոն կոմիտե,Հակակոռուպցիոն կոմիտեի քննչական առաջին վարչության հատկապես կարևոր գործերով քննիչ,43
123,123,123,ԱՆՆԱ ԹՈՐՈՍՅԱՆ ՀՐԱՆԴԻ,1_2_2_109508,https://registry.cpcarmenia.am/declaration/?id=1_2_2_109508,"ՊԱՇՏՈՆԱՏԱՐ ԱՆՁԻ ԸՆՏԱՆԻՔԻ ԱՆԴԱՄԻ` 2022 ԹՎԱԿԱՆԻ ԳՈՒՅՔԻ, ԵԿԱՄՈՒՏՆԵՐԻ ԵՎ ԾԱԽՍԵՐԻ ՀԱՅՏԱՐԱՐԱԳԻՐ",Հակակոռուպցիոն կոմիտե,Հակակոռուպցիոն կոմիտեի քննչական երրորդ վարչության քննիչ,43
124,124,124,ԱՐԱՄ ԱՎԵՏԻՍՅԱՆ ՍԱՇԱՅԻ,1_2_2_136477,https://registry.cpcarmenia.am/declaration/?id=1_2_2_136477,"ՊԱՇՏՈՆԱՏԱՐ ԱՆՁԻ ԸՆՏԱՆԻՔԻ ԱՆԴԱՄԻ` 2022 ԹՎԱԿԱՆԻ ԳՈՒՅՔԻ, ԵԿԱՄՈՒՏՆԵՐԻ ԵՎ ԾԱԽՍԵՐԻ ՀԱՅՏԱՐԱՐԱԳԻՐ",Հակակոռուպցիոն կոմիտե,Հակակոռուպցիոն կոմիտեի քննչական առաջին վարչության հատկապես կարևոր գործերով քննիչ,43
125,125,125,ԱՆՆԱ ԽԱՉԱՏՐՅԱՆ ՄԿՐՏՉԻ,1_2_2_105705,https://registry.cpcarmenia.am/declaration/?id=1_2_2_105705,"ՊԱՇՏՈՆԱՏԱՐ ԱՆՁԻ ԸՆՏԱՆԻՔԻ ԱՆԴԱՄԻ` 2022 ԹՎԱԿԱՆԻ ԳՈՒՅՔԻ, ԵԿԱՄՈՒՏՆԵՐԻ ԵՎ ԾԱԽՍԵՐԻ ՀԱՅՏԱՐԱՐԱԳԻՐ",Հակակոռուպցիոն կոմիտե,Հակակոռուպցիոն կոմիտեի նախագահի տեղակալ,43
126,126,126,ԻՇԽԱՆՈՒՀԻ ՇԻՐԻՆՅԱՆ ԿԱՌԼԵՆԻ,1_2_2_136479,https://registry.cpcarmenia.am/declaration/?id=1_2_2_136479,"ՊԱՇՏՈՆԱՏԱՐ ԱՆՁԻ ԸՆՏԱՆԻՔԻ ԱՆԴԱՄԻ` 2022 ԹՎԱԿԱՆԻ ԳՈՒՅՔԻ, ԵԿԱՄՈՒՏՆԵՐԻ ԵՎ ԾԱԽՍԵՐԻ ՀԱՅՏԱՐԱՐԱԳԻՐ",Հակակոռուպցիոն կոմիտե,Հակակոռուպցիոն կոմիտեի քննչական առաջին վարչության հատկապես կարևոր գործերով քննիչ,43
127,127,127,ՎԱՐԴՈՒՀԻ ՆԱԶԱՐՅԱՆ ՄԿՐՏԻՉԻ,1_2_2_137547,https://registry.cpcarmenia.am/declaration/?id=1_2_2_137547,"ՊԱՇՏՈՆԱՏԱՐ ԱՆՁԻ ԸՆՏԱՆԻՔԻ ԱՆԴԱՄԻ` 2022 ԹՎԱԿԱՆԻ ԳՈՒՅՔԻ, ԵԿԱՄՈՒՏՆԵՐԻ ԵՎ ԾԱԽՍԵՐԻ ՀԱՅՏԱՐԱՐԱԳԻՐ",Հակակոռուպցիոն կոմիտե,Հակակոռուպցիոն կոմիտեի քննչական առաջին վարչության հատկապես կարևոր գործերով քննիչ,43
128,128,128,ԱՐՇԱԼՈՒՅՍ ՄԻՆԱՍՅԱՆ ԿԱՌԼԵՆԻ,1_1_1_105426,https://registry.cpcarmenia.am/declaration/?id=1_1_1_105426,"ՊԱՇՏՈՆԱՏԱՐ ԱՆՁԻ` 2022 ԹՎԱԿԱՆԻ ԳՈՒՅՔԻ, ԵԿԱՄՈՒՏՆԵՐԻ, ԾԱԽՍԵՐԻ ԵՎ ՇԱՀԵՐԻ ՀԱՅՏԱՐԱՐԱԳԻՐ",Հակակոռուպցիոն կոմիտե,Հակակոռուպցիոն կոմիտեի քննչական երրորդ վարչության պետ,52
129,129,129,ՍԱՐԳԻՍ ՆԱԶԱՐՅԱՆ ՄԿՐՏԻՉԻ,1_1_1_105406,https://registry.cpcarmenia.am/declaration/?id=1_1_1_105406,"ՊԱՇՏՈՆԱՏԱՐ ԱՆՁԻ` 2022 ԹՎԱԿԱՆԻ ԳՈՒՅՔԻ, ԵԿԱՄՈՒՏՆԵՐԻ, ԾԱԽՍԵՐԻ ԵՎ ՇԱՀԵՐԻ ՀԱՅՏԱՐԱՐԱԳԻՐ",Հակակոռուպցիոն կոմիտե,Հակակոռուպցիոն կոմիտեի քննչական երրորդ վարչության քննիչ,52
130,130,130,ԱՆՈՒՇ ԲԵՐԲԵՐՅԱՆ ՀՐԱՉԻԿԻ,1_2_2_109510,https://registry.cpcarmenia.am/declaration/?id=1_2_2_109510,"ՊԱՇՏՈՆԱՏԱՐ ԱՆՁԻ ԸՆՏԱՆԻՔԻ ԱՆԴԱՄԻ` 2022 ԹՎԱԿԱՆԻ ԳՈՒՅՔԻ, ԵԿԱՄՈՒՏՆԵՐԻ ԵՎ ԾԱԽՍԵՐԻ ՀԱՅՏԱՐԱՐԱԳԻՐ",Հակակոռուպցիոն կոմիտե,Հակակոռուպցիոն կոմիտեի քննչական երրորդ վարչության քննիչ,43
131,131,131,ՍԱՇԻԿ ԱՎԵՏԻՍՅԱՆ ԱՐԱՄԻ,1_1_1_105417,https://registry.cpcarmenia.am/declaration/?id=1_1_1_105417,"ՊԱՇՏՈՆԱՏԱՐ ԱՆՁԻ` 2022 ԹՎԱԿԱՆԻ ԳՈՒՅՔԻ, ԵԿԱՄՈՒՏՆԵՐԻ, ԾԱԽՍԵՐԻ ԵՎ ՇԱՀԵՐԻ ՀԱՅՏԱՐԱՐԱԳԻՐ",Հակակոռուպցիոն կոմիտե,Հակակոռուպցիոն կոմիտեի քննչական առաջին վարչության հատկապես կարևոր գործերով քննիչ,52
132,132,132,ՌՈՒԲԵՆ ՀԱՅՐԱՊԵՏՅԱՆ ՍՈՒՐԵՆԻ,1_2_2_109924,https://registry.cpcarmenia.am/declaration/?id=1_2_2_109924,"ՊԱՇՏՈՆԱՏԱՐ ԱՆՁԻ ԸՆՏԱՆԻՔԻ ԱՆԴԱՄԻ` 2022 ԹՎԱԿԱՆԻ ԳՈՒՅՔԻ, ԵԿԱՄՈՒՏՆԵՐԻ ԵՎ ԾԱԽՍԵՐԻ ՀԱՅՏԱՐԱՐԱԳԻՐ",Հակակոռուպցիոն կոմիտե,Հակակոռուպցիոն կոմիտեի քննչական երրորդ վարչության պետի տեղակալ,43
133,133,133,ԼԱՈՒՐԱ ՀԱՐՈՒԹՅՈՒՆՅԱՆ ԱՇՈՏԻ,1_2_2_105694,https://registry.cpcarmenia.am/declaration/?id=1_2_2_105694,"ՊԱՇՏՈՆԱՏԱՐ ԱՆՁԻ ԸՆՏԱՆԻՔԻ ԱՆԴԱՄԻ` 2022 ԹՎԱԿԱՆԻ ԳՈՒՅՔԻ, ԵԿԱՄՈՒՏՆԵՐԻ ԵՎ ԾԱԽՍԵՐԻ ՀԱՅՏԱՐԱՐԱԳԻՐ",Հակակոռուպցիոն կոմիտե,Հակակոռուպցիոն կոմիտեի ներքին անվտանգության վարչության հատկապես կարևոր գործերով ավագ քննիչ,43
134,134,134,ՀՈՎՀԱՆՆԵՍ ՀԱՐՈՒԹՅՈՒՆՅԱՆ ՄՈՒՇԵՂԻ,1_1_1_105409,https://registry.cpcarmenia.am/declaration/?id=1_1_1_105409,"ՊԱՇՏՈՆԱՏԱՐ ԱՆՁԻ` 2022 ԹՎԱԿԱՆԻ ԳՈՒՅՔԻ, ԵԿԱՄՈՒՏՆԵՐԻ, ԾԱԽՍԵՐԻ ԵՎ ՇԱՀԵՐԻ ՀԱՅՏԱՐԱՐԱԳԻՐ",Հակակոռուպցիոն կոմիտե,Հակակոռուպցիոն կոմիտեի ներքին անվտանգության վարչության հատկապես կարևոր գործերով ավագ քննիչ,52
135,135,135,ԼԻԼԻԹ ՍՏԵՓԱՆՅԱՆ ԳԵՎՈՐԳԻ,1_2_2_137087,https://registry.cpcarmenia.am/declaration/?id=1_2_2_137087,"ՊԱՇՏՈՆԱՏԱՐ ԱՆՁԻ ԸՆՏԱՆԻՔԻ ԱՆԴԱՄԻ` 2022 ԹՎԱԿԱՆԻ ԳՈՒՅՔԻ, ԵԿԱՄՈՒՏՆԵՐԻ ԵՎ ԾԱԽՍԵՐԻ ՀԱՅՏԱՐԱՐԱԳԻՐ",Հակակոռուպցիոն կոմիտե,Հակակոռուպցիոն կոմիտեի քննչական երկրորդ վարչության պետի տեղակալ,43
136,136,136,ԴԱՎԻԹ ԿՈՍՏԱՆԴՅԱՆ ՌՈԲԵՐՏԻ,1_1_1_105399,https://registry.cpcarmenia.am/declaration/?id=1_1_1_105399,"ՊԱՇՏՈՆԱՏԱՐ ԱՆՁԻ` 2022 ԹՎԱԿԱՆԻ ԳՈՒՅՔԻ, ԵԿԱՄՈՒՏՆԵՐԻ, ԾԱԽՍԵՐԻ ԵՎ ՇԱՀԵՐԻ ՀԱՅՏԱՐԱՐԱԳԻՐ",Հակակոռուպցիոն կոմիտե,Հակակոռուպցիոն կոմիտեի քննչական երկրորդ վարչության պետի տեղակալ,52
137,137,137,ԷՄՄԱ ԹՈՐՈՍՅԱՆ ՍԱՐԳՍԻ,1_2_2_110475,https://registry.cpcarmenia.am/declaration/?id=1_2_2_110475,"ՊԱՇՏՈՆԱՏԱՐ ԱՆՁԻ ԸՆՏԱՆԻՔԻ ԱՆԴԱՄԻ` 2022 ԹՎԱԿԱՆԻ ԳՈՒՅՔԻ, ԵԿԱՄՈՒՏՆԵՐԻ ԵՎ ԾԱԽՍԵՐԻ ՀԱՅՏԱՐԱՐԱԳԻՐ",Հակակոռուպցիոն կոմիտե,Հակակոռուպցիոն կոմիտեի քննչական առաջին վարչության հատկապես կարևոր գործերով ավագ քննիչ,43
138,138,138,ԽՈՐԵՆ ՄԵՋԼՈՒՄՅԱՆ ԳԵՎՈՐԳԻ,1_1_1_105402,https://registry.cpcarmenia.am/declaration/?id=1_1_1_105402,"ՊԱՇՏՈՆԱՏԱՐ ԱՆՁԻ` 2022 ԹՎԱԿԱՆԻ ԳՈՒՅՔԻ, ԵԿԱՄՈՒՏՆԵՐԻ, ԾԱԽՍԵՐԻ ԵՎ ՇԱՀԵՐԻ ՀԱՅՏԱՐԱՐԱԳԻՐ",Հակակոռուպցիոն կոմիտե,Հակակոռուպցիոն կոմիտեի քննչական առաջին վարչության հատկապես կարևոր գործերով ավագ քննիչ,52
139,139,139,ՍԵԴԱ ԽԱՉԱՏՐՅԱՆ ՍԱՐԻԲԵԿԻ,1_2_2_135641,https://registry.cpcarmenia.am/declaration/?id=1_2_2_135641,"ՊԱՇՏՈՆԱՏԱՐ ԱՆՁԻ ԸՆՏԱՆԻՔԻ ԱՆԴԱՄԻ` 2022 ԹՎԱԿԱՆԻ ԳՈՒՅՔԻ, ԵԿԱՄՈՒՏՆԵՐԻ ԵՎ ԾԱԽՍԵՐԻ ՀԱՅՏԱՐԱՐԱԳԻՐ",Հակակոռուպցիոն կոմիտե,Հակակոռուպցիոն կոմիտեի քննչական երկրորդ վարչության հատկապես կարևոր գործերով ավագ քննիչ,43
140,140,140,ՄԱՐԳԱՐԻՏԱ ԱԴԱՄՅԱՆ ՍՊԱՐՏԱԿԻ,1_2_2_137662,https://registry.cpcarmenia.am/declaration/?id=1_2_2_137662,"ՊԱՇՏՈՆԱՏԱՐ ԱՆՁԻ ԸՆՏԱՆԻՔԻ ԱՆԴԱՄԻ` 2022 ԹՎԱԿԱՆԻ ԳՈՒՅՔԻ, ԵԿԱՄՈՒՏՆԵՐԻ ԵՎ ԾԱԽՍԵՐԻ ՀԱՅՏԱՐԱՐԱԳԻՐ",Հակակոռուպցիոն կոմիտե,Հակակոռուպցիոն կոմիտեի քննչական առաջին վարչության հատկապես կարևոր գործերով ավագ քննիչ,43
141,141,141,ԱՇՈՏ ՕՀԱՆՅԱՆ ԱՐՄԵՆԻ,1_1_1_105432,https://registry.cpcarmenia.am/declaration/?id=1_1_1_105432,"ՊԱՇՏՈՆԱՏԱՐ ԱՆՁԻ` 2022 ԹՎԱԿԱՆԻ ԳՈՒՅՔԻ, ԵԿԱՄՈՒՏՆԵՐԻ, ԾԱԽՍԵՐԻ ԵՎ ՇԱՀԵՐԻ ՀԱՅՏԱՐԱՐԱԳԻՐ",Հակակոռուպցիոն կոմիտե,Հակակոռուպցիոն կոմիտեի քննչական երկրորդ վարչության պետ,52
142,142,142,ԲԱԳՐԱՏ ԱԴԱՄՅԱՆ ՀՐԱՆՏԻ,1_1_1_105430,https://registry.cpcarmenia.am/declaration/?id=1_1_1_105430,"ՊԱՇՏՈՆԱՏԱՐ ԱՆՁԻ` 2022 ԹՎԱԿԱՆԻ ԳՈՒՅՔԻ, ԵԿԱՄՈՒՏՆԵՐԻ, ԾԱԽՍԵՐԻ ԵՎ ՇԱՀԵՐԻ ՀԱՅՏԱՐԱՐԱԳԻՐ",Հակակոռուպցիոն կոմիտե,Հակակոռուպցիոն կոմիտեի քննչական առաջին վարչության հատկապես կարևոր գործերով ավագ քննիչ,52
143,143,143,ՆԱՌԱ ՂԱԶԱՐՅԱՆ ՎԱՐՈՒԺԻ,1_2_2_105698,https://registry.cpcarmenia.am/declaration/?id=1_2_2_105698,"ՊԱՇՏՈՆԱՏԱՐ ԱՆՁԻ ԸՆՏԱՆԻՔԻ ԱՆԴԱՄԻ` 2022 ԹՎԱԿԱՆԻ ԳՈՒՅՔԻ, ԵԿԱՄՈՒՏՆԵՐԻ ԵՎ ԾԱԽՍԵՐԻ ՀԱՅՏԱՐԱՐԱԳԻՐ",Հակակոռուպցիոն կոմիտե,Հակակոռուպցիոն կոմիտեի քննչական երկրորդ վարչության հատկապես կարևոր գործերով ավագ քննիչ,43
144,144,144,ՎԱՀԵ ՄԱՐՏԻՐՈՍՅԱՆ ՌԱՖԻԿԻ,1_1_1_105424,https://registry.cpcarmenia.am/declaration/?id=1_1_1_105424,"ՊԱՇՏՈՆԱՏԱՐ ԱՆՁԻ` 2022 ԹՎԱԿԱՆԻ ԳՈՒՅՔԻ, ԵԿԱՄՈՒՏՆԵՐԻ, ԾԱԽՍԵՐԻ ԵՎ ՇԱՀԵՐԻ ՀԱՅՏԱՐԱՐԱԳԻՐ",Հակակոռուպցիոն կոմիտե,Հակակոռուպցիոն կոմիտեի քննչական երկրորդ վարչության հատկապես կարևոր գործերով ավագ քննիչ,52
145,145,145,ԲՈՐՅԱ ՉԻԼԻՆԳԱՐՅԱՆ ԱԼԵՔՍԱՆԴՐԻ,1_1_1_105422,https://registry.cpcarmenia.am/declaration/?id=1_1_1_105422,"ՊԱՇՏՈՆԱՏԱՐ ԱՆՁԻ` 2022 ԹՎԱԿԱՆԻ ԳՈՒՅՔԻ, ԵԿԱՄՈՒՏՆԵՐԻ, ԾԱԽՍԵՐԻ ԵՎ ՇԱՀԵՐԻ ՀԱՅՏԱՐԱՐԱԳԻՐ",Հակակոռուպցիոն կոմիտե,Հակակոռուպցիոն կոմիտեի քննչական երկրորդ վարչության հատկապես կարևոր գործերով ավագ քննիչ,52
146,146,146,ՎԱՀԵ ԽԱՉԱՏՐՅԱՆ ԷՄԱՆՈՒԵԼԻ,1_1_1_105408,https://registry.cpcarmenia.am/declaration/?id=1_1_1_105408,"ՊԱՇՏՈՆԱՏԱՐ ԱՆՁԻ` 2022 ԹՎԱԿԱՆԻ ԳՈՒՅՔԻ, ԵԿԱՄՈՒՏՆԵՐԻ, ԾԱԽՍԵՐԻ ԵՎ ՇԱՀԵՐԻ ՀԱՅՏԱՐԱՐԱԳԻՐ",Հակակոռուպցիոն կոմիտե,Հակակոռուպցիոն կոմիտեի քննչական երկրորդ վարչության հատկապես կարևոր գործերով ավագ քննիչ,52
147,147,147,ԱՐՍԵՆ ԳԵՂԱՄՅԱՆ ԳՐԻԳՈՐԻ,1_1_1_105419,https://registry.cpcarmenia.am/declaration/?id=1_1_1_105419,"ՊԱՇՏՈՆԱՏԱՐ ԱՆՁԻ` 2022 ԹՎԱԿԱՆԻ ԳՈՒՅՔԻ, ԵԿԱՄՈՒՏՆԵՐԻ, ԾԱԽՍԵՐԻ ԵՎ ՇԱՀԵՐԻ ՀԱՅՏԱՐԱՐԱԳԻՐ",Հակակոռուպցիոն կոմիտե,Հակակոռուպցիոն կոմիտեի քննչական երրորդ վարչության հատկապես կարևոր գործերով քննիչ,52
148,148,148,ԼԻԼԻԹ ՄԱՐԿՈՍՅԱՆ ԿԱՐԵՆԻ,1_2_2_105696,https://registry.cpcarmenia.am/declaration/?id=1_2_2_105696,"ՊԱՇՏՈՆԱՏԱՐ ԱՆՁԻ ԸՆՏԱՆԻՔԻ ԱՆԴԱՄԻ` 2022 ԹՎԱԿԱՆԻ ԳՈՒՅՔԻ, ԵԿԱՄՈՒՏՆԵՐԻ ԵՎ ԾԱԽՍԵՐԻ ՀԱՅՏԱՐԱՐԱԳԻՐ",Հակակոռուպցիոն կոմիտե,Հակակոռուպցիոն կոմիտեի քննչական երրորդ վարչության հատկապես կարևոր գործերով քննիչ,43
149,149,149,ՆՎԱՐԴ ՎԱՐԴԱՆՅԱՆ ՆԱԶԱՐԻ,1_2_2_105701,https://registry.cpcarmenia.am/declaration/?id=1_2_2_105701,"ՊԱՇՏՈՆԱՏԱՐ ԱՆՁԻ ԸՆՏԱՆԻՔԻ ԱՆԴԱՄԻ` 2022 ԹՎԱԿԱՆԻ ԳՈՒՅՔԻ, ԵԿԱՄՈՒՏՆԵՐԻ ԵՎ ԾԱԽՍԵՐԻ ՀԱՅՏԱՐԱՐԱԳԻՐ",Հակակոռուպցիոն կոմիտե,Հակակոռուպցիոն կոմիտեի քննչական երրորդ վարչության հատկապես կարևոր գործերով քննիչ,43
150,150,150,ԳՐԻԳՈՐ ԳԵՂԱՄՅԱՆ ՀՐԱՆՏԻ,1_2_2_105688,https://registry.cpcarmenia.am/declaration/?id=1_2_2_105688,"ՊԱՇՏՈՆԱՏԱՐ ԱՆՁԻ ԸՆՏԱՆԻՔԻ ԱՆԴԱՄԻ` 2022 ԹՎԱԿԱՆԻ ԳՈՒՅՔԻ, ԵԿԱՄՈՒՏՆԵՐԻ ԵՎ ԾԱԽՍԵՐԻ ՀԱՅՏԱՐԱՐԱԳԻՐ",Հակակոռուպցիոն կոմիտե,Հակակոռուպցիոն կոմիտեի քննչական երրորդ վարչության հատկապես կարևոր գործերով քննիչ,43
151,151,151,ԱԼԼԱ ՍԵՎՈՅԱՆ ԶԱՎԵՆԻ,1_2_2_134587,https://registry.cpcarmenia.am/declaration/?id=1_2_2_134587,"ՊԱՇՏՈՆԱՏԱՐ ԱՆՁԻ ԸՆՏԱՆԻՔԻ ԱՆԴԱՄԻ` 2022 ԹՎԱԿԱՆԻ ԳՈՒՅՔԻ, ԵԿԱՄՈՒՏՆԵՐԻ ԵՎ ԾԱԽՍԵՐԻ ՀԱՅՏԱՐԱՐԱԳԻՐ",Հակակոռուպցիոն կոմիտե,Հակակոռուպցիոն կոմիտեի քննչական առաջին վարչության պետի տեղակալ,43
152,152,152,ԳԵՂԱՄ ՄԱՐԳԱՐՅԱՆ ՄԱՐՏԻՆԻ,1_1_1_105404,https://registry.cpcarmenia.am/declaration/?id=1_1_1_105404,"ՊԱՇՏՈՆԱՏԱՐ ԱՆՁԻ` 2022 ԹՎԱԿԱՆԻ ԳՈՒՅՔԻ, ԵԿԱՄՈՒՏՆԵՐԻ, ԾԱԽՍԵՐԻ ԵՎ ՇԱՀԵՐԻ ՀԱՅՏԱՐԱՐԱԳԻՐ",Հակակոռուպցիոն կոմիտե,Հակակոռուպցիոն կոմիտեի քննչական առաջին վարչության պետի տեղակալ,52
153,153,153,ՆԱՐԻՆԵ ՄԱՆԱՆԴՅԱՆ ՍԵՐԳՈԻ,1_2_2_134266,https://registry.cpcarmenia.am/declaration/?id=1_2_2_134266,"ՊԱՇՏՈՆԱՏԱՐ ԱՆՁԻ ԸՆՏԱՆԻՔԻ ԱՆԴԱՄԻ` 2022 ԹՎԱԿԱՆԻ ԳՈՒՅՔԻ, ԵԿԱՄՈՒՏՆԵՐԻ ԵՎ ԾԱԽՍԵՐԻ ՀԱՅՏԱՐԱՐԱԳԻՐ",Հակակոռուպցիոն կոմիտե,Հակակոռուպցիոն կոմիտեի քննչական երկրորդ վարչության հատկապես կարևոր գործերով ավագ քննիչ,43
154,154,154,ՎԱԶԳԱՆՈՒՇ ՄԿՐՏՉՅԱՆ ՑՈԼԱԿԻ,1_2_2_134261,https://registry.cpcarmenia.am/declaration/?id=1_2_2_134261,"ՊԱՇՏՈՆԱՏԱՐ ԱՆՁԻ ԸՆՏԱՆԻՔԻ ԱՆԴԱՄԻ` 2022 ԹՎԱԿԱՆԻ ԳՈՒՅՔԻ, ԵԿԱՄՈՒՏՆԵՐԻ ԵՎ ԾԱԽՍԵՐԻ ՀԱՅՏԱՐԱՐԱԳԻՐ",Հակակոռուպցիոն կոմիտե,Հակակոռուպցիոն կոմիտեի քննչական երկրորդ վարչության հատկապես կարևոր գործերով ավագ քննիչ,43
155,155,155,ՍՈՒՍԱՆՆԱ ԳՐԻԳՈՐՅԱՆ ԳԵՂԱՄԻ,1_2_2_136521,https://registry.cpcarmenia.am/declaration/?id=1_2_2_136521,"ՊԱՇՏՈՆԱՏԱՐ ԱՆՁԻ ԸՆՏԱՆԻՔԻ ԱՆԴԱՄԻ` 2022 ԹՎԱԿԱՆԻ ԳՈՒՅՔԻ, ԵԿԱՄՈՒՏՆԵՐԻ ԵՎ ԾԱԽՍԵՐԻ ՀԱՅՏԱՐԱՐԱԳԻՐ",Հակակոռուպցիոն կոմիտե,Հակակոռուպցիոն կոմիտեի քննչական երկրորդ վարչության հատկապես կարևոր գործերով ավագ քննիչ,43
156,156,156,ՀԱՅԿ ՄԱՆԱՆԴՅԱՆ ՍԵՐԳՈՅԻ,1_1_1_105413,https://registry.cpcarmenia.am/declaration/?id=1_1_1_105413,"ՊԱՇՏՈՆԱՏԱՐ ԱՆՁԻ` 2022 ԹՎԱԿԱՆԻ ԳՈՒՅՔԻ, ԵԿԱՄՈՒՏՆԵՐԻ, ԾԱԽՍԵՐԻ ԵՎ ՇԱՀԵՐԻ ՀԱՅՏԱՐԱՐԱԳԻՐ",Հակակոռուպցիոն կոմիտե,Հակակոռուպցիոն կոմիտեի քննչական երկրորդ վարչության հատկապես կարևոր գործերով ավագ քննիչ,52
157,157,157,ՍՅՈՒԶԱՆՆԱ ՍՈՂՈՅԱՆ ԳԵՎՈՐԳԻ,1_2_2_101789,https://registry.cpcarmenia.am/declaration/?id=1_2_2_101789,"ՊԱՇՏՈՆԱՏԱՐ ԱՆՁԻ ԸՆՏԱՆԻՔԻ ԱՆԴԱՄԻ` 2022 ԹՎԱԿԱՆԻ ԳՈՒՅՔԻ, ԵԿԱՄՈՒՏՆԵՐԻ ԵՎ ԾԱԽՍԵՐԻ ՀԱՅՏԱՐԱՐԱԳԻՐ",Հակակոռուպցիոն կոմիտե,Հակակոռուպցիոն կոմիտեի ներքին անվտանգության վարչության պետ,43
158,158,158,ԳԱՐԵԳԻՆ ԲԵԳՈՅԱՆ ՎԼԱԴԻՄԻՐԻ,1_1_1_101748,https://registry.cpcarmenia.am/declaration/?id=1_1_1_101748,"ՊԱՇՏՈՆԱՏԱՐ ԱՆՁԻ` 2022 ԹՎԱԿԱՆԻ ԳՈՒՅՔԻ, ԵԿԱՄՈՒՏՆԵՐԻ, ԾԱԽՍԵՐԻ ԵՎ ՇԱՀԵՐԻ ՀԱՅՏԱՐԱՐԱԳԻՐ",Հակակոռուպցիոն կոմիտե,Հակակոռուպցիոն կոմիտեի ներքին անվտանգության վարչության պետ,52
159,159,159,ԳԱՅԱՆԵ ԱՎԱՆԵՍՅԱՆ ԱՐՏԱՇԵՍԻ,1_2_2_109925,https://registry.cpcarmenia.am/declaration/?id=1_2_2_109925,"ՊԱՇՏՈՆԱՏԱՐ ԱՆՁԻ ԸՆՏԱՆԻՔԻ ԱՆԴԱՄԻ` 2022 ԹՎԱԿԱՆԻ ԳՈՒՅՔԻ, ԵԿԱՄՈՒՏՆԵՐԻ ԵՎ ԾԱԽՍԵՐԻ ՀԱՅՏԱՐԱՐԱԳԻՐ",Հակակոռուպցիոն կոմիտե,Հակակոռուպցիոն կոմիտեի քննչական երրորդ վարչության պետի տեղակալ,43
160,160,160,ԼՈՒՍԻՆԵ ՋԻԼԱՎՅԱՆ ԱՌԱՔԵԼԻ,1_2_2_109471,https://registry.cpcarmenia.am/declaration/?id=1_2_2_109471,"ՊԱՇՏՈՆԱՏԱՐ ԱՆՁԻ ԸՆՏԱՆԻՔԻ ԱՆԴԱՄԻ` 2022 ԹՎԱԿԱՆԻ ԳՈՒՅՔԻ, ԵԿԱՄՈՒՏՆԵՐԻ ԵՎ ԾԱԽՍԵՐԻ ՀԱՅՏԱՐԱՐԱԳԻՐ",Հակակոռուպցիոն կոմիտե,Հակակոռուպցիոն կոմիտեի քննչական առաջին վարչության հատկապես կարևոր գործերով ավագ քննիչ,43
161,161,161,ԱՐԹՈՒՐ ՍԱՐԳՍՅԱՆ ՄՈՒՐԱԴԻ,1_1_1_105421,https://registry.cpcarmenia.am/declaration/?id=1_1_1_105421,"ՊԱՇՏՈՆԱՏԱՐ ԱՆՁԻ` 2022 ԹՎԱԿԱՆԻ ԳՈՒՅՔԻ, ԵԿԱՄՈՒՏՆԵՐԻ, ԾԱԽՍԵՐԻ ԵՎ ՇԱՀԵՐԻ ՀԱՅՏԱՐԱՐԱԳԻՐ",Հակակոռուպցիոն կոմիտե,Հակակոռուպցիոն կոմիտեի քննչական երրորդ վարչության պետի տեղակալ,52
162,162,162,ԱՆԻ ՀԱՅՐԱՊԵՏՅԱՆ ՌՈՒԲԵՆԻ,1_2_2_109926,https://registry.cpcarmenia.am/declaration/?id=1_2_2_109926,"ՊԱՇՏՈՆԱՏԱՐ ԱՆՁԻ ԸՆՏԱՆԻՔԻ ԱՆԴԱՄԻ` 2022 ԹՎԱԿԱՆԻ ԳՈՒՅՔԻ, ԵԿԱՄՈՒՏՆԵՐԻ ԵՎ ԾԱԽՍԵՐԻ ՀԱՅՏԱՐԱՐԱԳԻՐ",Հակակոռուպցիոն կոմիտե,Հակակոռուպցիոն կոմիտեի քննչական երրորդ վարչության պետի տեղակալ,43
163,163,163,ԱՆՆԱ ՍԱԺԻՆՅԱՆ ԼԵՈՆԻԴԻ,1_2_2_109953,https://registry.cpcarmenia.am/declaration/?id=1_2_2_109953,"ՊԱՇՏՈՆԱՏԱՐ ԱՆՁԻ ԸՆՏԱՆԻՔԻ ԱՆԴԱՄԻ` 2022 ԹՎԱԿԱՆԻ ԳՈՒՅՔԻ, ԵԿԱՄՈՒՏՆԵՐԻ ԵՎ ԾԱԽՍԵՐԻ ՀԱՅՏԱՐԱՐԱԳԻՐ",Հակակոռուպցիոն կոմիտե,Հակակոռուպցիոն կոմիտեի քննչական երրորդ վարչության պետ,43
164,164,164,ԳԱՅԱՆԵ ՍՏԵՓԱՆՅԱՆ ՀԱՅԿԻ,1_2_2_130583,https://registry.cpcarmenia.am/declaration/?id=1_2_2_130583,"ՊԱՇՏՈՆԱՏԱՐ ԱՆՁԻ ԸՆՏԱՆԻՔԻ ԱՆԴԱՄԻ` 2022 ԹՎԱԿԱՆԻ ԳՈՒՅՔԻ, ԵԿԱՄՈՒՏՆԵՐԻ ԵՎ ԾԱԽՍԵՐԻ ՀԱՅՏԱՐԱՐԱԳԻՐ",Հակակոռուպցիոն կոմիտե,Հակակոռուպցիոն կոմիտեի քննչական առաջին վարչության հատկապես կարևոր գործերով ավագ քննիչ,43
165,165,165,ՍՄԲԱՏ ՄԽԻԹԱՐՅԱՆ ԱՏՈՄԻ,1_1_1_105407,https://registry.cpcarmenia.am/declaration/?id=1_1_1_105407,"ՊԱՇՏՈՆԱՏԱՐ ԱՆՁԻ` 2022 ԹՎԱԿԱՆԻ ԳՈՒՅՔԻ, ԵԿԱՄՈՒՏՆԵՐԻ, ԾԱԽՍԵՐԻ ԵՎ ՇԱՀԵՐԻ ՀԱՅՏԱՐԱՐԱԳԻՐ",Հակակոռուպցիոն կոմիտե,Հակակոռուպցիոն կոմիտեի քննչական առաջին վարչության հատկապես կարևոր գործերով ավագ քննիչ,52
166,166,166,ՀԱՅԿ ՍՏԵՓԱՆՅԱՆ ՍԱՆԱՏՐՈՒԿԻ,1_2_2_130582,https://registry.cpcarmenia.am/declaration/?id=1_2_2_130582,"ՊԱՇՏՈՆԱՏԱՐ ԱՆՁԻ ԸՆՏԱՆԻՔԻ ԱՆԴԱՄԻ` 2022 ԹՎԱԿԱՆԻ ԳՈՒՅՔԻ, ԵԿԱՄՈՒՏՆԵՐԻ ԵՎ ԾԱԽՍԵՐԻ ՀԱՅՏԱՐԱՐԱԳԻՐ",Հակակոռուպցիոն կոմիտե,Հակակոռուպցիոն կոմիտեի քննչական առաջին վարչության հատկապես կարևոր գործերով ավագ քննիչ,43
167,167,167,ՍՈՆԱ ՍՏԵՓԱՆՅԱՆ ՀԱՅԿԻ,1_2_2_130585,https://registry.cpcarmenia.am/declaration/?id=1_2_2_130585,"ՊԱՇՏՈՆԱՏԱՐ ԱՆՁԻ ԸՆՏԱՆԻՔԻ ԱՆԴԱՄԻ` 2022 ԹՎԱԿԱՆԻ ԳՈՒՅՔԻ, ԵԿԱՄՈՒՏՆԵՐԻ ԵՎ ԾԱԽՍԵՐԻ ՀԱՅՏԱՐԱՐԱԳԻՐ",Հակակոռուպցիոն կոմիտե,Հակակոռուպցիոն կոմիտեի քննչական առաջին վարչության հատկապես կարևոր գործերով ավագ քննիչ,43
168,168,168,ՀԱՍՄԻԿ ՍՏԵՓԱՆՅԱՆ ՀԱՅԿԻ,1_2_2_130584,https://registry.cpcarmenia.am/declaration/?id=1_2_2_130584,"ՊԱՇՏՈՆԱՏԱՐ ԱՆՁԻ ԸՆՏԱՆԻՔԻ ԱՆԴԱՄԻ` 2022 ԹՎԱԿԱՆԻ ԳՈՒՅՔԻ, ԵԿԱՄՈՒՏՆԵՐԻ ԵՎ ԾԱԽՍԵՐԻ ՀԱՅՏԱՐԱՐԱԳԻՐ",Հակակոռուպցիոն կոմիտե,Հակակոռուպցիոն կոմիտեի քննչական առաջին վարչության հատկապես կարևոր գործերով ավագ քննիչ,43
169,169,169,Նաիրոուհի Խաչատրյան Ֆելիքսի,1_2_2_135642,https://registry.cpcarmenia.am/declaration/?id=1_2_2_135642,"ՊԱՇՏՈՆԱՏԱՐ ԱՆՁԻ ԸՆՏԱՆԻՔԻ ԱՆԴԱՄԻ` 2022 ԹՎԱԿԱՆԻ ԳՈՒՅՔԻ, ԵԿԱՄՈՒՏՆԵՐԻ ԵՎ ԾԱԽՍԵՐԻ ՀԱՅՏԱՐԱՐԱԳԻՐ",Հակակոռուպցիոն կոմիտե,Հակակոռուպցիոն կոմիտեի քննչական երկրորդ վարչության հատկապես կարևոր գործերով ավագ քննիչ,43
170,170,170,ԱՆԱՀԻՏ ԱՎԵՏԻՍՅԱՆ ԿԱՐԵՆԻ,1_2_2_105703,https://registry.cpcarmenia.am/declaration/?id=1_2_2_105703,"ՊԱՇՏՈՆԱՏԱՐ ԱՆՁԻ ԸՆՏԱՆԻՔԻ ԱՆԴԱՄԻ` 2022 ԹՎԱԿԱՆԻ ԳՈՒՅՔԻ, ԵԿԱՄՈՒՏՆԵՐԻ ԵՎ ԾԱԽՍԵՐԻ ՀԱՅՏԱՐԱՐԱԳԻՐ",Հակակոռուպցիոն կոմիտե,Հակակոռուպցիոն կոմիտեի գլխավոր քարտուղարի տեղակալ,43
171,171,171,ՍՏԵՓԱՆ ՆԱԶԱՐՅԱՆ ԼԵՎՈՆԻ,1_1_2_105420,https://registry.cpcarmenia.am/declaration/?id=1_1_2_105420,"ՊԱՇՏՈՆԱՏԱՐ ԱՆՁԻ` 2022 ԹՎԱԿԱՆԻ ԳՈՒՅՔԻ, ԵԿԱՄՈՒՏՆԵՐԻ ԵՎ ԾԱԽՍԵՐԻ ՀԱՅՏԱՐԱՐԱԳԻՐ",Հակակոռուպցիոն կոմիտե,Հակակոռուպցիոն կոմիտեի գլխավոր քարտուղարի տեղակալ,45
172,172,172,ԼԵՌՆԻԿ ՍՏԵՓԱՆՅԱՆ ՀԱՅԿԻ,1_1_1_105429,https://registry.cpcarmenia.am/declaration/?id=1_1_1_105429,"ՊԱՇՏՈՆԱՏԱՐ ԱՆՁԻ` 2022 ԹՎԱԿԱՆԻ ԳՈՒՅՔԻ, ԵԿԱՄՈՒՏՆԵՐԻ, ԾԱԽՍԵՐԻ ԵՎ ՇԱՀԵՐԻ ՀԱՅՏԱՐԱՐԱԳԻՐ",Հակակոռուպցիոն կոմիտե,Հակակոռուպցիոն կոմիտեի քննչական առաջին վարչության հատկապես կարևոր գործերով ավագ քննիչ,52
173,173,173,ՅՈՒՐԻ ՄԿՐՏՉՅԱՆ ԳԵՐԱՍԻՄԻ,1_2_2_109346,https://registry.cpcarmenia.am/declaration/?id=1_2_2_109346,"ՊԱՇՏՈՆԱՏԱՐ ԱՆՁԻ ԸՆՏԱՆԻՔԻ ԱՆԴԱՄԻ` 2022 ԹՎԱԿԱՆԻ ԳՈՒՅՔԻ, ԵԿԱՄՈՒՏՆԵՐԻ ԵՎ ԾԱԽՍԵՐԻ ՀԱՅՏԱՐԱՐԱԳԻՐ",Հակակոռուպցիոն կոմիտե,Հակակոռուպցիոն կոմիտեի գլխավոր քարտուղար,43
174,174,174,ՆԵԼԻ ՓՈԹԵՅԱՆ ՍԵՐԺԻԿԻ,1_2_2_109347,https://registry.cpcarmenia.am/declaration/?id=1_2_2_109347,"ՊԱՇՏՈՆԱՏԱՐ ԱՆՁԻ ԸՆՏԱՆԻՔԻ ԱՆԴԱՄԻ` 2022 ԹՎԱԿԱՆԻ ԳՈՒՅՔԻ, ԵԿԱՄՈՒՏՆԵՐԻ ԵՎ ԾԱԽՍԵՐԻ ՀԱՅՏԱՐԱՐԱԳԻՐ",Հակակոռուպցիոն կոմիտե,Հակակոռուպցիոն կոմիտեի գլխավոր քարտուղար,43
175,175,175,ԳԵՐԱՍԻՄ ՄԿՐՏՉՅԱՆ ՅՈՒՐԻԿԻ,1_1_2_105415,https://registry.cpcarmenia.am/declaration/?id=1_1_2_105415,"ՊԱՇՏՈՆԱՏԱՐ ԱՆՁԻ` 2022 ԹՎԱԿԱՆԻ ԳՈՒՅՔԻ, ԵԿԱՄՈՒՏՆԵՐԻ ԵՎ ԾԱԽՍԵՐԻ ՀԱՅՏԱՐԱՐԱԳԻՐ",Հակակոռուպցիոն կոմիտե,Հակակոռուպցիոն կոմիտեի գլխավոր քարտուղար,45
176,176,176,ԱՆՆԱ ԴԱՆԻԵԼՅԱՆ ՄԱԹԵՎՈՍԻ,1_2_2_134929,https://registry.cpcarmenia.am/declaration/?id=1_2_2_134929,"ՊԱՇՏՈՆԱՏԱՐ ԱՆՁԻ ԸՆՏԱՆԻՔԻ ԱՆԴԱՄԻ` 2022 ԹՎԱԿԱՆԻ ԳՈՒՅՔԻ, ԵԿԱՄՈՒՏՆԵՐԻ ԵՎ ԾԱԽՍԵՐԻ ՀԱՅՏԱՐԱՐԱԳԻՐ",Հակակոռուպցիոն կոմիտե,Հակակոռուպցիոն կոմիտեի ներքին անվտանգության վարչության ավագ քննիչ,43
177,177,177,ԱՆՆԱ ԱՅԴԻՆՅԱՆ ՋԱՎԱԴԻ,1_2_2_105702,https://registry.cpcarmenia.am/declaration/?id=1_2_2_105702,"ՊԱՇՏՈՆԱՏԱՐ ԱՆՁԻ ԸՆՏԱՆԻՔԻ ԱՆԴԱՄԻ` 2022 ԹՎԱԿԱՆԻ ԳՈՒՅՔԻ, ԵԿԱՄՈՒՏՆԵՐԻ ԵՎ ԾԱԽՍԵՐԻ ՀԱՅՏԱՐԱՐԱԳԻՐ",Հակակոռուպցիոն կոմիտե,Հակակոռուպցիոն կոմիտեի քննչական երկրորդ վարչության պետ,43
178,178,178,ԱՐՄԵՆ ԱԴԱՄՅԱՆ ՓԱՇՈՅԻ,1_1_1_105405,https://registry.cpcarmenia.am/declaration/?id=1_1_1_105405,"ՊԱՇՏՈՆԱՏԱՐ ԱՆՁԻ` 2022 ԹՎԱԿԱՆԻ ԳՈՒՅՔԻ, ԵԿԱՄՈՒՏՆԵՐԻ, ԾԱԽՍԵՐԻ ԵՎ ՇԱՀԵՐԻ ՀԱՅՏԱՐԱՐԱԳԻՐ",Հակակոռուպցիոն կոմիտե,Հակակոռուպցիոն կոմիտեի ներքին անվտանգության վարչության ավագ քննիչ,52
179,179,179,ՆԻԿՈԼԱՅ ԲԱՐՍԵՂՅԱՆ ԳԱԳԻԿԻ,1_1_1_102005,https://registry.cpcarmenia.am/declaration/?id=1_1_1_102005,"ՊԱՇՏՈՆԱՏԱՐ ԱՆՁԻ` 2022 ԹՎԱԿԱՆԻ ԳՈՒՅՔԻ, ԵԿԱՄՈՒՏՆԵՐԻ, ԾԱԽՍԵՐԻ ԵՎ ՇԱՀԵՐԻ ՀԱՅՏԱՐԱՐԱԳԻՐ",Հակակոռուպցիոն կոմիտե,Հակակոռուպցիոն կոմիտեի քննչական երկրորդ վարչության հատկապես կարևոր գործերով ավագ քննիչ,52
180,180,180,ՄԵՐԻ ԳՐԻԳՈՐՅԱՆ ԱՐԱՄԻ,3_2_2_136037,https://registry.cpcarmenia.am/declaration/?id=3_2_2_136037,"ՊԱՇՏՈՆԱՏԱՐ ԱՆՁԻ ԸՆՏԱՆԻՔԻ ԱՆԴԱՄԻ` ՊԱՇՏՈՆԱՏԱՐ ԱՆՁԻ ՊԱՇՏՈՆԵԱԿԱՆ ՊԱՐՏԱԿԱՆՈՒԹՅՈՒՆՆԵՐՆ ՍՏԱՆՁՆԵԼՈՒ ԿԱՄ ԴԱԴԱՐԵՑՆԵԼՈՒ ՕՐՎԱ ԴՐՈՒԹՅԱՄԲ ԱՌԿԱ ԳՈՒՅՔԻ, ԵԿԱՄՈՒՏՆԵՐԻ ԵՎ ԾԱԽՍԵՐԻ ՀԱՅՏԱՐԱՐԱԳԻՐ",Հակակոռուպցիոն կոմիտե,ՀՀ ՀԱԿԱԿՈՌՈՒՊՑԻՈՆ ԿՈՄԻՏԵԻ ՆԱԽԱԳԱՀԻ ԽՈՐՀՐԴԱԿԱՆ	,34
181,181,181,ԱՐՏԱՇԵՍ ՄԱԻԼՅԱՆ ՍԱՄՎԵԼԻ,1_1_1_105411,https://registry.cpcarmenia.am/declaration/?id=1_1_1_105411,"ՊԱՇՏՈՆԱՏԱՐ ԱՆՁԻ` 2022 ԹՎԱԿԱՆԻ ԳՈՒՅՔԻ, ԵԿԱՄՈՒՏՆԵՐԻ, ԾԱԽՍԵՐԻ ԵՎ ՇԱՀԵՐԻ ՀԱՅՏԱՐԱՐԱԳԻՐ",Հակակոռուպցիոն կոմիտե,Հակակոռուպցիոն կոմիտեի քննչական երրորդ վարչության հատկապես կարևոր գործերով ավագ քննիչ,52
182,182,182,ԷԴԻԿ ՀԱԿՈԲՅԱՆ ԱՐՄԵՆԱԿԻ,1_1_1_105416,https://registry.cpcarmenia.am/declaration/?id=1_1_1_105416,"ՊԱՇՏՈՆԱՏԱՐ ԱՆՁԻ` 2022 ԹՎԱԿԱՆԻ ԳՈՒՅՔԻ, ԵԿԱՄՈՒՏՆԵՐԻ, ԾԱԽՍԵՐԻ ԵՎ ՇԱՀԵՐԻ ՀԱՅՏԱՐԱՐԱԳԻՐ",Հակակոռուպցիոն կոմիտե,Հակակոռուպցիոն կոմիտեի նախագահի տեղակալ,52
183,183,183,ԳԱԳԻԿ ՄԱՐԿՈՍՅԱՆ ԳԱՐՈՒՆԻ,1_1_2_105428,https://registry.cpcarmenia.am/declaration/?id=1_1_2_105428,"ՊԱՇՏՈՆԱՏԱՐ ԱՆՁԻ` 2022 ԹՎԱԿԱՆԻ ԳՈՒՅՔԻ, ԵԿԱՄՈՒՏՆԵՐԻ ԵՎ ԾԱԽՍԵՐԻ ՀԱՅՏԱՐԱՐԱԳԻՐ",Հակակոռուպցիոն կոմիտե,Հակակոռուպցիոն կոմիտեի նախագահի տեղակալի օգնական,45
184,184,184,ՍՈՒՍԱՆՆԱ ՀՈՎՍԵՓՅԱՆ ԱՐԹՈՒՐԻ,1_2_2_130997,https://registry.cpcarmenia.am/declaration/?id=1_2_2_130997,"ՊԱՇՏՈՆԱՏԱՐ ԱՆՁԻ ԸՆՏԱՆԻՔԻ ԱՆԴԱՄԻ` 2022 ԹՎԱԿԱՆԻ ԳՈՒՅՔԻ, ԵԿԱՄՈՒՏՆԵՐԻ ԵՎ ԾԱԽՍԵՐԻ ՀԱՅՏԱՐԱՐԱԳԻՐ",Հակակոռուպցիոն կոմիտե,Հակակոռուպցիոն կոմիտեի քննչական երրորդ վարչության հատկապես կարևոր գործերով ավագ քննիչ,43
185,185,185,ԱՐԱՄ ՍԱՐԳՍՅԱՆ ՅՈՒՐԱՅԻ,1_1_2_105425,https://registry.cpcarmenia.am/declaration/?id=1_1_2_105425,"ՊԱՇՏՈՆԱՏԱՐ ԱՆՁԻ` 2022 ԹՎԱԿԱՆԻ ԳՈՒՅՔԻ, ԵԿԱՄՈՒՏՆԵՐԻ ԵՎ ԾԱԽՍԵՐԻ ՀԱՅՏԱՐԱՐԱԳԻՐ",Հակակոռուպցիոն կոմիտե,Հակակոռուպցիոն կոմիտեի նախագահի խորհրդական,45
186,186,186,ԿԱՐՈ ԵՆՈՔՅԱՆ ՀՈՎՀԱՆՆԵՍԻ,1_2_2_136092,https://registry.cpcarmenia.am/declaration/?id=1_2_2_136092,"ՊԱՇՏՈՆԱՏԱՐ ԱՆՁԻ ԸՆՏԱՆԻՔԻ ԱՆԴԱՄԻ` 2022 ԹՎԱԿԱՆԻ ԳՈՒՅՔԻ, ԵԿԱՄՈՒՏՆԵՐԻ ԵՎ ԾԱԽՍԵՐԻ ՀԱՅՏԱՐԱՐԱԳԻՐ",Հակակոռուպցիոն կոմիտե,Հակակոռուպցիոն կոմիտեի նախագահի խորհրդական,43
187,187,187,ԱՐՄԵՆ ԵՆՈՔՅԱՆ ՀՈՎՀԱՆՆԵՍԻ,1_2_2_110363,https://registry.cpcarmenia.am/declaration/?id=1_2_2_110363,"ՊԱՇՏՈՆԱՏԱՐ ԱՆՁԻ ԸՆՏԱՆԻՔԻ ԱՆԴԱՄԻ` 2022 ԹՎԱԿԱՆԻ ԳՈՒՅՔԻ, ԵԿԱՄՈՒՏՆԵՐԻ ԵՎ ԾԱԽՍԵՐԻ ՀԱՅՏԱՐԱՐԱԳԻՐ",Հակակոռուպցիոն կոմիտե,Հակակոռուպցիոն կոմիտեի նախագահի խորհրդական,43
188,188,188,ՄԱՐԻԱՄ ԳԵՎՈՐԳՅԱՆ ԶԱՎԵՆԻ,1_2_2_105691,https://registry.cpcarmenia.am/declaration/?id=1_2_2_105691,"ՊԱՇՏՈՆԱՏԱՐ ԱՆՁԻ ԸՆՏԱՆԻՔԻ ԱՆԴԱՄԻ` 2022 ԹՎԱԿԱՆԻ ԳՈՒՅՔԻ, ԵԿԱՄՈՒՏՆԵՐԻ ԵՎ ԾԱԽՍԵՐԻ ՀԱՅՏԱՐԱՐԱԳԻՐ",Հակակոռուպցիոն կոմիտե,Հակակոռուպցիոն կոմիտեի նախագահի խորհրդական,43
189,189,189,ՀՈՎՀԱՆՆԵՍ ԵՆՈՔՅԱՆ ԿԵՆՍԱԲԵՐԻ,1_1_2_105418,https://registry.cpcarmenia.am/declaration/?id=1_1_2_105418,"ՊԱՇՏՈՆԱՏԱՐ ԱՆՁԻ` 2022 ԹՎԱԿԱՆԻ ԳՈՒՅՔԻ, ԵԿԱՄՈՒՏՆԵՐԻ ԵՎ ԾԱԽՍԵՐԻ ՀԱՅՏԱՐԱՐԱԳԻՐ",Հակակոռուպցիոն կոմիտե,Հակակոռուպցիոն կոմիտեի նախագահի խորհրդական,45
190,190,190,ԶԱՐՈՒՀԻ ՍԱՐԳՍՅԱՆ ԳԵՈՐԳԻԻ,1_1_2_105435,https://registry.cpcarmenia.am/declaration/?id=1_1_2_105435,"ՊԱՇՏՈՆԱՏԱՐ ԱՆՁԻ` 2022 ԹՎԱԿԱՆԻ ԳՈՒՅՔԻ, ԵԿԱՄՈՒՏՆԵՐԻ ԵՎ ԾԱԽՍԵՐԻ ՀԱՅՏԱՐԱՐԱԳԻՐ",Հակակոռուպցիոն կոմիտե,Հակակոռուպցիոն կոմիտեի նախագահի օգնական,45
191,191,191,ՔՆԱՐԻԿ ՀԱՐԵՅԱՆ ՍԵՐԳԵՅԻ,1_2_2_105692,https://registry.cpcarmenia.am/declaration/?id=1_2_2_105692,"ՊԱՇՏՈՆԱՏԱՐ ԱՆՁԻ ԸՆՏԱՆԻՔԻ ԱՆԴԱՄԻ` 2022 ԹՎԱԿԱՆԻ ԳՈՒՅՔԻ, ԵԿԱՄՈՒՏՆԵՐԻ ԵՎ ԾԱԽՍԵՐԻ ՀԱՅՏԱՐԱՐԱԳԻՐ",Հակակոռուպցիոն կոմիտե,Հակակոռուպցիոն կոմիտեի քննչական երրորդ վարչության հատկապես կարևոր գործերով ավագ քննիչ,43
192,192,192,ՍՈՒՍԱՆՆԱ ՊԵՏՐՈՍՅԱՆ ՄՆԱՑԱԿԱՆԻ,1_2_2_105693,https://registry.cpcarmenia.am/declaration/?id=1_2_2_105693,"ՊԱՇՏՈՆԱՏԱՐ ԱՆՁԻ ԸՆՏԱՆԻՔԻ ԱՆԴԱՄԻ` 2022 ԹՎԱԿԱՆԻ ԳՈՒՅՔԻ, ԵԿԱՄՈՒՏՆԵՐԻ ԵՎ ԾԱԽՍԵՐԻ ՀԱՅՏԱՐԱՐԱԳԻՐ",Հակակոռուպցիոն կոմիտե,Հակակոռուպցիոն կոմիտեի քննչական երրորդ վարչության հատկապես կարևոր գործերով քննիչ,43
193,193,193,ԱՇՈՏ ՆԻԿՈՂՈՍՅԱՆ ՎԱՐԴԳԵՍԻ,1_2_2_105687,https://registry.cpcarmenia.am/declaration/?id=1_2_2_105687,"ՊԱՇՏՈՆԱՏԱՐ ԱՆՁԻ ԸՆՏԱՆԻՔԻ ԱՆԴԱՄԻ` 2022 ԹՎԱԿԱՆԻ ԳՈՒՅՔԻ, ԵԿԱՄՈՒՏՆԵՐԻ ԵՎ ԾԱԽՍԵՐԻ ՀԱՅՏԱՐԱՐԱԳԻՐ",Հակակոռուպցիոն կոմիտե,Հակակոռուպցիոն կոմիտեի քննչական երրորդ վարչության հատկապես կարևոր գործերով քննիչ,43
194,194,194,ԹԱՄԱՐ ՊԵՏՐՈՍՅԱՆ ՎՐՈՒՅՐԻ,1_2_2_105700,https://registry.cpcarmenia.am/declaration/?id=1_2_2_105700,"ՊԱՇՏՈՆԱՏԱՐ ԱՆՁԻ ԸՆՏԱՆԻՔԻ ԱՆԴԱՄԻ` 2022 ԹՎԱԿԱՆԻ ԳՈՒՅՔԻ, ԵԿԱՄՈՒՏՆԵՐԻ ԵՎ ԾԱԽՍԵՐԻ ՀԱՅՏԱՐԱՐԱԳԻՐ",Հակակոռուպցիոն կոմիտե,Հակակոռուպցիոն կոմիտեի քննչական երրորդ վարչության հատկապես կարևոր գործերով քննիչ,43
195,195,195,ՀՈՎԻԿ ՆԻԿՈՂՈՍՅԱՆ ԱՇՈՏԻ,1_1_1_105431,https://registry.cpcarmenia.am/declaration/?id=1_1_1_105431,"ՊԱՇՏՈՆԱՏԱՐ ԱՆՁԻ` 2022 ԹՎԱԿԱՆԻ ԳՈՒՅՔԻ, ԵԿԱՄՈՒՏՆԵՐԻ, ԾԱԽՍԵՐԻ ԵՎ ՇԱՀԵՐԻ ՀԱՅՏԱՐԱՐԱԳԻՐ",Հակակոռուպցիոն կոմիտե,Հակակոռուպցիոն կոմիտեի քննչական երրորդ վարչության հատկապես կարևոր գործերով քննիչ,52
196,196,196,ՄԱՆԵ ՄԱԿԱՐՅԱՆ ԱՐՍԵՆԻ,1_2_2_105704,https://registry.cpcarmenia.am/declaration/?id=1_2_2_105704,"ՊԱՇՏՈՆԱՏԱՐ ԱՆՁԻ ԸՆՏԱՆԻՔԻ ԱՆԴԱՄԻ` 2022 ԹՎԱԿԱՆԻ ԳՈՒՅՔԻ, ԵԿԱՄՈՒՏՆԵՐԻ ԵՎ ԾԱԽՍԵՐԻ ՀԱՅՏԱՐԱՐԱԳԻՐ",Հակակոռուպցիոն կոմիտե,Հակակոռուպցիոն կոմիտեի քննչական երրորդ վարչության հատկապես կարևոր գործերով քննիչ,43
197,197,197,ԱՐԱՄ ՊՈՂՈՍՅԱՆ ՎԼԱԴԻՄԻՐԻ,1_1_1_105410,https://registry.cpcarmenia.am/declaration/?id=1_1_1_105410,"ՊԱՇՏՈՆԱՏԱՐ ԱՆՁԻ` 2022 ԹՎԱԿԱՆԻ ԳՈՒՅՔԻ, ԵԿԱՄՈՒՏՆԵՐԻ, ԾԱԽՍԵՐԻ ԵՎ ՇԱՀԵՐԻ ՀԱՅՏԱՐԱՐԱԳԻՐ",Հակակոռուպցիոն կոմիտե,Հակակոռուպցիոն կոմիտեի քննչական երրորդ վարչության հատկապես կարևոր գործերով քննիչ,52
198,198,198,ՄՈՒՇԵՂ ԲԱԲԱՅԱՆ ԱՎԵՏԻՔԻ,1_1_1_105427,https://registry.cpcarmenia.am/declaration/?id=1_1_1_105427,"ՊԱՇՏՈՆԱՏԱՐ ԱՆՁԻ` 2022 ԹՎԱԿԱՆԻ ԳՈՒՅՔԻ, ԵԿԱՄՈՒՏՆԵՐԻ, ԾԱԽՍԵՐԻ ԵՎ ՇԱՀԵՐԻ ՀԱՅՏԱՐԱՐԱԳԻՐ",Հակակոռուպցիոն կոմիտե,Հակակոռուպցիոն կոմիտեի նախագահի տեղակալ,52
199,199,199,ԳԵՎՈՐԳ ԲԱԲԱՅԱՆ ՄՈՒՇԵՂԻ,1_2_2_109295,https://registry.cpcarmenia.am/declaration/?id=1_2_2_109295,"ՊԱՇՏՈՆԱՏԱՐ ԱՆՁԻ ԸՆՏԱՆԻՔԻ ԱՆԴԱՄԻ` 2022 ԹՎԱԿԱՆԻ ԳՈՒՅՔԻ, ԵԿԱՄՈՒՏՆԵՐԻ ԵՎ ԾԱԽՍԵՐԻ ՀԱՅՏԱՐԱՐԱԳԻՐ",Հակակոռուպցիոն կոմիտե,Հակակոռուպցիոն կոմիտեի նախագահի տեղակալ,43
200,200,200,ՄԱՐԻԱՄ ԲԱԲԱՅԱՆ ՄՈՒՇԵՂԻ,1_2_2_109298,https://registry.cpcarmenia.am/declaration/?id=1_2_2_109298,"ՊԱՇՏՈՆԱՏԱՐ ԱՆՁԻ ԸՆՏԱՆԻՔԻ ԱՆԴԱՄԻ` 2022 ԹՎԱԿԱՆԻ ԳՈՒՅՔԻ, ԵԿԱՄՈՒՏՆԵՐԻ ԵՎ ԾԱԽՍԵՐԻ ՀԱՅՏԱՐԱՐԱԳԻՐ",Հակակոռուպցիոն կոմիտե,Հակակոռուպցիոն կոմիտեի նախագահի տեղակալ,43
201,201,201,ԱՎԵՏԻՔ ԲԱԲԱՅԱՆ ՄՈՒՇԵՂԻ,1_2_2_109294,https://registry.cpcarmenia.am/declaration/?id=1_2_2_109294,"ՊԱՇՏՈՆԱՏԱՐ ԱՆՁԻ ԸՆՏԱՆԻՔԻ ԱՆԴԱՄԻ` 2022 ԹՎԱԿԱՆԻ ԳՈՒՅՔԻ, ԵԿԱՄՈՒՏՆԵՐԻ ԵՎ ԾԱԽՍԵՐԻ ՀԱՅՏԱՐԱՐԱԳԻՐ",Հակակոռուպցիոն կոմիտե,Հակակոռուպցիոն կոմիտեի նախագահի տեղակալ,43
202,202,202,ԹԱԳՈՒՀԻ ԵՂԻԿՅԱՆ ԳՐԻԳՈՐԻ,1_2_2_109296,https://registry.cpcarmenia.am/declaration/?id=1_2_2_109296,"ՊԱՇՏՈՆԱՏԱՐ ԱՆՁԻ ԸՆՏԱՆԻՔԻ ԱՆԴԱՄԻ` 2022 ԹՎԱԿԱՆԻ ԳՈՒՅՔԻ, ԵԿԱՄՈՒՏՆԵՐԻ ԵՎ ԾԱԽՍԵՐԻ ՀԱՅՏԱՐԱՐԱԳԻՐ",Հակակոռուպցիոն կոմիտե,Հակակոռուպցիոն կոմիտեի նախագահի տեղակալ,43
203,203,203,ԱՆԱՀԻՏ ՄԱՐԳԱՐՅԱՆ ՍԵՐՈԲԻ,1_2_2_109297,https://registry.cpcarmenia.am/declaration/?id=1_2_2_109297,"ՊԱՇՏՈՆԱՏԱՐ ԱՆՁԻ ԸՆՏԱՆԻՔԻ ԱՆԴԱՄԻ` 2022 ԹՎԱԿԱՆԻ ԳՈՒՅՔԻ, ԵԿԱՄՈՒՏՆԵՐԻ ԵՎ ԾԱԽՍԵՐԻ ՀԱՅՏԱՐԱՐԱԳԻՐ",Հակակոռուպցիոն կոմիտե,Հակակոռուպցիոն կոմիտեի նախագահի տեղակալ,43
204,204,204,ՏԱԹԵՎԻԿ ԽԱՉԱՏՐՅԱՆ ՍԱՍՈՒՆԻ,1_2_2_105695,https://registry.cpcarmenia.am/declaration/?id=1_2_2_105695,"ՊԱՇՏՈՆԱՏԱՐ ԱՆՁԻ ԸՆՏԱՆԻՔԻ ԱՆԴԱՄԻ` 2022 ԹՎԱԿԱՆԻ ԳՈՒՅՔԻ, ԵԿԱՄՈՒՏՆԵՐԻ ԵՎ ԾԱԽՍԵՐԻ ՀԱՅՏԱՐԱՐԱԳԻՐ",Հակակոռուպցիոն կոմիտե,Հակակոռուպցիոն կոմիտեի նախագահ,43
205,205,205,ՍԱՍՈՒՆ ԽԱՉԱՏՐՅԱՆ ՄՀԵՐԻ,1_1_1_105414,https://registry.cpcarmenia.am/declaration/?id=1_1_1_105414,"ՊԱՇՏՈՆԱՏԱՐ ԱՆՁԻ` 2022 ԹՎԱԿԱՆԻ ԳՈՒՅՔԻ, ԵԿԱՄՈՒՏՆԵՐԻ, ԾԱԽՍԵՐԻ ԵՎ ՇԱՀԵՐԻ ՀԱՅՏԱՐԱՐԱԳԻՐ",Հակակոռուպցիոն կոմիտե,Հակակոռուպցիոն կոմիտեի նախագահ,52
206,206,206,ԼԻԼԻԹ ԽԱՉԱՏՐՅԱՆ ԳԵՎՈՐԳԻ,1_2_2_135648,https://registry.cpcarmenia.am/declaration/?id=1_2_2_135648,"ՊԱՇՏՈՆԱՏԱՐ ԱՆՁԻ ԸՆՏԱՆԻՔԻ ԱՆԴԱՄԻ` 2022 ԹՎԱԿԱՆԻ ԳՈՒՅՔԻ, ԵԿԱՄՈՒՏՆԵՐԻ ԵՎ ԾԱԽՍԵՐԻ ՀԱՅՏԱՐԱՐԱԳԻՐ",Հակակոռուպցիոն կոմիտե,Հակակոռուպցիոն կոմիտեի նախագահ,43
207,207,207,ՆԱԻՐԱ ԴԱՐԲԻՆՅԱՆ ԳԱԳԻԿԻ,1_2_2_105697,https://registry.cpcarmenia.am/declaration/?id=1_2_2_105697,"ՊԱՇՏՈՆԱՏԱՐ ԱՆՁԻ ԸՆՏԱՆԻՔԻ ԱՆԴԱՄԻ` 2022 ԹՎԱԿԱՆԻ ԳՈՒՅՔԻ, ԵԿԱՄՈՒՏՆԵՐԻ ԵՎ ԾԱԽՍԵՐԻ ՀԱՅՏԱՐԱՐԱԳԻՐ",Հակակոռուպցիոն կոմիտե,Հակակոռուպցիոն կոմիտեի նախագահի տեղակալի օգնական,43
208,208,208,ԹԱՄԱՐԱ ՊՈՂՈՍՅԱՆ ԱՐՏԱԿԻ,1_2_2_130433,https://registry.cpcarmenia.am/declaration/?id=1_2_2_130433,"ՊԱՇՏՈՆԱՏԱՐ ԱՆՁԻ ԸՆՏԱՆԻՔԻ ԱՆԴԱՄԻ` 2022 ԹՎԱԿԱՆԻ ԳՈՒՅՔԻ, ԵԿԱՄՈՒՏՆԵՐԻ ԵՎ ԾԱԽՍԵՐԻ ՀԱՅՏԱՐԱՐԱԳԻՐ",Հակակոռուպցիոն կոմիտե,Հակակոռուպցիոն կոմիտեի նախագահի տեղակալի օգնական,43
209,209,209,ՍՎԵՏԼԱՆԱ ՀԱԿՈԲՅԱՆ ՌԱՆՏԻԿԻ,1_2_2_130281,https://registry.cpcarmenia.am/declaration/?id=1_2_2_130281,"ՊԱՇՏՈՆԱՏԱՐ ԱՆՁԻ ԸՆՏԱՆԻՔԻ ԱՆԴԱՄԻ` 2022 ԹՎԱԿԱՆԻ ԳՈՒՅՔԻ, ԵԿԱՄՈՒՏՆԵՐԻ ԵՎ ԾԱԽՍԵՐԻ ՀԱՅՏԱՐԱՐԱԳԻՐ",Հակակոռուպցիոն կոմիտե,Հակակոռուպցիոն կոմիտեի նախագահի տեղակալ,43
210,210,210,ԱՐՄԵՆԱԿ ՀԱԿՈԲՅԱՆ ԳԱՐԵԳԻՆԻ,1_2_2_129164,https://registry.cpcarmenia.am/declaration/?id=1_2_2_129164,"ՊԱՇՏՈՆԱՏԱՐ ԱՆՁԻ ԸՆՏԱՆԻՔԻ ԱՆԴԱՄԻ` 2022 ԹՎԱԿԱՆԻ ԳՈՒՅՔԻ, ԵԿԱՄՈՒՏՆԵՐԻ ԵՎ ԾԱԽՍԵՐԻ ՀԱՅՏԱՐԱՐԱԳԻՐ",Հակակոռուպցիոն կոմիտե,Հակակոռուպցիոն կոմիտեի նախագահի տեղակալ,43
211,211,211,ԱՐՏԱԿ ՊՈՂՈՍՅԱՆ ՄԿՐՏԻՉԻ,1_1_2_105398,https://registry.cpcarmenia.am/declaration/?id=1_1_2_105398,"ՊԱՇՏՈՆԱՏԱՐ ԱՆՁԻ` 2022 ԹՎԱԿԱՆԻ ԳՈՒՅՔԻ, ԵԿԱՄՈՒՏՆԵՐԻ ԵՎ ԾԱԽՍԵՐԻ ՀԱՅՏԱՐԱՐԱԳԻՐ",Հակակոռուպցիոն կոմիտե,Հակակոռուպցիոն կոմիտեի նախագահի տեղակալի օգնական,45
212,212,212,ԱՆԻ ՄԽԻԿՅԱՆ ՎԱՐԴԱՆԻ,1_1_2_105433,https://registry.cpcarmenia.am/declaration/?id=1_1_2_105433,"ՊԱՇՏՈՆԱՏԱՐ ԱՆՁԻ` 2022 ԹՎԱԿԱՆԻ ԳՈՒՅՔԻ, ԵԿԱՄՈՒՏՆԵՐԻ ԵՎ ԾԱԽՍԵՐԻ ՀԱՅՏԱՐԱՐԱԳԻՐ",Հակակոռուպցիոն կոմիտե,Հակակոռուպցիոն կոմիտեի նախագահի օգնական,45
213,213,213,ՄԱՐՏԻՐՈՍ ԿԱԼԱՉՅԱՆ ԲԵՆՅԱՄԻՆԻ,3_2_2_127996,https://registry.cpcarmenia.am/declaration/?id=3_2_2_127996,"ՊԱՇՏՈՆԱՏԱՐ ԱՆՁԻ ԸՆՏԱՆԻՔԻ ԱՆԴԱՄԻ` ՊԱՇՏՈՆԱՏԱՐ ԱՆՁԻ ՊԱՇՏՈՆԵԱԿԱՆ ՊԱՐՏԱԿԱՆՈՒԹՅՈՒՆՆԵՐՆ ՍՏԱՆՁՆԵԼՈՒ ԿԱՄ ԴԱԴԱՐԵՑՆԵԼՈՒ ՕՐՎԱ ԴՐՈՒԹՅԱՄԲ ԱՌԿԱ ԳՈՒՅՔԻ, ԵԿԱՄՈՒՏՆԵՐԻ ԵՎ ԾԱԽՍԵՐԻ ՀԱՅՏԱՐԱՐԱԳԻՐ",Հակակոռուպցիոն կոմիտե,ՀՀ ՀԱԿԱԿՈՌՈՒՊՑԻՈՆ ԿՈՄԻՏԵԻ ՔՆՆՉԱԿԱՆ ԱՌԱՋԻՆ ՎԱՐՉՈՒԹՅԱՆ ՀԱՏԿԱՊԵՍ ԿԱՐԵՎՈՐ ԳՈՐԾԵՐՈՎ ԱՎԱԳ ՔՆՆԻՉ,34
214,214,214,ՌՈՒԶԱՆ ՂԱԶԱՐՅԱՆ ԳԱՌՆԻԿԻ,3_2_2_127995,https://registry.cpcarmenia.am/declaration/?id=3_2_2_127995,"ՊԱՇՏՈՆԱՏԱՐ ԱՆՁԻ ԸՆՏԱՆԻՔԻ ԱՆԴԱՄԻ` ՊԱՇՏՈՆԱՏԱՐ ԱՆՁԻ ՊԱՇՏՈՆԵԱԿԱՆ ՊԱՐՏԱԿԱՆՈՒԹՅՈՒՆՆԵՐՆ ՍՏԱՆՁՆԵԼՈՒ ԿԱՄ ԴԱԴԱՐԵՑՆԵԼՈՒ ՕՐՎԱ ԴՐՈՒԹՅԱՄԲ ԱՌԿԱ ԳՈՒՅՔԻ, ԵԿԱՄՈՒՏՆԵՐԻ ԵՎ ԾԱԽՍԵՐԻ ՀԱՅՏԱՐԱՐԱԳԻՐ",Հակակոռուպցիոն կոմիտե,ՀՀ ՀԱԿԱԿՈՌՈՒՊՑԻՈՆ ԿՈՄԻՏԵԻ ՔՆՆՉԱԿԱՆ ԱՌԱՋԻՆ ՎԱՐՉՈՒԹՅԱՆ ՀԱՏԿԱՊԵՍ ԿԱՐԵՎՈՐ ԳՈՐԾԵՐՈՎ ԱՎԱԳ ՔՆՆԻՉ,34
215,215,215,ՎԻԼԼԻ ԿԱԼԱՉՅԱՆ ԿԻՄԻ,3_1_1_127970,https://registry.cpcarmenia.am/declaration/?id=3_1_1_127970,"ՊԱՇՏՈՆԱՏԱՐ ԱՆՁԻ ՊԱՇՏՈՆԵԱԿԱՆ ՊԱՐՏԱԿԱՆՈՒԹՅՈՒՆՆԵՐՆ ՍՏԱՆՁՆԵԼՈՒ ԿԱՄ ԴԱԴԱՐԵՑՆԵԼՈՒ ՕՐՎԱ ԴՐՈՒԹՅԱՄԲ ԱՌԿԱ ԳՈՒՅՔԻ, ԵԿԱՄՈՒՏՆԵՐԻ, ԾԱԽՍԵՐԻ ԵՎ ՇԱՀԵՐԻ ՀԱՅՏԱՐԱՐԱԳԻՐ",Հակակոռուպցիոն կոմիտե,ՀՀ ՀԱԿԱԿՈՌՈՒՊՑԻՈՆ ԿՈՄԻՏԵԻ ՔՆՆՉԱԿԱՆ ԱՌԱՋԻՆ ՎԱՐՉՈՒԹՅԱՆ ՀԱՏԿԱՊԵՍ ԿԱՐԵՎՈՐ ԳՈՐԾԵՐՈՎ ԱՎԱԳ ՔՆՆԻՉ,43
216,216,216,ՄԱՐԻԱՆՆԱ ՕՍԻՊՅԱՆ ԱՐԹՈՒՐԻ,3_2_2_127854,https://registry.cpcarmenia.am/declaration/?id=3_2_2_127854,"ՊԱՇՏՈՆԱՏԱՐ ԱՆՁԻ ԸՆՏԱՆԻՔԻ ԱՆԴԱՄԻ` ՊԱՇՏՈՆԱՏԱՐ ԱՆՁԻ ՊԱՇՏՈՆԵԱԿԱՆ ՊԱՐՏԱԿԱՆՈՒԹՅՈՒՆՆԵՐՆ ՍՏԱՆՁՆԵԼՈՒ ԿԱՄ ԴԱԴԱՐԵՑՆԵԼՈՒ ՕՐՎԱ ԴՐՈՒԹՅԱՄԲ ԱՌԿԱ ԳՈՒՅՔԻ, ԵԿԱՄՈՒՏՆԵՐԻ ԵՎ ԾԱԽՍԵՐԻ ՀԱՅՏԱՐԱՐԱԳԻՐ",Հակակոռուպցիոն կոմիտե,ՀՀ ՀԱԿԱԿՈՌՈՒՊՑԻՈՆ ԿՈՄԻՏԵԻ ՔՆՆՉԱԿԱՆ ԵՐՐՈՐԴ ՎԱՐՉՈՒԹՅԱՆ ՀԱՏԿԱՊԵՍ ԿԱՐԵՎՈՐ ԳՈՐԾԵՐՈՎ ԱՎԱԳ ՔՆՆԻՉ,34
217,217,217,ՍԻՄՈՆ ՀԱՐՈՒԹՅՈՒՆՅԱՆ ԳԵՎՈՐԳԻ,3_1_1_127856,https://registry.cpcarmenia.am/declaration/?id=3_1_1_127856,"ՊԱՇՏՈՆԱՏԱՐ ԱՆՁԻ ՊԱՇՏՈՆԵԱԿԱՆ ՊԱՐՏԱԿԱՆՈՒԹՅՈՒՆՆԵՐՆ ՍՏԱՆՁՆԵԼՈՒ ԿԱՄ ԴԱԴԱՐԵՑՆԵԼՈՒ ՕՐՎԱ ԴՐՈՒԹՅԱՄԲ ԱՌԿԱ ԳՈՒՅՔԻ, ԵԿԱՄՈՒՏՆԵՐԻ, ԾԱԽՍԵՐԻ ԵՎ ՇԱՀԵՐԻ ՀԱՅՏԱՐԱՐԱԳԻՐ",Հակակոռուպցիոն կոմիտե,ՀՀ ՀԱԿԱԿՈՌՈՒՊՑԻՈՆ ԿՈՄԻՏԵԻ ՔՆՆՉԱԿԱՆ ԵՐՐՈՐԴ ՎԱՐՉՈՒԹՅԱՆ ՀԱՏԿԱՊԵՍ ԿԱՐԵՎՈՐ ԳՈՐԾԵՐՈՎ ԱՎԱԳ ՔՆՆԻՉ,43
218,218,218,ՄԱՆԵ ՄԱԿԱՐՅԱՆ ԱՐՍԵՆԻ,2_2_2_127716,https://registry.cpcarmenia.am/declaration/?id=2_2_2_127716,"ՊԱՇՏՈՆԱՏԱՐ ԱՆՁԻ ԸՆՏԱՆԻՔԻ ԱՆԴԱՄԻ` ՊԱՇՏՈՆԱՏԱՐ ԱՆՁԻ ՊԱՇՏՈՆԵԱԿԱՆ ՊԱՐՏԱԿԱՆՈՒԹՅՈՒՆՆԵՐՆ ՍՏԱՆՁՆԵԼՈՒ ԿԱՄ ԴԱԴԱՐԵՑՆԵԼՈՒ ՕՐՎԱ ԴՐՈՒԹՅԱՄԲ ԱՌԿԱ ԳՈՒՅՔԻ, ԵԿԱՄՈՒՏՆԵՐԻ ԵՎ ԾԱԽՍԵՐԻ ՀԱՅՏԱՐԱՐԱԳԻՐ",Հակակոռուպցիոն կոմիտե,ՀՀ ՀԱԿԱԿՈՌՈՒՊՑԻՈՆ ԿՈՄԻՏԵԻ ՔՆՆՉԱԿԱՆ ԵՐՐՈՐԴ ՎԱՐՉՈՒԹՅԱՆ ՀԱՏԿԱՊԵՍ ԿԱՐԵՎՈՐ ԳՈՐԾԵՐՈՎ ՔՆՆԻՉ	,25
219,219,219,ՏԻՐՈՒՆ ՊՈՂՈՍՅԱՆ ՄՆԱՑԱԿԱՆԻ,2_2_2_127714,https://registry.cpcarmenia.am/declaration/?id=2_2_2_127714,"ՊԱՇՏՈՆԱՏԱՐ ԱՆՁԻ ԸՆՏԱՆԻՔԻ ԱՆԴԱՄԻ` ՊԱՇՏՈՆԱՏԱՐ ԱՆՁԻ ՊԱՇՏՈՆԵԱԿԱՆ ՊԱՐՏԱԿԱՆՈՒԹՅՈՒՆՆԵՐՆ ՍՏԱՆՁՆԵԼՈՒ ԿԱՄ ԴԱԴԱՐԵՑՆԵԼՈՒ ՕՐՎԱ ԴՐՈՒԹՅԱՄԲ ԱՌԿԱ ԳՈՒՅՔԻ, ԵԿԱՄՈՒՏՆԵՐԻ ԵՎ ԾԱԽՍԵՐԻ ՀԱՅՏԱՐԱՐԱԳԻՐ",Հակակոռուպցիոն կոմիտե,ՀՀ ՀԱԿԱԿՈՌՈՒՊՑԻՈՆ ԿՈՄԻՏԵԻ ՔՆՆՉԱԿԱՆ ԵՐՐՈՐԴ ՎԱՐՉՈՒԹՅԱՆ ՀԱՏԿԱՊԵՍ ԿԱՐԵՎՈՐ ԳՈՐԾԵՐՈՎ ՔՆՆԻՉ	,25
220,220,220,ԱՐՄԵՆ ԱԴԱՄՅԱՆ ՓԱՇՈՅԻ,2_1_1_127689,https://registry.cpcarmenia.am/declaration/?id=2_1_1_127689,"ՊԱՇՏՈՆԱՏԱՐ ԱՆՁԻ ՊԱՇՏՈՆԵԱԿԱՆ ՊԱՐՏԱԿԱՆՈՒԹՅՈՒՆՆԵՐՆ ՍՏԱՆՁՆԵԼՈՒ ԿԱՄ ԴԱԴԱՐԵՑՆԵԼՈՒ ՕՐՎԱ ԴՐՈՒԹՅԱՄԲ ԱՌԿԱ ԳՈՒՅՔԻ, ԵԿԱՄՈՒՏՆԵՐԻ, ԾԱԽՍԵՐԻ ԵՎ ՇԱՀԵՐԻ ՀԱՅՏԱՐԱՐԱԳԻՐ",Հակակոռուպցիոն կոմիտե,ՀՀ ՀԱԿԱԿՈՌՈՒՊՑԻՈՆ ԿՈՄԻՏԵԻ ՆԵՐՔԻՆ ԱՆՎՏԱՆԳՈՒԹՅԱՆ ՎԱՐՉՈՒԹՅԱՆ ԱՎԱԳ ՔՆՆԻՉ	,34
221,221,221,ԼԻԱՆԱ ՍԱՆԹՐՈՍՅԱՆ ՏԻԳՐԱՆԻ,2_1_1_127692,https://registry.cpcarmenia.am/declaration/?id=2_1_1_127692,"ՊԱՇՏՈՆԱՏԱՐ ԱՆՁԻ ՊԱՇՏՈՆԵԱԿԱՆ ՊԱՐՏԱԿԱՆՈՒԹՅՈՒՆՆԵՐՆ ՍՏԱՆՁՆԵԼՈՒ ԿԱՄ ԴԱԴԱՐԵՑՆԵԼՈՒ ՕՐՎԱ ԴՐՈՒԹՅԱՄԲ ԱՌԿԱ ԳՈՒՅՔԻ, ԵԿԱՄՈՒՏՆԵՐԻ, ԾԱԽՍԵՐԻ ԵՎ ՇԱՀԵՐԻ ՀԱՅՏԱՐԱՐԱԳԻՐ",Հակակոռուպցիոն կոմիտե,ՀՀ ՀԱԿԱԿՈՌՈՒՊՑԻՈՆ ԿՈՄԻՏԵԻ ՆԵՐՔԻՆ ԱՆՎՏԱՆԳՈՒԹՅԱՆ ՎԱՐՉՈՒԹՅԱՆ ԱՎԱԳ ՔՆՆԻՉ	,34
222,222,222,ԱՐԱՄ ՊՈՂՈՍՅԱՆ ՎԼԱԴԻՄԻՐԻ,2_1_1_127490,https://registry.cpcarmenia.am/declaration/?id=2_1_1_127490,"ՊԱՇՏՈՆԱՏԱՐ ԱՆՁԻ ՊԱՇՏՈՆԵԱԿԱՆ ՊԱՐՏԱԿԱՆՈՒԹՅՈՒՆՆԵՐՆ ՍՏԱՆՁՆԵԼՈՒ ԿԱՄ ԴԱԴԱՐԵՑՆԵԼՈՒ ՕՐՎԱ ԴՐՈՒԹՅԱՄԲ ԱՌԿԱ ԳՈՒՅՔԻ, ԵԿԱՄՈՒՏՆԵՐԻ, ԾԱԽՍԵՐԻ ԵՎ ՇԱՀԵՐԻ ՀԱՅՏԱՐԱՐԱԳԻՐ",Հակակոռուպցիոն կոմիտե,ՀՀ ՀԱԿԱԿՈՌՈՒՊՑԻՈՆ ԿՈՄԻՏԵԻ ՔՆՆՉԱԿԱՆ ԵՐՐՈՐԴ ՎԱՐՉՈՒԹՅԱՆ ՀԱՏԿԱՊԵՍ ԿԱՐԵՎՈՐ ԳՈՐԾԵՐՈՎ ՔՆՆԻՉ	,34
223,223,223,ՆԱԻՐԱ ԴԱՐԲԻՆՅԱՆ ԳԱԳԻԿԻ,2_2_2_127055,https://registry.cpcarmenia.am/declaration/?id=2_2_2_127055,"ՊԱՇՏՈՆԱՏԱՐ ԱՆՁԻ ԸՆՏԱՆԻՔԻ ԱՆԴԱՄԻ` ՊԱՇՏՈՆԱՏԱՐ ԱՆՁԻ ՊԱՇՏՈՆԵԱԿԱՆ ՊԱՐՏԱԿԱՆՈՒԹՅՈՒՆՆԵՐՆ ՍՏԱՆՁՆԵԼՈՒ ԿԱՄ ԴԱԴԱՐԵՑՆԵԼՈՒ ՕՐՎԱ ԴՐՈՒԹՅԱՄԲ ԱՌԿԱ ԳՈՒՅՔԻ, ԵԿԱՄՈՒՏՆԵՐԻ ԵՎ ԾԱԽՍԵՐԻ ՀԱՅՏԱՐԱՐԱԳԻՐ",Հակակոռուպցիոն կոմիտե,ՀՀ ՀԱԿԱԿՈՌՈՒՊՑԻՈՆ ԿՈՄԻՏԵԻ ՆԱԽԱԳԱՀԻ ՏԵՂԱԿԱԼԻ ՕԳՆԱԿԱՆ,25
224,224,224,ՄԿՐՏԻՉ ՊՈՂՈՍՅԱՆ ԱՎԵՏԻԿԻ,2_2_2_126990,https://registry.cpcarmenia.am/declaration/?id=2_2_2_126990,"ՊԱՇՏՈՆԱՏԱՐ ԱՆՁԻ ԸՆՏԱՆԻՔԻ ԱՆԴԱՄԻ` ՊԱՇՏՈՆԱՏԱՐ ԱՆՁԻ ՊԱՇՏՈՆԵԱԿԱՆ ՊԱՐՏԱԿԱՆՈՒԹՅՈՒՆՆԵՐՆ ՍՏԱՆՁՆԵԼՈՒ ԿԱՄ ԴԱԴԱՐԵՑՆԵԼՈՒ ՕՐՎԱ ԴՐՈՒԹՅԱՄԲ ԱՌԿԱ ԳՈՒՅՔԻ, ԵԿԱՄՈՒՏՆԵՐԻ ԵՎ ԾԱԽՍԵՐԻ ՀԱՅՏԱՐԱՐԱԳԻՐ",Հակակոռուպցիոն կոմիտե,ՀՀ ՀԱԿԱԿՈՌՈՒՊՑԻՈՆ ԿՈՄԻՏԵԻ ՆԱԽԱԳԱՀԻ ՏԵՂԱԿԱԼԻ ՕԳՆԱԿԱՆ,25
225,225,225,ԹԱՄԱՐԱ ՊՈՂՈՍՅԱՆ ԱՐՏԱԿԻ,2_2_2_126989,https://registry.cpcarmenia.am/declaration/?id=2_2_2_126989,"ՊԱՇՏՈՆԱՏԱՐ ԱՆՁԻ ԸՆՏԱՆԻՔԻ ԱՆԴԱՄԻ` ՊԱՇՏՈՆԱՏԱՐ ԱՆՁԻ ՊԱՇՏՈՆԵԱԿԱՆ ՊԱՐՏԱԿԱՆՈՒԹՅՈՒՆՆԵՐՆ ՍՏԱՆՁՆԵԼՈՒ ԿԱՄ ԴԱԴԱՐԵՑՆԵԼՈՒ ՕՐՎԱ ԴՐՈՒԹՅԱՄԲ ԱՌԿԱ ԳՈՒՅՔԻ, ԵԿԱՄՈՒՏՆԵՐԻ ԵՎ ԾԱԽՍԵՐԻ ՀԱՅՏԱՐԱՐԱԳԻՐ",Հակակոռուպցիոն կոմիտե,ՀՀ ՀԱԿԱԿՈՌՈՒՊՑԻՈՆ ԿՈՄԻՏԵԻ ՆԱԽԱԳԱՀԻ ՏԵՂԱԿԱԼԻ ՕԳՆԱԿԱՆ,25
226,226,226,ԱՐՏԱԿ ՊՈՂՈՍՅԱՆ ՄԿՐՏԻՉԻ,2_1_2_126744,https://registry.cpcarmenia.am/declaration/?id=2_1_2_126744,"ՊԱՇՏՈՆԱՏԱՐ ԱՆՁԻ ՊԱՇՏՈՆԵԱԿԱՆ ՊԱՐՏԱԿԱՆՈՒԹՅՈՒՆՆԵՐՆ ՍՏԱՆՁՆԵԼՈՒ ԿԱՄ ԴԱԴԱՐԵՑՆԵԼՈՒ ՕՐՎԱ ԴՐՈՒԹՅԱՄԲ ԱՌԿԱ ԳՈՒՅՔԻ, ԵԿԱՄՈՒՏՆԵՐԻ ԵՎ ԾԱԽՍԵՐԻ ՀԱՅՏԱՐԱՐԱԳԻՐ",Հակակոռուպցիոն կոմիտե,ՀՀ ՀԱԿԱԿՈՌՈՒՊՑԻՈՆ ԿՈՄԻՏԵԻ ՆԱԽԱԳԱՀԻ ՏԵՂԱԿԱԼԻ ՕԳՆԱԿԱՆ,27
227,227,227,ԱՆԱՀԻՏ ԱՎԵՏԻՍՅԱՆ ԿԱՐԵՆԻ,2_2_2_126519,https://registry.cpcarmenia.am/declaration/?id=2_2_2_126519,"ՊԱՇՏՈՆԱՏԱՐ ԱՆՁԻ ԸՆՏԱՆԻՔԻ ԱՆԴԱՄԻ` ՊԱՇՏՈՆԱՏԱՐ ԱՆՁԻ ՊԱՇՏՈՆԵԱԿԱՆ ՊԱՐՏԱԿԱՆՈՒԹՅՈՒՆՆԵՐՆ ՍՏԱՆՁՆԵԼՈՒ ԿԱՄ ԴԱԴԱՐԵՑՆԵԼՈՒ ՕՐՎԱ ԴՐՈՒԹՅԱՄԲ ԱՌԿԱ ԳՈՒՅՔԻ, ԵԿԱՄՈՒՏՆԵՐԻ ԵՎ ԾԱԽՍԵՐԻ ՀԱՅՏԱՐԱՐԱԳԻՐ",Հակակոռուպցիոն կոմիտե,ՀՀ ՀԱԿԱԿՈՌՈՒՊՑԻՈՆ ԿՈՄԻՏԵԻ ԳԼԽԱՎՈՐ ՔԱՐՏՈՒՂԱՐԻ  ՏԵՂԱԿԱԼ,25
228,228,228,ՍՏԵՓԱՆ ՆԱԶԱՐՅԱՆ ԼԵՎՈՆԻ,2_1_2_126390,https://registry.cpcarmenia.am/declaration/?id=2_1_2_126390,"ՊԱՇՏՈՆԱՏԱՐ ԱՆՁԻ ՊԱՇՏՈՆԵԱԿԱՆ ՊԱՐՏԱԿԱՆՈՒԹՅՈՒՆՆԵՐՆ ՍՏԱՆՁՆԵԼՈՒ ԿԱՄ ԴԱԴԱՐԵՑՆԵԼՈՒ ՕՐՎԱ ԴՐՈՒԹՅԱՄԲ ԱՌԿԱ ԳՈՒՅՔԻ, ԵԿԱՄՈՒՏՆԵՐԻ ԵՎ ԾԱԽՍԵՐԻ ՀԱՅՏԱՐԱՐԱԳԻՐ",Հակակոռուպցիոն կոմիտե,ՀՀ ՀԱԿԱԿՈՌՈՒՊՑԻՈՆ ԿՈՄԻՏԵԻ ԳԼԽԱՎՈՐ ՔԱՐՏՈՒՂԱՐԻ  ՏԵՂԱԿԱԼ,27
229,229,229,ՀԱՍՄԻԿ ՄԱՐԿՈՍՅԱՆ ՎԼԱԴԻՄԻՐԻ,2_2_2_124892,https://registry.cpcarmenia.am/declaration/?id=2_2_2_124892,"ՊԱՇՏՈՆԱՏԱՐ ԱՆՁԻ ԸՆՏԱՆԻՔԻ ԱՆԴԱՄԻ` ՊԱՇՏՈՆԱՏԱՐ ԱՆՁԻ ՊԱՇՏՈՆԵԱԿԱՆ ՊԱՐՏԱԿԱՆՈՒԹՅՈՒՆՆԵՐՆ ՍՏԱՆՁՆԵԼՈՒ ԿԱՄ ԴԱԴԱՐԵՑՆԵԼՈՒ ՕՐՎԱ ԴՐՈՒԹՅԱՄԲ ԱՌԿԱ ԳՈՒՅՔԻ, ԵԿԱՄՈՒՏՆԵՐԻ ԵՎ ԾԱԽՍԵՐԻ ՀԱՅՏԱՐԱՐԱԳԻՐ",Հակակոռուպցիոն կոմիտե,ՀՀ ՀԱԿԱԿՈՌՈՒՊՑԻՈՆ ԿՈՄԻՏԵԻ ՆԱԽԱԳԱՀԻ ՏԵՂԱԿԱԼԻ ՕԳՆԱԿԱՆ,25
230,230,230,ԼԻԼԻԹ ՄՈՒՇԵՂՅԱՆ ՎԱՆԻԿԻ,3_2_2_124167,https://registry.cpcarmenia.am/declaration/?id=3_2_2_124167,"ՊԱՇՏՈՆԱՏԱՐ ԱՆՁԻ ԸՆՏԱՆԻՔԻ ԱՆԴԱՄԻ` ՊԱՇՏՈՆԱՏԱՐ ԱՆՁԻ ՊԱՇՏՈՆԵԱԿԱՆ ՊԱՐՏԱԿԱՆՈՒԹՅՈՒՆՆԵՐՆ ՍՏԱՆՁՆԵԼՈՒ ԿԱՄ ԴԱԴԱՐԵՑՆԵԼՈՒ ՕՐՎԱ ԴՐՈՒԹՅԱՄԲ ԱՌԿԱ ԳՈՒՅՔԻ, ԵԿԱՄՈՒՏՆԵՐԻ ԵՎ ԾԱԽՍԵՐԻ ՀԱՅՏԱՐԱՐԱԳԻՐ",Հակակոռուպցիոն կոմիտե,ՀՀ ՀԱԿԱԿՈՌՈՒՊՑԻՈՆ ԿՈՄԻՏԵԻ ՔՆՆՉԱԿԱՆ ԵՐՐՈՐԴ ՎԱՐՉՈՒԹՅԱՆ ՊԵՏ,34
231,231,231,ՀՐԱՉՅԱ ՄՈՒՇԵՂՅԱՆ ՍԻՄՈՆԻԿԻ,3_1_1_124130,https://registry.cpcarmenia.am/declaration/?id=3_1_1_124130,"ՊԱՇՏՈՆԱՏԱՐ ԱՆՁԻ ՊԱՇՏՈՆԵԱԿԱՆ ՊԱՐՏԱԿԱՆՈՒԹՅՈՒՆՆԵՐՆ ՍՏԱՆՁՆԵԼՈՒ ԿԱՄ ԴԱԴԱՐԵՑՆԵԼՈՒ ՕՐՎԱ ԴՐՈՒԹՅԱՄԲ ԱՌԿԱ ԳՈՒՅՔԻ, ԵԿԱՄՈՒՏՆԵՐԻ, ԾԱԽՍԵՐԻ ԵՎ ՇԱՀԵՐԻ ՀԱՅՏԱՐԱՐԱԳԻՐ",Հակակոռուպցիոն կոմիտե,ՀՀ ՀԱԿԱԿՈՌՈՒՊՑԻՈՆ ԿՈՄԻՏԵԻ ՔՆՆՉԱԿԱՆ ԵՐՐՈՐԴ ՎԱՐՉՈՒԹՅԱՆ ՊԵՏ,43
232,232,232,ՌԻՏԱ ԱԼԵՔՍԱՆՅԱՆ ԱԲԳԱՐԻ,2_2_2_123901,https://registry.cpcarmenia.am/declaration/?id=2_2_2_123901,"ՊԱՇՏՈՆԱՏԱՐ ԱՆՁԻ ԸՆՏԱՆԻՔԻ ԱՆԴԱՄԻ` ՊԱՇՏՈՆԱՏԱՐ ԱՆՁԻ ՊԱՇՏՈՆԵԱԿԱՆ ՊԱՐՏԱԿԱՆՈՒԹՅՈՒՆՆԵՐՆ ՍՏԱՆՁՆԵԼՈՒ ԿԱՄ ԴԱԴԱՐԵՑՆԵԼՈՒ ՕՐՎԱ ԴՐՈՒԹՅԱՄԲ ԱՌԿԱ ԳՈՒՅՔԻ, ԵԿԱՄՈՒՏՆԵՐԻ ԵՎ ԾԱԽՍԵՐԻ ՀԱՅՏԱՐԱՐԱԳԻՐ",Հակակոռուպցիոն կոմիտե,ՀՀ ՀԱԿԱԿՈՌՈՒՊՑԻՈՆ ԿՈՄԻՏԵԻ ՆԱԽԱԳԱՀԻ ԽՈՐՀՐԴԱԿԱՆ	,25
233,233,233,ՆԱՐԱ ԳՐԻԳՈՐՅԱՆ ԱՐԾՐՈՒՆԻ,3_2_2_123812,https://registry.cpcarmenia.am/declaration/?id=3_2_2_123812,"ՊԱՇՏՈՆԱՏԱՐ ԱՆՁԻ ԸՆՏԱՆԻՔԻ ԱՆԴԱՄԻ` ՊԱՇՏՈՆԱՏԱՐ ԱՆՁԻ ՊԱՇՏՈՆԵԱԿԱՆ ՊԱՐՏԱԿԱՆՈՒԹՅՈՒՆՆԵՐՆ ՍՏԱՆՁՆԵԼՈՒ ԿԱՄ ԴԱԴԱՐԵՑՆԵԼՈՒ ՕՐՎԱ ԴՐՈՒԹՅԱՄԲ ԱՌԿԱ ԳՈՒՅՔԻ, ԵԿԱՄՈՒՏՆԵՐԻ ԵՎ ԾԱԽՍԵՐԻ ՀԱՅՏԱՐԱՐԱԳԻՐ",Հակակոռուպցիոն կոմիտե,ՀՀ ՀԱԿԱԿՈՌՈՒՊՑԻՈՆ ԿՈՄԻՏԵԻ ՆԱԽԱԳԱՀԻ ԽՈՐՀՐԴԱԿԱՆ	,34
234,234,234,ԳՐԻԳՈՐ ԳՐԻԳՈՐՅԱՆ ԱՐԱՄԻ,3_2_2_123829,https://registry.cpcarmenia.am/declaration/?id=3_2_2_123829,"ՊԱՇՏՈՆԱՏԱՐ ԱՆՁԻ ԸՆՏԱՆԻՔԻ ԱՆԴԱՄԻ` ՊԱՇՏՈՆԱՏԱՐ ԱՆՁԻ ՊԱՇՏՈՆԵԱԿԱՆ ՊԱՐՏԱԿԱՆՈՒԹՅՈՒՆՆԵՐՆ ՍՏԱՆՁՆԵԼՈՒ ԿԱՄ ԴԱԴԱՐԵՑՆԵԼՈՒ ՕՐՎԱ ԴՐՈՒԹՅԱՄԲ ԱՌԿԱ ԳՈՒՅՔԻ, ԵԿԱՄՈՒՏՆԵՐԻ ԵՎ ԾԱԽՍԵՐԻ ՀԱՅՏԱՐԱՐԱԳԻՐ",Հակակոռուպցիոն կոմիտե,ՀՀ ՀԱԿԱԿՈՌՈՒՊՑԻՈՆ ԿՈՄԻՏԵԻ ՆԱԽԱԳԱՀԻ ԽՈՐՀՐԴԱԿԱՆ	,34
235,235,235,ՎԻՈԼԵՏԱ ԳՐԻԳՈՐՅԱՆ ԳՐԻՇԱՅԻ,3_2_2_123811,https://registry.cpcarmenia.am/declaration/?id=3_2_2_123811,"ՊԱՇՏՈՆԱՏԱՐ ԱՆՁԻ ԸՆՏԱՆԻՔԻ ԱՆԴԱՄԻ` ՊԱՇՏՈՆԱՏԱՐ ԱՆՁԻ ՊԱՇՏՈՆԵԱԿԱՆ ՊԱՐՏԱԿԱՆՈՒԹՅՈՒՆՆԵՐՆ ՍՏԱՆՁՆԵԼՈՒ ԿԱՄ ԴԱԴԱՐԵՑՆԵԼՈՒ ՕՐՎԱ ԴՐՈՒԹՅԱՄԲ ԱՌԿԱ ԳՈՒՅՔԻ, ԵԿԱՄՈՒՏՆԵՐԻ ԵՎ ԾԱԽՍԵՐԻ ՀԱՅՏԱՐԱՐԱԳԻՐ",Հակակոռուպցիոն կոմիտե,ՀՀ ՀԱԿԱԿՈՌՈՒՊՑԻՈՆ ԿՈՄԻՏԵԻ ՆԱԽԱԳԱՀԻ ԽՈՐՀՐԴԱԿԱՆ	,34
236,236,236,ԱՐԱՄ ԳՐԻԳՈՐՅԱՆ ԳՐԻՇԱՅԻ,3_1_2_123706,https://registry.cpcarmenia.am/declaration/?id=3_1_2_123706,"ՊԱՇՏՈՆԱՏԱՐ ԱՆՁԻ ՊԱՇՏՈՆԵԱԿԱՆ ՊԱՐՏԱԿԱՆՈՒԹՅՈՒՆՆԵՐՆ ՍՏԱՆՁՆԵԼՈՒ ԿԱՄ ԴԱԴԱՐԵՑՆԵԼՈՒ ՕՐՎԱ ԴՐՈՒԹՅԱՄԲ ԱՌԿԱ ԳՈՒՅՔԻ, ԵԿԱՄՈՒՏՆԵՐԻ ԵՎ ԾԱԽՍԵՐԻ ՀԱՅՏԱՐԱՐԱԳԻՐ",Հակակոռուպցիոն կոմիտե,ՀՀ ՀԱԿԱԿՈՌՈՒՊՑԻՈՆ ԿՈՄԻՏԵԻ ՆԱԽԱԳԱՀԻ ԽՈՐՀՐԴԱԿԱՆ	,36
237,237,237,ԱՐԱՄ ՍԱՐԳՍՅԱՆ ՅՈՒՐԱՅԻ,2_1_2_123547,https://registry.cpcarmenia.am/declaration/?id=2_1_2_123547,"ՊԱՇՏՈՆԱՏԱՐ ԱՆՁԻ ՊԱՇՏՈՆԵԱԿԱՆ ՊԱՐՏԱԿԱՆՈՒԹՅՈՒՆՆԵՐՆ ՍՏԱՆՁՆԵԼՈՒ ԿԱՄ ԴԱԴԱՐԵՑՆԵԼՈՒ ՕՐՎԱ ԴՐՈՒԹՅԱՄԲ ԱՌԿԱ ԳՈՒՅՔԻ, ԵԿԱՄՈՒՏՆԵՐԻ ԵՎ ԾԱԽՍԵՐԻ ՀԱՅՏԱՐԱՐԱԳԻՐ",Հակակոռուպցիոն կոմիտե,ՀՀ ՀԱԿԱԿՈՌՈՒՊՑԻՈՆ ԿՈՄԻՏԵԻ ՆԱԽԱԳԱՀԻ ԽՈՐՀՐԴԱԿԱՆ	,27
238,238,238,ՍԵՎԱԿ ԲԱՂԴՅԱՆ ԱՐՄԵՆԻ,1_2_2_137776,https://registry.cpcarmenia.am/declaration/?id=1_2_2_137776,"ՊԱՇՏՈՆԱՏԱՐ ԱՆՁԻ ԸՆՏԱՆԻՔԻ ԱՆԴԱՄԻ` 2022 ԹՎԱԿԱՆԻ ԳՈՒՅՔԻ, ԵԿԱՄՈՒՏՆԵՐԻ ԵՎ ԾԱԽՍԵՐԻ ՀԱՅՏԱՐԱՐԱԳԻՐ",Կոռուպցիայի կանխարգելման հանձնաժողով,Կոռուպցիայի կանխարգելման հանձնաժողովի անդամ,43
239,239,239,ԼԻԼԻԹ ԱԼԵՔՍԱՆՅԱՆ ԿԱՐԵՆԻ,1_1_1_105268,https://registry.cpcarmenia.am/declaration/?id=1_1_1_105268,"ՊԱՇՏՈՆԱՏԱՐ ԱՆՁԻ` 2022 ԹՎԱԿԱՆԻ ԳՈՒՅՔԻ, ԵԿԱՄՈՒՏՆԵՐԻ, ԾԱԽՍԵՐԻ ԵՎ ՇԱՀԵՐԻ ՀԱՅՏԱՐԱՐԱԳԻՐ",Կոռուպցիայի կանխարգելման հանձնաժողով,Կոռուպցիայի կանխարգելման հանձնաժողովի անդամ,52
240,240,240,ՀԱՍՄԻԿ ՀԱՐՈՒԹՅՈՒՆՅԱՆ ՀԱՅԿԻ,1_2_2_138192,https://registry.cpcarmenia.am/declaration/?id=1_2_2_138192,"ՊԱՇՏՈՆԱՏԱՐ ԱՆՁԻ ԸՆՏԱՆԻՔԻ ԱՆԴԱՄԻ` 2022 ԹՎԱԿԱՆԻ ԳՈՒՅՔԻ, ԵԿԱՄՈՒՏՆԵՐԻ ԵՎ ԾԱԽՍԵՐԻ ՀԱՅՏԱՐԱՐԱԳԻՐ",Կոռուպցիայի կանխարգելման հանձնաժողով,Կոռուպցիայի կանխարգելման հանձնաժողովի նախագահ,43
241,241,241,ՀԱՅԿ ՀԱՐՈՒԹՅՈՒՆՅԱՆ ՍԱՆԱՍԱՐԻ,1_2_2_138191,https://registry.cpcarmenia.am/declaration/?id=1_2_2_138191,"ՊԱՇՏՈՆԱՏԱՐ ԱՆՁԻ ԸՆՏԱՆԻՔԻ ԱՆԴԱՄԻ` 2022 ԹՎԱԿԱՆԻ ԳՈՒՅՔԻ, ԵԿԱՄՈՒՏՆԵՐԻ ԵՎ ԾԱԽՍԵՐԻ ՀԱՅՏԱՐԱՐԱԳԻՐ",Կոռուպցիայի կանխարգելման հանձնաժողով,Կոռուպցիայի կանխարգելման հանձնաժողովի նախագահ,43
242,242,242,ԼՈՒՅՍԱՆՈՒՇ ՀԱՐՈՒԹՅՈՒՆՅԱՆ ՍՊԱՐՏԱԿԻ,1_2_2_138194,https://registry.cpcarmenia.am/declaration/?id=1_2_2_138194,"ՊԱՇՏՈՆԱՏԱՐ ԱՆՁԻ ԸՆՏԱՆԻՔԻ ԱՆԴԱՄԻ` 2022 ԹՎԱԿԱՆԻ ԳՈՒՅՔԻ, ԵԿԱՄՈՒՏՆԵՐԻ ԵՎ ԾԱԽՍԵՐԻ ՀԱՅՏԱՐԱՐԱԳԻՐ",Կոռուպցիայի կանխարգելման հանձնաժողով,Կոռուպցիայի կանխարգելման հանձնաժողովի նախագահ,43
243,243,243,ՀԱՅԿՈՒՀԻ ՀԱՐՈՒԹՅՈՒՆՅԱՆ ՀԱՅԿԻ,1_1_1_105266,https://registry.cpcarmenia.am/declaration/?id=1_1_1_105266,"ՊԱՇՏՈՆԱՏԱՐ ԱՆՁԻ` 2022 ԹՎԱԿԱՆԻ ԳՈՒՅՔԻ, ԵԿԱՄՈՒՏՆԵՐԻ, ԾԱԽՍԵՐԻ ԵՎ ՇԱՀԵՐԻ ՀԱՅՏԱՐԱՐԱԳԻՐ",Կոռուպցիայի կանխարգելման հանձնաժողով,Կոռուպցիայի կանխարգելման հանձնաժողովի նախագահ,52
244,244,244,ՍՈՒՍԱՆՆԱ ԱՂԱԲԱԲՅԱՆ ՎԱՐԴԱՆԻ,1_2_2_103393,https://registry.cpcarmenia.am/declaration/?id=1_2_2_103393,"ՊԱՇՏՈՆԱՏԱՐ ԱՆՁԻ ԸՆՏԱՆԻՔԻ ԱՆԴԱՄԻ` 2022 ԹՎԱԿԱՆԻ ԳՈՒՅՔԻ, ԵԿԱՄՈՒՏՆԵՐԻ ԵՎ ԾԱԽՍԵՐԻ ՀԱՅՏԱՐԱՐԱԳԻՐ",Կոռուպցիայի կանխարգելման հանձնաժողով,Կոռուպցիայի կանխարգելման հանձնաժողովի անդամի օգնական,43
245,245,245,ԱՆԻ ԹՈՐՈՍՅԱՆ ՇԻՐԱԿԻ,1_2_2_103523,https://registry.cpcarmenia.am/declaration/?id=1_2_2_103523,"ՊԱՇՏՈՆԱՏԱՐ ԱՆՁԻ ԸՆՏԱՆԻՔԻ ԱՆԴԱՄԻ` 2022 ԹՎԱԿԱՆԻ ԳՈՒՅՔԻ, ԵԿԱՄՈՒՏՆԵՐԻ ԵՎ ԾԱԽՍԵՐԻ ՀԱՅՏԱՐԱՐԱԳԻՐ",Կոռուպցիայի կանխարգելման հանձնաժողով,Կոռուպցիայի կանխարգելման հանձնաժողովի անդամի օգնական,43
246,246,246,ԱՐԵՎԻԿ ԹՈՐՈՍՅԱՆ ՇԻՐԱԿԻ,1_1_2_103431,https://registry.cpcarmenia.am/declaration/?id=1_1_2_103431,"ՊԱՇՏՈՆԱՏԱՐ ԱՆՁԻ` 2022 ԹՎԱԿԱՆԻ ԳՈՒՅՔԻ, ԵԿԱՄՈՒՏՆԵՐԻ ԵՎ ԾԱԽՍԵՐԻ ՀԱՅՏԱՐԱՐԱԳԻՐ",Կոռուպցիայի կանխարգելման հանձնաժողով,Կոռուպցիայի կանխարգելման հանձնաժողովի անդամի օգնական,45
247,247,247,ՆԱՐԵԿ ՀԱՄԲԱՐՁՈՒՄՅԱՆ ԳԱԳԻԿԻ,1_1_1_105259,https://registry.cpcarmenia.am/declaration/?id=1_1_1_105259,"ՊԱՇՏՈՆԱՏԱՐ ԱՆՁԻ` 2022 ԹՎԱԿԱՆԻ ԳՈՒՅՔԻ, ԵԿԱՄՈՒՏՆԵՐԻ, ԾԱԽՍԵՐԻ ԵՎ ՇԱՀԵՐԻ ՀԱՅՏԱՐԱՐԱԳԻՐ",Կոռուպցիայի կանխարգելման հանձնաժողով,Կոռուպցիայի կանխարգելման հանձնաժողովի անդամ,52
248,248,248,ՆԵԼԼԻ ԱՍԱՏՐՅԱՆ ՎԼԱԴԻՄԻՐԻ,1_2_2_105263,https://registry.cpcarmenia.am/declaration/?id=1_2_2_105263,"ՊԱՇՏՈՆԱՏԱՐ ԱՆՁԻ ԸՆՏԱՆԻՔԻ ԱՆԴԱՄԻ` 2022 ԹՎԱԿԱՆԻ ԳՈՒՅՔԻ, ԵԿԱՄՈՒՏՆԵՐԻ ԵՎ ԾԱԽՍԵՐԻ ՀԱՅՏԱՐԱՐԱԳԻՐ",Կոռուպցիայի կանխարգելման հանձնաժողով,Կոռուպցիայի կանխարգելման հանձնաժողովի անդամ,43
249,249,249,ԱԼՎԱՐԴ ՄԱՐՏԻՐՈՍՅԱՆ ՍԱՐԳՍԻ,1_2_2_137676,https://registry.cpcarmenia.am/declaration/?id=1_2_2_137676,"ՊԱՇՏՈՆԱՏԱՐ ԱՆՁԻ ԸՆՏԱՆԻՔԻ ԱՆԴԱՄԻ` 2022 ԹՎԱԿԱՆԻ ԳՈՒՅՔԻ, ԵԿԱՄՈՒՏՆԵՐԻ ԵՎ ԾԱԽՍԵՐԻ ՀԱՅՏԱՐԱՐԱԳԻՐ",Կոռուպցիայի կանխարգելման հանձնաժողով,Կոռուպցիայի կանխարգելման հանձնաժողովի նախագահի օգնական ,43
250,250,250,ՀԱՅԿ ՄԱՐՏԻՐՈՍՅԱՆ ԾԵՐՈՒՆԻ,1_2_2_137675,https://registry.cpcarmenia.am/declaration/?id=1_2_2_137675,"ՊԱՇՏՈՆԱՏԱՐ ԱՆՁԻ ԸՆՏԱՆԻՔԻ ԱՆԴԱՄԻ` 2022 ԹՎԱԿԱՆԻ ԳՈՒՅՔԻ, ԵԿԱՄՈՒՏՆԵՐԻ ԵՎ ԾԱԽՍԵՐԻ ՀԱՅՏԱՐԱՐԱԳԻՐ",Կոռուպցիայի կանխարգելման հանձնաժողով,Կոռուպցիայի կանխարգելման հանձնաժողովի նախագահի օգնական ,43
251,251,251,ՆԱՐԻՆԵ ՄԿՐՏՉՅԱՆ ՆՎԵՐԻ,1_1_2_105270,https://registry.cpcarmenia.am/declaration/?id=1_1_2_105270,"ՊԱՇՏՈՆԱՏԱՐ ԱՆՁԻ` 2022 ԹՎԱԿԱՆԻ ԳՈՒՅՔԻ, ԵԿԱՄՈՒՏՆԵՐԻ ԵՎ ԾԱԽՍԵՐԻ ՀԱՅՏԱՐԱՐԱԳԻՐ",Կոռուպցիայի կանխարգելման հանձնաժողով,Կոռուպցիայի կանխարգելման հանձնաժողովի գլխավոր քարտուղար,45
252,252,252,ՆԱԻՐԻ ՄԻՐԶՈՅԱՆ ՀԱՄԼԵՏԻ,1_1_2_105260,https://registry.cpcarmenia.am/declaration/?id=1_1_2_105260,"ՊԱՇՏՈՆԱՏԱՐ ԱՆՁԻ` 2022 ԹՎԱԿԱՆԻ ԳՈՒՅՔԻ, ԵԿԱՄՈՒՏՆԵՐԻ ԵՎ ԾԱԽՍԵՐԻ ՀԱՅՏԱՐԱՐԱԳԻՐ",Կոռուպցիայի կանխարգելման հանձնաժողով,Կոռուպցիայի կանխարգելման հանձնաժողովի անդամի օգնական,45
253,253,253,ՄԱՐԻԱՄ ԳԱԼՍՏՅԱՆ ԿԱՐԵՆԻ,1_1_1_105265,https://registry.cpcarmenia.am/declaration/?id=1_1_1_105265,"ՊԱՇՏՈՆԱՏԱՐ ԱՆՁԻ` 2022 ԹՎԱԿԱՆԻ ԳՈՒՅՔԻ, ԵԿԱՄՈՒՏՆԵՐԻ, ԾԱԽՍԵՐԻ ԵՎ ՇԱՀԵՐԻ ՀԱՅՏԱՐԱՐԱԳԻՐ",Կոռուպցիայի կանխարգելման հանձնաժողով,Կոռուպցիայի կանխարգելման հանձնաժողովի անդամ,52
254,254,254,ԱՆՆԱ ՄԱՐՏԻՐՈՍՅԱՆ ՀԱՅԿԻ,1_1_2_105264,https://registry.cpcarmenia.am/declaration/?id=1_1_2_105264,"ՊԱՇՏՈՆԱՏԱՐ ԱՆՁԻ` 2022 ԹՎԱԿԱՆԻ ԳՈՒՅՔԻ, ԵԿԱՄՈՒՏՆԵՐԻ ԵՎ ԾԱԽՍԵՐԻ ՀԱՅՏԱՐԱՐԱԳԻՐ",Կոռուպցիայի կանխարգելման հանձնաժողով,Կոռուպցիայի կանխարգելման հանձնաժողովի նախագահի օգնական ,45
255,255,255,ԾՈՎԻՆԱՐ ՄԱՐԳԱՐՅԱՆ ՀԵՆՐԻԿԻ,1_1_2_105267,https://registry.cpcarmenia.am/declaration/?id=1_1_2_105267,"ՊԱՇՏՈՆԱՏԱՐ ԱՆՁԻ` 2022 ԹՎԱԿԱՆԻ ԳՈՒՅՔԻ, ԵԿԱՄՈՒՏՆԵՐԻ ԵՎ ԾԱԽՍԵՐԻ ՀԱՅՏԱՐԱՐԱԳԻՐ",Կոռուպցիայի կանխարգելման հանձնաժողով,Կոռուպցիայի կանխարգելման հանձնաժողովի նախագահի օգնական,45
256,256,256,ՄԱՐԳԱՐԻՏԱ ՍԱՀԱԿՅԱՆ ՖՐԻԴՐԻԽԻ,1_2_2_105269,https://registry.cpcarmenia.am/declaration/?id=1_2_2_105269,"ՊԱՇՏՈՆԱՏԱՐ ԱՆՁԻ ԸՆՏԱՆԻՔԻ ԱՆԴԱՄԻ` 2022 ԹՎԱԿԱՆԻ ԳՈՒՅՔԻ, ԵԿԱՄՈՒՏՆԵՐԻ ԵՎ ԾԱԽՍԵՐԻ ՀԱՅՏԱՐԱՐԱԳԻՐ",Կոռուպցիայի կանխարգելման հանձնաժողով,Կոռուպցիայի կանխարգելման հանձնաժողովի անդամ,43
257,257,257,ՍԵԼԵՍՏԱ ԲԱՂԴԱՍԱՐՅԱՆ ՍԱՐԳՍԻ,3_1_2_128711,https://registry.cpcarmenia.am/declaration/?id=3_1_2_128711,"ՊԱՇՏՈՆԱՏԱՐ ԱՆՁԻ ՊԱՇՏՈՆԵԱԿԱՆ ՊԱՐՏԱԿԱՆՈՒԹՅՈՒՆՆԵՐՆ ՍՏԱՆՁՆԵԼՈՒ ԿԱՄ ԴԱԴԱՐԵՑՆԵԼՈՒ ՕՐՎԱ ԴՐՈՒԹՅԱՄԲ ԱՌԿԱ ԳՈՒՅՔԻ, ԵԿԱՄՈՒՏՆԵՐԻ ԵՎ ԾԱԽՍԵՐԻ ՀԱՅՏԱՐԱՐԱԳԻՐ",Կոռուպցիայի կանխարգելման հանձնաժողով,Կոռուպցիայի կանխարգելման հանձնաժողովի անդամի օգնական,36
258,258,258,ՀԱՅԿ ՄԱՐՏԻՐՈՍՅԱՆ ԾԵՐՈՒՆԻ,2_2_2_128569,https://registry.cpcarmenia.am/declaration/?id=2_2_2_128569,"ՊԱՇՏՈՆԱՏԱՐ ԱՆՁԻ ԸՆՏԱՆԻՔԻ ԱՆԴԱՄԻ` ՊԱՇՏՈՆԱՏԱՐ ԱՆՁԻ ՊԱՇՏՈՆԵԱԿԱՆ ՊԱՐՏԱԿԱՆՈՒԹՅՈՒՆՆԵՐՆ ՍՏԱՆՁՆԵԼՈՒ ԿԱՄ ԴԱԴԱՐԵՑՆԵԼՈՒ ՕՐՎԱ ԴՐՈՒԹՅԱՄԲ ԱՌԿԱ ԳՈՒՅՔԻ, ԵԿԱՄՈՒՏՆԵՐԻ ԵՎ ԾԱԽՍԵՐԻ ՀԱՅՏԱՐԱՐԱԳԻՐ",Կոռուպցիայի կանխարգելման հանձնաժողով,Կոռուպցիայի կանխարգելման հանձնաժողովի նախագահի օգնական ,25
259,259,259,ԱԼՎԱՐԴ ՄԱՐՏԻՐՈՍՅԱՆ ՍԱՐԳՍԻ,2_2_2_128582,https://registry.cpcarmenia.am/declaration/?id=2_2_2_128582,"ՊԱՇՏՈՆԱՏԱՐ ԱՆՁԻ ԸՆՏԱՆԻՔԻ ԱՆԴԱՄԻ` ՊԱՇՏՈՆԱՏԱՐ ԱՆՁԻ ՊԱՇՏՈՆԵԱԿԱՆ ՊԱՐՏԱԿԱՆՈՒԹՅՈՒՆՆԵՐՆ ՍՏԱՆՁՆԵԼՈՒ ԿԱՄ ԴԱԴԱՐԵՑՆԵԼՈՒ ՕՐՎԱ ԴՐՈՒԹՅԱՄԲ ԱՌԿԱ ԳՈՒՅՔԻ, ԵԿԱՄՈՒՏՆԵՐԻ ԵՎ ԾԱԽՍԵՐԻ ՀԱՅՏԱՐԱՐԱԳԻՐ",Կոռուպցիայի կանխարգելման հանձնաժողով,Կոռուպցիայի կանխարգելման հանձնաժողովի նախագահի օգնական ,25
260,260,260,ԱՆՆԱ ՄԱՐՏԻՐՈՍՅԱՆ ՀԱՅԿԻ,2_1_2_128583,https://registry.cpcarmenia.am/declaration/?id=2_1_2_128583,"ՊԱՇՏՈՆԱՏԱՐ ԱՆՁԻ ՊԱՇՏՈՆԵԱԿԱՆ ՊԱՐՏԱԿԱՆՈՒԹՅՈՒՆՆԵՐՆ ՍՏԱՆՁՆԵԼՈՒ ԿԱՄ ԴԱԴԱՐԵՑՆԵԼՈՒ ՕՐՎԱ ԴՐՈՒԹՅԱՄԲ ԱՌԿԱ ԳՈՒՅՔԻ, ԵԿԱՄՈՒՏՆԵՐԻ ԵՎ ԾԱԽՍԵՐԻ ՀԱՅՏԱՐԱՐԱԳԻՐ",Կոռուպցիայի կանխարգելման հանձնաժողով,Կոռուպցիայի կանխարգելման հանձնաժողովի նախագահի օգնական ,27
261,261,261,ԱՆՆԱ ՄԱՐՏԻՐՈՍՅԱՆ ՀԱՅԿԻ,2_1_2_128550,https://registry.cpcarmenia.am/declaration/?id=2_1_2_128550,"ՊԱՇՏՈՆԱՏԱՐ ԱՆՁԻ ՊԱՇՏՈՆԵԱԿԱՆ ՊԱՐՏԱԿԱՆՈՒԹՅՈՒՆՆԵՐՆ ՍՏԱՆՁՆԵԼՈՒ ԿԱՄ ԴԱԴԱՐԵՑՆԵԼՈՒ ՕՐՎԱ ԴՐՈՒԹՅԱՄԲ ԱՌԿԱ ԳՈՒՅՔԻ, ԵԿԱՄՈՒՏՆԵՐԻ ԵՎ ԾԱԽՍԵՐԻ ՀԱՅՏԱՐԱՐԱԳԻՐ",Կոռուպցիայի կանխարգելման հանձնաժողով,Կոռուպցիայի կանխարգելման հանձնաժողովի նախագահի օգնական ,27
262,262,262,ՍԵԴԱ ՀԱՐՈՒԹՅՈՒՆՅԱՆ ԿԱՄՈՅԻ,3_1_2_128266,https://registry.cpcarmenia.am/declaration/?id=3_1_2_128266,"ՊԱՇՏՈՆԱՏԱՐ ԱՆՁԻ ՊԱՇՏՈՆԵԱԿԱՆ ՊԱՐՏԱԿԱՆՈՒԹՅՈՒՆՆԵՐՆ ՍՏԱՆՁՆԵԼՈՒ ԿԱՄ ԴԱԴԱՐԵՑՆԵԼՈՒ ՕՐՎԱ ԴՐՈՒԹՅԱՄԲ ԱՌԿԱ ԳՈՒՅՔԻ, ԵԿԱՄՈՒՏՆԵՐԻ ԵՎ ԾԱԽՍԵՐԻ ՀԱՅՏԱՐԱՐԱԳԻՐ",Կոռուպցիայի կանխարգելման հանձնաժողով,Կոռուպցիայի կանխարգելման հանձնաժողովի անդամի օգնական,36
263,263,263,ԼԻԼԻԹ ԳԱԼՅԱՆ ՀՈՎՀԱՆՆԵՍԻ,3_2_2_128177,https://registry.cpcarmenia.am/declaration/?id=3_2_2_128177,"ՊԱՇՏՈՆԱՏԱՐ ԱՆՁԻ ԸՆՏԱՆԻՔԻ ԱՆԴԱՄԻ` ՊԱՇՏՈՆԱՏԱՐ ԱՆՁԻ ՊԱՇՏՈՆԵԱԿԱՆ ՊԱՐՏԱԿԱՆՈՒԹՅՈՒՆՆԵՐՆ ՍՏԱՆՁՆԵԼՈՒ ԿԱՄ ԴԱԴԱՐԵՑՆԵԼՈՒ ՕՐՎԱ ԴՐՈՒԹՅԱՄԲ ԱՌԿԱ ԳՈՒՅՔԻ, ԵԿԱՄՈՒՏՆԵՐԻ ԵՎ ԾԱԽՍԵՐԻ ՀԱՅՏԱՐԱՐԱԳԻՐ",Կոռուպցիայի կանխարգելման հանձնաժողով,Կոռուպցիայի կանխարգելման հանձնաժողովի անդամ,34
264,264,264,ԱՐԱՄԱՅԻՍ ՓԱՇԻՆՅԱՆ ՎԻԿՏՈՐԻ,3_1_1_127900,https://registry.cpcarmenia.am/declaration/?id=3_1_1_127900,"ՊԱՇՏՈՆԱՏԱՐ ԱՆՁԻ ՊԱՇՏՈՆԵԱԿԱՆ ՊԱՐՏԱԿԱՆՈՒԹՅՈՒՆՆԵՐՆ ՍՏԱՆՁՆԵԼՈՒ ԿԱՄ ԴԱԴԱՐԵՑՆԵԼՈՒ ՕՐՎԱ ԴՐՈՒԹՅԱՄԲ ԱՌԿԱ ԳՈՒՅՔԻ, ԵԿԱՄՈՒՏՆԵՐԻ, ԾԱԽՍԵՐԻ ԵՎ ՇԱՀԵՐԻ ՀԱՅՏԱՐԱՐԱԳԻՐ",Կոռուպցիայի կանխարգելման հանձնաժողով,Կոռուպցիայի կանխարգելման հանձնաժողովի անդամ,43
265,265,265,ՍՏԵՓԱՆ ԴԱՎԹՅԱՆ ԱՐՄԵՆԻ,3_1_2_127554,https://registry.cpcarmenia.am/declaration/?id=3_1_2_127554,"ՊԱՇՏՈՆԱՏԱՐ ԱՆՁԻ ՊԱՇՏՈՆԵԱԿԱՆ ՊԱՐՏԱԿԱՆՈՒԹՅՈՒՆՆԵՐՆ ՍՏԱՆՁՆԵԼՈՒ ԿԱՄ ԴԱԴԱՐԵՑՆԵԼՈՒ ՕՐՎԱ ԴՐՈՒԹՅԱՄԲ ԱՌԿԱ ԳՈՒՅՔԻ, ԵԿԱՄՈՒՏՆԵՐԻ ԵՎ ԾԱԽՍԵՐԻ ՀԱՅՏԱՐԱՐԱԳԻՐ",Կոռուպցիայի կանխարգելման հանձնաժողով,Կոռուպցիայի կանխարգելման հանձնաժողովի գլխավոր քարտուղար,36
266,266,266,ԱՆԱՀԻՏ ԿՈՊՅԱՆ ՌՈԲԵՐՏԻ,3_2_2_127565,https://registry.cpcarmenia.am/declaration/?id=3_2_2_127565,"ՊԱՇՏՈՆԱՏԱՐ ԱՆՁԻ ԸՆՏԱՆԻՔԻ ԱՆԴԱՄԻ` ՊԱՇՏՈՆԱՏԱՐ ԱՆՁԻ ՊԱՇՏՈՆԵԱԿԱՆ ՊԱՐՏԱԿԱՆՈՒԹՅՈՒՆՆԵՐՆ ՍՏԱՆՁՆԵԼՈՒ ԿԱՄ ԴԱԴԱՐԵՑՆԵԼՈՒ ՕՐՎԱ ԴՐՈՒԹՅԱՄԲ ԱՌԿԱ ԳՈՒՅՔԻ, ԵԿԱՄՈՒՏՆԵՐԻ ԵՎ ԾԱԽՍԵՐԻ ՀԱՅՏԱՐԱՐԱԳԻՐ",Կոռուպցիայի կանխարգելման հանձնաժողով,Կոռուպցիայի կանխարգելման հանձնաժողովի գլխավոր քարտուղար,34
267,267,267,ՆԱՐԻՆԵ ՄԿՐՏՉՅԱՆ ՆՎԵՐԻ,2_1_2_127371,https://registry.cpcarmenia.am/declaration/?id=2_1_2_127371,"ՊԱՇՏՈՆԱՏԱՐ ԱՆՁԻ ՊԱՇՏՈՆԵԱԿԱՆ ՊԱՐՏԱԿԱՆՈՒԹՅՈՒՆՆԵՐՆ ՍՏԱՆՁՆԵԼՈՒ ԿԱՄ ԴԱԴԱՐԵՑՆԵԼՈՒ ՕՐՎԱ ԴՐՈՒԹՅԱՄԲ ԱՌԿԱ ԳՈՒՅՔԻ, ԵԿԱՄՈՒՏՆԵՐԻ ԵՎ ԾԱԽՍԵՐԻ ՀԱՅՏԱՐԱՐԱԳԻՐ",Կոռուպցիայի կանխարգելման հանձնաժողով,Կոռուպցիայի կանխարգելման հանձնաժողովի գլխավոր քարտուղար,27
268,268,268,ԱՐԵՎԻԿ ԹՈՐՈՍՅԱՆ ՇԻՐԱԿԻ,2_1_2_127331,https://registry.cpcarmenia.am/declaration/?id=2_1_2_127331,"ՊԱՇՏՈՆԱՏԱՐ ԱՆՁԻ ՊԱՇՏՈՆԵԱԿԱՆ ՊԱՐՏԱԿԱՆՈՒԹՅՈՒՆՆԵՐՆ ՍՏԱՆՁՆԵԼՈՒ ԿԱՄ ԴԱԴԱՐԵՑՆԵԼՈՒ ՕՐՎԱ ԴՐՈՒԹՅԱՄԲ ԱՌԿԱ ԳՈՒՅՔԻ, ԵԿԱՄՈՒՏՆԵՐԻ ԵՎ ԾԱԽՍԵՐԻ ՀԱՅՏԱՐԱՐԱԳԻՐ",Կոռուպցիայի կանխարգելման հանձնաժողով,Կոռուպցիայի կանխարգելման հանձնաժողովի անդամի օգնական,27
269,269,269,ՄՈՆԻԿԱ ՀԱԿՈԲՅԱՆ ԱՐԹՈՒՐԻ,3_2_2_126171,https://registry.cpcarmenia.am/declaration/?id=3_2_2_126171,"ՊԱՇՏՈՆԱՏԱՐ ԱՆՁԻ ԸՆՏԱՆԻՔԻ ԱՆԴԱՄԻ` ՊԱՇՏՈՆԱՏԱՐ ԱՆՁԻ ՊԱՇՏՈՆԵԱԿԱՆ ՊԱՐՏԱԿԱՆՈՒԹՅՈՒՆՆԵՐՆ ՍՏԱՆՁՆԵԼՈՒ ԿԱՄ ԴԱԴԱՐԵՑՆԵԼՈՒ ՕՐՎԱ ԴՐՈՒԹՅԱՄԲ ԱՌԿԱ ԳՈՒՅՔԻ, ԵԿԱՄՈՒՏՆԵՐԻ ԵՎ ԾԱԽՍԵՐԻ ՀԱՅՏԱՐԱՐԱԳԻՐ",Կոռուպցիայի կանխարգելման հանձնաժողով,Կոռուպցիայի կանխարգելման հանձնաժողովի անդամի օգնական,34
270,270,270,ԱՐԹՈՒՐ ՀԱԿՈԲՅԱՆ ՍՈՒՐԵՆԻ,3_2_2_126170,https://registry.cpcarmenia.am/declaration/?id=3_2_2_126170,"ՊԱՇՏՈՆԱՏԱՐ ԱՆՁԻ ԸՆՏԱՆԻՔԻ ԱՆԴԱՄԻ` ՊԱՇՏՈՆԱՏԱՐ ԱՆՁԻ ՊԱՇՏՈՆԵԱԿԱՆ ՊԱՐՏԱԿԱՆՈՒԹՅՈՒՆՆԵՐՆ ՍՏԱՆՁՆԵԼՈՒ ԿԱՄ ԴԱԴԱՐԵՑՆԵԼՈՒ ՕՐՎԱ ԴՐՈՒԹՅԱՄԲ ԱՌԿԱ ԳՈՒՅՔԻ, ԵԿԱՄՈՒՏՆԵՐԻ ԵՎ ԾԱԽՍԵՐԻ ՀԱՅՏԱՐԱՐԱԳԻՐ",Կոռուպցիայի կանխարգելման հանձնաժողով,Կոռուպցիայի կանխարգելման հանձնաժողովի անդամի օգնական,34
271,271,271,ՍՈՖՅԱ ՀԱԿՈԲՅԱՆ ՄԵՐՈՒԺԱՆԻ,3_2_2_126169,https://registry.cpcarmenia.am/declaration/?id=3_2_2_126169,"ՊԱՇՏՈՆԱՏԱՐ ԱՆՁԻ ԸՆՏԱՆԻՔԻ ԱՆԴԱՄԻ` ՊԱՇՏՈՆԱՏԱՐ ԱՆՁԻ ՊԱՇՏՈՆԵԱԿԱՆ ՊԱՐՏԱԿԱՆՈՒԹՅՈՒՆՆԵՐՆ ՍՏԱՆՁՆԵԼՈՒ ԿԱՄ ԴԱԴԱՐԵՑՆԵԼՈՒ ՕՐՎԱ ԴՐՈՒԹՅԱՄԲ ԱՌԿԱ ԳՈՒՅՔԻ, ԵԿԱՄՈՒՏՆԵՐԻ ԵՎ ԾԱԽՍԵՐԻ ՀԱՅՏԱՐԱՐԱԳԻՐ",Կոռուպցիայի կանխարգելման հանձնաժողով,Կոռուպցիայի կանխարգելման հանձնաժողովի անդամի օգնական,34
272,272,272,ԱՆԺԵԼԻԿԱ ՀԱԿՈԲՅԱՆ ԱՐԹՈՒՐԻ,3_1_2_126168,https://registry.cpcarmenia.am/declaration/?id=3_1_2_126168,"ՊԱՇՏՈՆԱՏԱՐ ԱՆՁԻ ՊԱՇՏՈՆԵԱԿԱՆ ՊԱՐՏԱԿԱՆՈՒԹՅՈՒՆՆԵՐՆ ՍՏԱՆՁՆԵԼՈՒ ԿԱՄ ԴԱԴԱՐԵՑՆԵԼՈՒ ՕՐՎԱ ԴՐՈՒԹՅԱՄԲ ԱՌԿԱ ԳՈՒՅՔԻ, ԵԿԱՄՈՒՏՆԵՐԻ ԵՎ ԾԱԽՍԵՐԻ ՀԱՅՏԱՐԱՐԱԳԻՐ",Կոռուպցիայի կանխարգելման հանձնաժողով,Կոռուպցիայի կանխարգելման հանձնաժողովի անդամի օգնական,36
273,273,273,ԱՐԵԳՆԱԶ ՉԱՆԴՈՅԱՆ ԱՇՈՏԻԿԻ,3_1_2_128376,https://registry.cpcarmenia.am/declaration/?id=3_1_2_128376,"ՊԱՇՏՈՆԱՏԱՐ ԱՆՁԻ ՊԱՇՏՈՆԵԱԿԱՆ ՊԱՐՏԱԿԱՆՈՒԹՅՈՒՆՆԵՐՆ ՍՏԱՆՁՆԵԼՈՒ ԿԱՄ ԴԱԴԱՐԵՑՆԵԼՈՒ ՕՐՎԱ ԴՐՈՒԹՅԱՄԲ ԱՌԿԱ ԳՈՒՅՔԻ, ԵԿԱՄՈՒՏՆԵՐԻ ԵՎ ԾԱԽՍԵՐԻ ՀԱՅՏԱՐԱՐԱԳԻՐ",Կոռուպցիայի կանխարգելման հանձնաժողով,Կոռուպցիայի կանխարգելման հանձնաժողովի նախագահի օգնական ,36
